player_id,match_id,session_duration,kills,deaths,assists,shots_fired,shots_hit,accuracy,headshots,avg_reaction_time_ms,avg_speed,max_speed,resources_collected,damage_done,suspicious_file_change,label
1383,5090,2123,0,3,7,260,65,0.25,9,237.64602815961402,4.370332540689463,5.929332969722685,193,1977,0,0
1881,2898,1395,24,6,0,205,19,0.09268292682926829,6,225.3140753939318,4.919757154155558,6.96791122916504,173,1948,0,0
4901,1700,1288,27,0,4,175,141,0.8057142857142857,133,67.7797469359213,9.222833584834426,16.125815527329728,848,11257,0,1
1524,9152,3467,8,6,10,76,37,0.4868421052631579,15,265.9963930922387,5.38963524070814,8.785474288478493,234,222,0,0
4654,9032,2806,26,2,0,233,222,0.9527896995708155,159,47.14182982736306,11.966591171000726,15.358908127968087,686,11551,1,1
960,5130,974,22,18,3,211,95,0.45023696682464454,19,214.5526847969117,7.416318820427339,11.27582035074084,423,1811,0,0
431,8966,327,7,15,12,70,35,0.5,12,157.0032569086697,4.894654596622718,8.630533349221619,141,3572,0,0
376,3971,415,23,15,14,275,118,0.4290909090909091,9,207.97645321570346,5.275254379485015,6.325031821382809,383,3526,0,0
297,4676,450,18,16,10,172,82,0.47674418604651164,8,290.3765499909405,4.526757686627466,5.800932145622795,418,2904,0,0
716,8400,2151,20,4,10,200,77,0.385,8,347.9605180055902,5.042236214568694,7.533958758210625,78,1882,0,0
3987,9243,1304,2,17,8,60,33,0.55,11,274.28163965527057,4.408638644588571,6.025428639579214,259,3098,0,0
1334,3301,3492,22,8,0,80,42,0.525,13,331.2665154537598,4.138324969536369,8.027252796629826,465,699,0,0
1173,1130,2194,13,3,12,63,53,0.8412698412698413,15,270.38448684185886,6.080999539961692,8.741199620461936,483,137,0,0
1859,9102,1904,10,2,12,187,40,0.21390374331550802,1,293.1178082235008,5.115243996789289,6.245649194760434,424,2302,0,0
4175,4516,1589,56,1,6,169,164,0.9704142011834319,82,89.21713762162415,9.111891994741796,13.831402058024498,1374,11411,1,1
4182,7599,3056,40,2,5,56,49,0.875,26,114.69844888557101,7.405268659716462,12.335327245439956,761,9514,1,1
1250,8735,3473,21,11,9,108,14,0.12962962962962962,7,200.06746548260963,4.513625407947657,7.533887808688268,426,3068,0,0
3161,1038,2665,14,11,10,246,96,0.3902439024390244,3,339.3018159549636,5.532597046636332,9.013195165302985,237,3357,0,0
1778,4748,2734,24,13,8,191,84,0.4397905759162304,6,316.75523086343117,6.4386110786254935,9.346616490592375,421,524,0,0
4856,8354,781,45,2,0,112,105,0.9375,77,68.7462762178219,8.794696086166804,14.136423328190688,1010,6553,1,1
2229,3648,2419,5,12,12,144,53,0.3680555555555556,4,124.13848116848322,5.8108127360499555,9.600340216951075,489,4661,0,0
4888,2590,2895,47,0,4,211,168,0.7962085308056872,117,75.68779924628672,10.024451386602971,15.452000170512736,811,8101,1,1
165,4850,2095,23,14,8,227,40,0.1762114537444934,18,214.54368075490436,6.354460626794694,7.887759790348438,449,708,0,0
2980,3427,1772,16,17,10,117,71,0.6068376068376068,9,229.2733029649223,7.201894437415289,10.463505797185444,406,2854,0,0
4531,1789,1386,38,1,8,67,57,0.8507462686567164,53,67.98662750281142,9.371110614704808,16.565834733961395,630,4297,1,1
1088,8399,331,17,12,14,166,52,0.3132530120481928,8,224.6289000275622,6.387096702785758,8.61758801047767,51,2481,0,0
4544,6638,473,49,0,6,93,84,0.9032258064516129,61,56.587075154925955,10.248022938368061,17.610455514660025,1254,11332,1,1
2720,6506,1133,7,10,12,57,35,0.6140350877192983,4,284.7836163643556,4.639403250823897,5.985178185900014,292,2646,0,0
809,3815,3027,8,2,4,156,89,0.5705128205128205,19,208.77573471732444,4.753072306627805,5.7876503487867605,172,4679,0,0
833,6775,1839,1,2,2,59,54,0.9152542372881356,5,245.37250739552292,5.52998959547752,6.720816584007022,75,274,0,0
1662,4328,1989,14,16,11,190,55,0.2894736842105263,6,209.19695069144964,6.28479065430342,7.290811791820342,80,1441,0,0
4516,5501,3052,53,0,2,166,161,0.9698795180722891,131,52.723279232147675,8.304590894804727,12.171643536488794,580,8965,1,1
2333,8688,420,19,18,5,136,103,0.7573529411764706,14,215.93940491644676,4.847762666927515,7.524165169989504,388,1361,0,0
1446,9885,524,10,3,0,112,39,0.3482142857142857,14,321.22252474536367,5.27043982699628,8.577509543344224,312,4267,0,0
3883,5683,3517,15,1,9,73,10,0.136986301369863,5,247.1077306059628,5.729510783362991,9.387833837882376,307,3538,0,0
3207,2131,969,15,1,0,250,54,0.216,8,223.55785668626473,5.913809513907661,7.13733021611586,235,4967,0,0
998,6012,1989,5,8,14,141,106,0.75177304964539,14,262.61844183936773,4.482950547048666,7.38194887858945,243,1280,0,0
371,5887,957,8,6,12,64,52,0.8125,1,261.2632058623775,6.1927227551168595,9.082184718420983,335,1581,0,0
15,5931,3099,23,16,14,232,84,0.3620689655172414,5,320.13971554680495,4.0981489372077196,6.998738069490404,444,3682,0,0
1078,1085,1584,11,15,3,104,82,0.7884615384615384,4,191.02362069283524,5.964338654637626,8.671469604624624,294,1326,0,0
2471,2260,3174,7,14,5,187,114,0.6096256684491979,6,299.6287731848247,7.131477335124799,8.864839252412583,307,3360,0,0
2772,2025,2375,15,10,12,110,24,0.21818181818181817,1,434.373340074915,5.68216095444462,6.791105172451825,477,4209,0,0
4386,3750,3469,45,4,1,54,44,0.8148148148148148,30,82.77454621629005,12.087758633174365,18.235284787511493,1130,11414,1,1
3902,7224,922,12,6,8,231,47,0.20346320346320346,18,327.4982113502117,6.437872257373029,8.403746625414175,375,1074,0,0
1347,8073,2334,17,8,2,240,77,0.32083333333333336,9,166.6167366904569,6.490566827442789,7.518183829614719,144,1965,0,0
695,5890,573,24,16,3,252,78,0.30952380952380953,6,222.82634463732285,5.123433378508989,7.030263479998334,391,1169,0,0
1916,9079,1423,0,16,10,269,34,0.12639405204460966,8,149.37515741473243,6.276470912131324,9.78810064299913,336,3004,0,0
4098,6816,2696,39,2,7,196,165,0.8418367346938775,136,37.690449794581596,9.621445634790314,14.68023804361863,1024,11237,1,1
2311,1858,2698,16,3,11,223,18,0.08071748878923767,14,304.7121646921433,6.6987135194650484,7.709106746757643,85,856,0,0
933,9938,3191,14,0,6,50,49,0.98,19,294.65941736036257,6.141894122858639,8.180215845205824,135,145,0,0
630,4602,914,7,12,4,248,111,0.4475806451612903,1,229.0003011436652,5.207915524531348,7.186233694447728,75,4188,0,0
3992,3017,3517,5,4,8,227,103,0.45374449339207046,12,282.87283133445817,3.496315888303183,4.6536475127450165,466,3533,0,0
1850,4695,1351,19,10,5,202,69,0.3415841584158416,19,246.6546253163781,5.925121672421024,7.618646285985151,280,903,0,0
155,2804,641,1,4,11,98,69,0.7040816326530612,7,266.54401161072286,6.333528961608924,8.93240232126293,430,4253,0,0
2884,3237,2540,4,18,12,68,23,0.3382352941176471,17,229.21479008864273,5.295605386185084,7.024700823157731,217,2927,0,0
1668,8170,3370,16,19,10,280,112,0.4,15,308.16410663971044,5.475264579197599,8.044841340023677,347,906,0,0
492,1193,1602,3,0,14,235,99,0.42127659574468085,12,196.78892448322463,6.495211222477399,9.38752248299526,278,1053,0,0
4755,1815,2539,32,1,5,144,122,0.8472222222222222,68,98.3692038341505,8.9342459418688,15.276112971795754,873,7623,1,1
2623,2212,1763,13,18,0,258,51,0.19767441860465115,10,290.69535587198345,5.822761056876458,8.49167264128395,191,3319,0,0
1194,5960,2951,14,6,1,70,25,0.35714285714285715,9,238.2568366179501,5.100691900861916,7.7551627869159265,361,660,0,0
1181,2549,3566,8,3,12,129,34,0.26356589147286824,5,260.14999514528995,4.773548809624642,5.800878641271247,496,924,0,0
4883,6988,3342,26,1,9,191,170,0.8900523560209425,145,79.39939163974923,10.666687783707696,16.433359622185748,1094,9803,1,1
4707,7028,1510,56,1,5,204,182,0.8921568627450981,98,68.4057150296509,7.970220402635906,12.700856738293202,1372,7499,1,1
3564,7003,1094,11,10,9,66,31,0.4696969696969697,7,243.9993331685743,6.350093702662036,8.083959937296889,161,718,0,0
4590,5607,1748,36,3,7,138,112,0.8115942028985508,80,76.95990105149471,9.948976587218546,14.378060792542712,543,6549,1,1
1759,7691,2145,5,9,3,183,95,0.5191256830601093,8,325.61828986856347,4.341430842453669,6.331220904981094,323,4719,0,0
3838,5837,2916,7,12,14,183,90,0.4918032786885246,3,281.28456855544056,5.74107999919922,7.484738941151408,301,4803,0,0
4486,6773,857,33,4,0,155,126,0.8129032258064516,101,101.2071458675116,8.613961366317255,12.385885317455177,686,5613,1,1
18,1262,3362,15,19,11,193,99,0.5129533678756477,16,233.77545210855533,5.294133282904495,8.985780556764475,86,4190,0,0
2149,1637,442,12,17,7,93,29,0.3118279569892473,14,158.8732828156699,4.412066541370925,5.961436920724479,319,3192,0,0
2621,2627,3195,8,18,0,205,25,0.12195121951219512,17,175.1277549900965,5.455684595574177,9.176116822650757,476,437,0,0
2581,8963,2420,21,5,5,131,16,0.12213740458015267,13,169.79305288961845,5.126395362090432,6.506006012346888,349,2060,0,0
4682,8467,902,42,4,4,208,181,0.8701923076923077,91,58.40382899236569,8.315712289044358,13.622059629542385,1339,7465,1,1
1740,2311,2463,11,0,2,188,78,0.4148936170212766,10,285.7804533986545,5.106763590837154,6.16174209647275,251,2245,0,0
1453,2925,2705,18,13,2,104,30,0.28846153846153844,3,304.66226768450315,5.35399354309917,6.8064818560822555,491,100,0,0
4241,2410,3148,40,3,4,208,194,0.9326923076923077,143,45.98989838923687,8.333527141657392,11.894637550199498,547,9505,1,1
4446,4106,880,54,1,7,151,135,0.8940397350993378,71,55.1061257384865,9.200897974252083,14.926388119555519,1198,11178,0,1
4765,8719,1311,26,1,0,246,232,0.943089430894309,190,104.81751635889904,7.915516874193148,12.219510050504898,879,5611,0,1
3768,6389,759,7,16,13,56,14,0.25,8,232.00080374582774,5.21917791236177,6.290834767649521,153,1407,0,0
1199,2649,1001,20,9,8,70,29,0.4142857142857143,14,197.42330455883473,4.052291351432331,6.179057973462102,281,341,0,0
1617,2041,2336,22,10,12,99,11,0.1111111111111111,10,238.72201276527883,6.715884188133597,7.725257237075711,62,1438,0,0
238,1475,3370,23,19,8,54,26,0.48148148148148145,13,250.93901521582245,6.153711880256194,7.434729142373924,357,4777,0,0
2436,3944,2690,8,5,8,50,44,0.88,3,305.7565125916408,6.9094494831021676,9.051957123650595,155,403,0,0
4846,8564,1344,33,4,5,207,193,0.9323671497584541,104,59.26591641026702,10.718872725476459,18.005983268090006,694,6042,1,1
3121,9587,2052,14,2,8,229,35,0.15283842794759825,6,251.7800983952517,5.4478024945371395,6.915703848590569,326,320,0,0
1603,2532,3573,0,5,5,234,94,0.4017094017094017,2,180.95335698106453,5.0885855578963515,7.981316850481585,88,944,0,0
2905,8967,3371,2,15,1,122,90,0.7377049180327869,10,305.52620498729164,5.016578895441905,6.2247688817979085,148,3993,0,0
2106,8574,1985,3,5,2,137,110,0.8029197080291971,16,271.2459801196842,7.17665080276136,9.948709241908116,373,2938,0,0
4770,3495,2664,37,4,9,230,220,0.9565217391304348,174,42.86932684243945,11.303301231420562,17.605311225470118,856,10566,1,1
824,5431,967,1,13,2,90,13,0.14444444444444443,1,260.2258001405613,5.004703929118931,6.523164083488288,442,2359,0,0
1243,2120,1651,11,10,14,210,99,0.4714285714285714,0,261.7161646589957,6.265996349810396,8.174184481379518,385,3687,0,0
857,6718,947,11,1,12,70,64,0.9142857142857143,3,279.64061174171434,6.918918071912684,9.799269523068219,79,1408,0,0
2829,8710,2388,18,18,14,100,50,0.5,8,264.24910461498735,5.5898885574927535,9.119706027686991,305,1578,0,0
793,9676,2620,2,19,6,180,72,0.4,17,217.45929963789663,4.738569832901204,8.72683601469474,353,3595,0,0
1091,7385,3150,4,8,8,80,70,0.875,1,221.41115456953062,3.64492133651326,4.9888411672703805,127,401,0,0
2505,9637,1952,23,7,5,242,12,0.049586776859504134,6,237.804612877055,4.72290684653083,6.993639003275992,166,1124,0,0
2801,5117,375,4,11,1,82,81,0.9878048780487805,4,212.22583032315418,5.443338457586761,7.071926662454308,75,960,0,0
1122,1135,2227,22,10,5,283,89,0.31448763250883394,0,301.96566143878886,6.2536361695107425,9.761589516791167,434,4227,0,0
1999,7766,1650,8,18,6,163,58,0.3558282208588957,8,176.00723284903881,5.698643551387401,7.628643585022036,404,4264,0,0
2075,6850,1992,2,12,8,244,58,0.23770491803278687,17,239.26040524570126,5.942481440768472,9.601874485320058,399,4468,0,0
1134,7506,1648,18,7,6,286,52,0.18181818181818182,15,313.11226664110563,6.490412558749587,10.16950243300749,386,2510,0,0
4059,6003,3026,47,0,2,129,113,0.875968992248062,66,82.89428838624133,9.169350746623456,16.520401679917413,817,8970,1,1
2974,5594,2658,7,6,2,84,48,0.5714285714285714,18,195.5048585551567,4.613067991435049,7.415692667720832,388,2152,0,0
3807,1888,1004,8,1,4,171,98,0.5730994152046783,18,211.76416120349748,6.682794584232211,8.678358190405092,443,4574,0,0
331,5383,1217,17,17,7,188,70,0.3723404255319149,10,250.06898255039926,4.223227047868914,7.295878977521382,394,2605,0,0
2138,3764,1009,4,11,7,155,105,0.6774193548387096,11,256.83526613786313,5.446037339935266,8.883223065173407,435,209,0,0
551,4259,918,15,3,8,105,44,0.41904761904761906,15,317.9291434808914,5.145821244464299,6.56997190711332,71,3899,0,0
4258,1900,3432,44,4,0,134,113,0.8432835820895522,64,82.59452982996386,9.481181082625541,16.80052239998222,503,8244,0,1
3585,5867,1301,9,18,12,153,58,0.3790849673202614,0,204.42829307060586,6.3230113569242725,8.421832994176842,409,4579,0,0
4884,8546,2644,46,0,0,244,233,0.9549180327868853,194,104.50253784042994,9.462045178208593,15.006327624870378,568,6241,0,1
4606,5722,1044,25,2,1,173,159,0.9190751445086706,148,59.12715097364064,8.872700743931661,13.577183419346202,1289,11500,1,1
294,3555,2113,3,0,2,51,38,0.7450980392156863,9,185.1988189874304,6.007081258759548,9.82425254666111,454,1371,0,0
2233,5661,1533,1,11,7,179,99,0.553072625698324,1,296.290232079803,5.418087704274392,7.091029432191747,181,1326,0,0
2475,4286,2892,20,11,12,175,54,0.30857142857142855,0,237.2553745556368,4.962174410460892,8.804051727602692,355,4492,0,0
2856,5660,2486,20,10,6,190,99,0.5210526315789473,0,204.38890827019375,7.440009409240935,10.836270277691117,285,4316,0,0
1147,4708,960,6,18,2,221,115,0.5203619909502263,18,244.01705487634248,7.014280735720484,9.303929010095029,207,3136,0,0
2994,2962,463,9,8,9,167,51,0.30538922155688625,1,250.02529508599807,4.953700687443318,7.1380468862539725,57,2103,0,0
2900,2685,2546,0,4,1,79,63,0.7974683544303798,13,203.3990868262487,5.219942678815534,8.260536381385126,236,1450,0,0
1452,6906,1750,2,16,9,51,20,0.39215686274509803,2,281.1617948319409,7.137121790001705,8.567051898828538,306,3818,0,0
4132,8829,1891,28,2,2,124,101,0.8145161290322581,86,72.88216199513592,9.760152016648407,14.623538821121961,1472,10019,1,1
3942,1724,3192,23,5,13,74,44,0.5945945945945946,11,213.00160800505446,4.687415447300854,7.199665815659312,101,2391,0,0
3609,1026,1691,22,7,8,281,88,0.31316725978647686,10,237.16012681673848,3.2583592908318715,7.0490784090875485,227,4195,0,0
1658,3400,676,6,5,5,220,64,0.2909090909090909,12,302.4174112615043,6.0615484635362336,8.94019343611187,196,1109,0,0
88,3768,2351,13,8,7,163,90,0.5521472392638037,1,182.59072889471435,6.243264094022715,7.661332316241188,284,2641,0,0
2165,4006,654,4,15,11,162,56,0.345679012345679,18,118.66576220006942,5.337043689194159,9.008032265221265,331,237,0,0
3920,7072,411,9,17,4,241,108,0.44813278008298757,17,331.23921722711293,4.6880218378837695,5.777004068576613,300,3132,0,0
1349,4572,1730,3,4,1,176,76,0.4318181818181818,9,274.80275122258934,5.2425932196816465,7.751043767052223,244,2709,0,0
872,9031,1005,13,2,6,151,32,0.2119205298013245,14,270.549510143875,6.02728653969195,8.205491882364633,65,4682,0,0
914,4524,311,5,1,10,226,48,0.21238938053097345,6,363.97083684256813,4.804510710902592,6.08965008688765,103,4049,0,0
4563,2855,2797,35,3,6,72,63,0.875,43,117.74426860329663,8.347410578340853,15.602545742564889,1490,7927,0,1
773,5511,1813,8,19,2,197,83,0.4213197969543147,13,280.74560770786775,6.028707921363731,7.2071484106889,413,2390,0,0
1058,5927,976,7,3,14,125,70,0.56,4,203.84129022640025,6.036646578470928,8.825802833680616,312,3954,0,0
1971,2600,655,20,17,6,173,73,0.42196531791907516,3,247.52174263159355,4.7819299035147225,6.581017291566778,93,399,0,0
3213,9635,3087,10,9,0,246,109,0.44308943089430897,3,308.7340566264016,4.7128534044700965,6.827941404258523,370,199,0,0
1025,6973,2596,8,11,2,131,31,0.2366412213740458,17,247.92616708557074,5.68650781224007,7.773394110008775,123,4946,0,0
1491,7917,1114,8,7,8,216,27,0.125,9,261.5357161263078,5.977270438300424,9.28305962177125,153,1052,0,0
2272,3422,1776,19,16,13,85,17,0.2,5,149.42543372690898,6.429189561547711,7.562356565168464,266,356,0,0
4963,7923,480,40,4,7,249,235,0.9437751004016064,183,54.239907500137335,7.8691366825191205,15.161703221393298,1227,5069,1,1
1012,7004,535,23,16,14,257,72,0.2801556420233463,12,350.00538459426673,4.717242991120623,7.199620214544435,489,2156,0,0
3677,6934,3042,24,17,0,178,108,0.6067415730337079,7,243.45190085216376,4.555330993384239,6.344109794097379,215,2149,0,0
2094,2903,2282,15,8,0,157,69,0.4394904458598726,2,202.0363238695152,6.20582901832476,9.341782956262408,333,2372,0,0
3042,9911,2806,4,13,10,228,51,0.2236842105263158,14,190.92734397212013,4.997514909065064,7.559258117691615,164,169,0,0
2638,3713,474,19,4,0,221,29,0.13122171945701358,10,271.5604778417486,5.633593243565257,8.031109160322995,328,3423,0,0
891,6229,659,13,7,11,86,30,0.3488372093023256,14,301.4305155651689,4.756140610877084,6.737804160361446,261,3710,0,0
4855,8111,691,39,4,8,95,91,0.9578947368421052,78,120.77333736179742,11.49642795118901,17.88034449746129,766,8811,0,1
854,1839,1014,22,17,2,52,37,0.7115384615384616,12,236.68382838285763,5.31712449882239,9.06754423304672,299,4766,0,0
180,5183,3499,21,10,4,93,86,0.9247311827956989,0,155.0411806042266,5.578429399018643,8.27349537759569,462,1404,0,0
4395,7988,1043,44,0,2,68,56,0.8235294117647058,46,86.8509654728074,6.58096594494266,11.505754165935482,1228,4344,0,1
1405,4943,2827,0,13,11,138,15,0.10869565217391304,3,198.90091713261785,6.78634071463941,9.085871861567071,176,491,0,0
1873,6431,761,1,9,4,237,36,0.1518987341772152,3,230.62282427421647,5.908910655852797,9.206549030902366,483,1586,0,0
2464,7813,1299,19,1,11,190,24,0.12631578947368421,19,105.29074712142082,6.692769001647097,8.995619556307553,162,1742,0,0
1966,1107,1770,12,3,8,68,54,0.7941176470588235,13,333.6871876991712,6.9663118029178595,8.62172309597625,232,2806,0,0
2944,4583,3225,6,19,11,178,77,0.43258426966292135,4,279.5258460169548,5.58811234740321,8.215651044519655,464,3430,0,0
1400,8679,2414,21,4,11,165,94,0.5696969696969697,10,222.1363206818065,3.2401078260940244,5.520480736617583,165,1056,0,0
393,3172,1743,20,9,13,152,33,0.21710526315789475,13,268.81608885155913,5.81121589795149,7.2632783589539915,85,1808,0,0
1079,1689,902,17,19,11,73,56,0.7671232876712328,12,277.7236421927334,6.177701094066044,10.141627056998153,118,4226,0,0
1335,8921,3263,18,6,4,81,16,0.19753086419753085,9,219.4917164756122,6.092834170633075,8.327397828935737,360,4702,0,0
2262,8241,3513,6,3,0,99,19,0.1919191919191919,10,236.77154836978406,2.870129164740901,4.372247719361309,499,4987,0,0
1501,6136,2567,22,6,11,117,38,0.3247863247863248,12,174.6538850430993,5.646214796377559,9.04035454488802,223,4761,0,0
3547,1250,3200,5,15,4,113,61,0.5398230088495575,5,151.39441273801413,5.6164787750309175,9.277769023788604,273,4914,0,0
2425,6371,1078,12,18,3,261,70,0.2681992337164751,2,300.31203736558183,6.318908306347284,9.009114834266367,251,1348,0,0
1532,5069,2677,17,6,4,157,69,0.4394904458598726,9,244.0791606521262,6.562782335208213,8.052448593042008,103,235,0,0
2741,3819,1114,8,7,9,180,28,0.15555555555555556,6,301.63390394785245,6.220131853218216,7.3174151719892855,117,4261,0,0
2093,5109,1397,15,7,1,56,24,0.42857142857142855,18,227.5357326032096,4.531916410846172,6.013603544270701,263,2190,0,0
3301,8083,1046,9,14,6,263,85,0.3231939163498099,3,278.83440108907797,6.050046634317066,8.219341259904851,231,4638,0,0
1161,4999,2485,15,2,8,92,90,0.9782608695652174,9,225.07009821629129,4.737059316667885,6.7265067432369685,408,801,0,0
700,1037,2924,12,0,4,74,35,0.47297297297297297,8,404.4944803843192,5.7802055410501945,7.6307271118630124,480,4251,0,0
256,1539,857,21,0,3,281,63,0.22419928825622776,10,222.79429989429036,5.337207093927706,6.671743730891535,187,2200,0,0
3661,9305,1727,11,4,3,53,38,0.7169811320754716,18,244.83486081802954,6.0112357322611425,9.166836353138487,158,2676,0,0
432,8080,1491,17,8,5,243,34,0.13991769547325103,10,299.69648785608257,4.591793817711429,5.66363261352288,191,2981,0,0
2517,3701,3020,16,17,2,178,77,0.43258426966292135,3,289.48531638118766,5.069057677463481,6.487308638660266,74,1810,0,0
4124,6974,2416,39,0,0,208,169,0.8125,149,43.31115134851799,6.803716167312006,9.984166261945699,796,11668,1,1
672,9853,2593,7,13,8,69,42,0.6086956521739131,1,302.6484847340714,5.423486397390926,6.544330317592867,57,371,0,0
2797,2216,2242,23,15,3,287,29,0.10104529616724739,5,233.7189358425002,4.894322787242822,8.022837163198796,274,3050,0,0
2895,1992,1438,22,13,10,239,25,0.10460251046025104,13,262.8628023514668,5.691007634295468,8.91875130441036,50,3493,0,0
711,3666,2582,16,5,10,257,28,0.10894941634241245,16,296.51844455793,4.033313587414107,5.484947351600781,103,1064,0,0
4528,7583,1380,57,4,8,249,226,0.9076305220883534,197,60.93631322873523,7.785951670544593,13.795214332707495,717,8713,1,1
3098,6391,401,10,10,6,285,44,0.1543859649122807,15,304.5986974736075,5.158948418886663,7.786088524836864,109,365,0,0
1077,5988,1893,18,8,3,250,87,0.348,6,338.1809603875395,6.363087786005247,10.333663153760263,416,3091,0,0
3798,2102,376,14,10,5,93,12,0.12903225806451613,6,130.33943679377876,5.115297491524894,8.35339743481426,300,2874,0,0
3259,2643,2293,1,9,3,173,119,0.6878612716763006,5,250.2816594191074,8.643261448148397,10.591291504583543,415,4487,0,0
692,3586,1843,21,0,12,138,27,0.1956521739130435,15,258.98111363159614,6.845147620452415,8.238387205566523,356,370,0,0
1661,4953,869,16,12,11,254,27,0.1062992125984252,11,252.76040044961667,4.57015205160735,7.113658546178626,326,3139,0,0
3607,7635,1803,6,11,13,73,61,0.8356164383561644,12,261.79174604026764,7.055546307156114,10.838243832675078,461,4708,0,0
4190,2557,860,37,0,2,146,136,0.9315068493150684,115,55.892833695939714,9.964115481073907,17.290348595778788,1165,10674,1,1
4118,1558,3097,35,4,4,184,174,0.9456521739130435,153,53.63712814141113,7.510456817349234,12.461836354191902,1067,5913,1,1
489,3007,324,17,19,11,82,68,0.8292682926829268,15,233.90037363532025,4.9922768866968585,8.476206277203612,475,3965,0,0
4267,6927,2783,51,1,2,179,143,0.7988826815642458,119,144.45249397252735,9.004885863204496,16.592628901387428,1034,11698,1,1
3288,2540,2315,23,0,1,54,34,0.6296296296296297,14,219.95146762867466,4.96584814261643,7.094972763564005,375,2115,0,0
1683,3823,459,9,2,10,182,20,0.10989010989010989,8,234.00995811259548,4.482063370936122,6.822990079144339,425,3360,0,0
3884,7139,3254,6,18,2,171,66,0.38596491228070173,15,245.36224498562763,5.368366217254936,7.005325756949434,380,3733,0,0
4358,6826,2090,51,3,9,220,215,0.9772727272727273,211,79.85841739996692,9.51990762858704,17.255558429645532,728,4344,0,1
1554,5987,3159,23,10,9,91,56,0.6153846153846154,18,163.10969832499296,5.000984164882415,6.457796221899308,436,202,0,0
4178,3393,3274,41,2,8,114,99,0.868421052631579,80,55.380915798776954,6.755683449862022,13.410786043166091,1105,9910,1,1
2054,6391,3192,3,10,4,283,77,0.27208480565371024,7,188.85812673219667,5.553359864525675,9.52636178480579,490,2476,0,0
3672,7503,1863,17,18,5,294,56,0.19047619047619047,8,247.01625875582207,6.36074242523694,9.754846857630465,127,2996,0,0
362,5939,1196,12,7,14,216,99,0.4583333333333333,8,221.27265119330602,5.08013653891368,6.427240493454587,394,1711,0,0
4781,2433,1983,33,3,7,114,92,0.8070175438596491,70,112.03854851170509,10.535220758119923,15.026858698724995,1333,9529,0,1
3973,6431,2359,0,10,0,131,27,0.20610687022900764,18,308.9591790016921,5.435741074750335,7.770276157631583,276,1957,0,0
401,7331,2974,19,14,4,234,95,0.405982905982906,12,231.92686166530072,5.916446038101452,7.2930954077968835,347,957,0,0
3971,7427,1797,12,12,8,151,87,0.5761589403973509,9,209.4911499975216,6.291151526104811,9.575774293993081,426,2923,0,0
163,3530,1145,24,12,4,218,15,0.06880733944954129,1,275.387883515575,5.553988418445793,7.8514820534361895,190,642,0,0
4405,8703,2533,22,0,9,150,145,0.9666666666666667,142,77.66174397541812,9.30446954866074,13.293834388888909,673,7684,0,1
1017,6267,1773,5,12,8,217,108,0.4976958525345622,8,381.8599099566271,6.989577458847579,9.165106497646136,327,2691,0,0
202,8239,1147,14,14,13,104,18,0.17307692307692307,7,112.0201300363558,6.5633748495709305,9.236835425358535,435,2922,0,0
3169,8348,2802,15,3,7,229,42,0.18340611353711792,8,183.66186509171376,2.8756228429399684,6.3766981276656844,298,2044,0,0
0,8270,3219,14,10,7,229,102,0.44541484716157204,6,204.1586578090814,5.375852819727232,7.753599495624833,422,3271,0,0
2934,7022,1040,8,19,7,243,112,0.4609053497942387,8,247.08694653102407,5.618364570294405,7.498337258080304,450,1380,0,0
2920,8745,2708,12,18,4,295,113,0.38305084745762713,14,161.8374534004032,4.58780672879388,6.2250620548675,455,1922,0,0
4754,5214,2789,50,4,6,147,146,0.9931972789115646,129,86.64770856096187,7.625308037988682,11.02899392998875,903,6600,1,1
3826,2826,1526,1,17,2,202,87,0.4306930693069307,8,212.79901367114812,4.269412213208241,8.212912162174378,343,3497,0,0
2708,7466,1673,5,18,13,128,58,0.453125,11,211.09955438167233,4.36068832793245,6.419564510310467,179,1595,0,0
3388,5496,3550,23,12,9,128,106,0.828125,11,272.65386133761973,5.836796452278442,8.205428715126258,325,3936,0,0
1229,7002,1673,23,2,4,243,24,0.09876543209876543,10,326.2296515021282,5.867464664055916,7.96868951629102,415,3725,0,0
3829,7506,3538,16,4,5,68,48,0.7058823529411765,17,243.7528000748586,4.462838686948472,7.754940901583183,159,1830,0,0
3017,6033,3554,9,8,0,59,50,0.847457627118644,15,307.1392496492994,5.157802865778741,9.086268736154587,281,1722,0,0
4427,7517,655,27,1,3,184,164,0.8913043478260869,136,55.03736242026136,8.42377136265242,11.917018133636446,1275,10099,0,1
2043,5546,3389,6,14,10,231,45,0.19480519480519481,17,194.62696098251143,5.880301802444828,6.941869337582374,228,2079,0,0
917,4007,628,12,11,11,140,62,0.44285714285714284,1,300.7968611781778,5.0966202540313175,7.351770267171132,420,4782,0,0
593,4345,1401,13,9,2,232,59,0.2543103448275862,8,255.51337592923284,6.116761093172981,8.737412893508836,230,1034,0,0
3168,8721,2835,7,2,6,109,31,0.28440366972477066,19,150.4008231295066,5.520002318799146,7.310395666999294,474,1268,0,0
4950,1361,2817,46,2,3,193,160,0.8290155440414507,133,100.86884213083624,9.42093417683667,15.228497207186674,1492,4625,1,1
22,7893,1804,5,12,2,207,47,0.22705314009661837,7,310.4690985343317,6.037960003691996,8.545871283007573,333,1059,0,0
1499,7719,564,23,9,13,56,15,0.26785714285714285,7,239.77618352877496,5.409412978611886,8.642255796494378,340,1508,0,0
146,1406,3355,14,14,8,156,89,0.5705128205128205,3,240.55516561077624,6.05307327644048,7.357335761788129,430,1063,0,0
296,3093,3498,5,15,5,155,41,0.2645161290322581,16,334.98162083221234,5.486283900633731,7.4674178330891845,293,1464,0,0
1534,9460,3496,13,0,12,142,107,0.7535211267605634,4,250.01593057325343,4.942718690385447,8.505987571368301,278,2792,0,0
117,5116,3356,4,19,5,96,89,0.9270833333333334,18,294.8944269380171,5.293432831568671,6.98329664924193,494,1955,0,0
3036,6419,3101,10,12,7,111,92,0.8288288288288288,0,209.96485829154528,6.556667221927125,7.874638867277001,169,2426,0,0
589,1766,2372,23,9,0,171,40,0.23391812865497075,13,207.71634477529435,5.485901034093328,7.073841588198614,158,4030,0,0
4918,7162,704,34,0,9,51,45,0.8823529411764706,37,62.83899738718951,10.897341731166243,14.141434381118788,1270,9362,0,1
348,4129,1212,12,13,7,121,100,0.8264462809917356,7,287.10764021882284,6.498816644778151,9.344577604625393,295,821,0,0
1075,6104,1148,22,14,13,213,57,0.2676056338028169,11,249.95275927802922,5.1895674214882686,7.239588314420308,191,2082,0,0
1290,5675,660,23,15,5,177,86,0.4858757062146893,7,311.32595981257754,7.27754488347765,9.88916155263655,51,3042,0,0
1106,3693,2961,19,2,11,225,84,0.37333333333333335,8,337.55677987072215,4.922597807770561,6.470586954341602,414,255,0,0
4815,8056,2191,53,1,8,141,123,0.8723404255319149,79,72.42783032903533,8.15181917081085,13.772245473249317,1399,7124,1,1
251,3624,2971,8,1,11,156,28,0.1794871794871795,3,263.12806645009624,5.693589911367544,7.995042170097133,226,297,0,0
4293,3453,3204,39,3,9,206,190,0.9223300970873787,145,84.75270145414426,9.321139984514552,16.11404493756092,661,11616,0,1
71,9389,719,6,18,7,183,76,0.41530054644808745,9,266.9248203747207,5.084712086099199,7.94493035388474,280,1022,0,0
4150,5257,2181,36,0,2,248,226,0.9112903225806451,181,60.36772492524896,10.952469195698704,17.367864550627235,1032,9728,0,1
61,5206,2275,14,7,7,263,43,0.1634980988593156,16,149.6215989318613,6.567456172234752,8.579796673850506,229,1861,0,0
3557,5693,2359,18,14,6,67,48,0.7164179104477612,13,238.90540617431296,6.346111556697224,9.974927552932407,313,4342,0,0
3502,6526,3166,15,19,10,231,39,0.16883116883116883,9,329.026463094006,5.514699348492057,9.399903042570191,460,867,0,0
4673,5696,2792,49,4,3,207,188,0.9082125603864735,144,78.8952221096467,7.709610341830867,11.287211611990243,937,11406,0,1
769,7554,1015,19,9,12,57,41,0.7192982456140351,2,300.4389338760007,4.22247251606836,5.633419182996944,463,760,0,0
42,9010,3142,8,9,9,195,85,0.4358974358974359,11,252.77860784719834,5.560232921489092,7.838507346629916,217,3093,0,0
2872,8851,2541,14,16,9,186,51,0.27419354838709675,7,202.00431574802235,6.3873958319228885,9.135429456073371,359,4737,0,0
3483,3659,1019,8,0,6,171,110,0.6432748538011696,14,247.62584176907737,5.669759064787222,9.277602419882747,248,3876,0,0
874,6374,417,22,5,12,146,22,0.1506849315068493,17,231.00548463759336,7.098321929154104,10.299187417017944,426,1072,0,0
337,7953,1082,18,13,10,143,38,0.26573426573426573,1,241.1612918442109,3.9513817011362535,5.757068203497181,443,4759,0,0
4981,1120,3585,39,0,1,58,54,0.9310344827586207,27,105.24096211808009,11.918791090665424,16.635701695301695,779,8222,1,1
4997,9290,2657,24,3,1,236,189,0.8008474576271186,111,109.75446104030277,8.701225539255276,16.474249007072032,969,4987,1,1
1198,1751,2435,17,12,4,146,58,0.3972602739726027,5,242.19931702883724,6.757084892105346,9.537905370252847,175,2414,0,0
3775,7861,2612,14,18,1,153,69,0.45098039215686275,14,233.8301717555721,5.770593735761058,7.16354121534074,384,445,0,0
2893,8181,3089,9,14,7,123,61,0.4959349593495935,10,286.716873413286,4.959906293746608,7.213786740948057,444,4914,0,0
1487,6710,2046,7,18,2,207,103,0.4975845410628019,14,228.45200466499233,3.0066499515173155,5.073712121200439,195,4425,0,0
2159,6156,3360,19,12,10,142,84,0.5915492957746479,5,230.048603422504,5.90043199385628,8.140251525992888,210,3696,0,0
4394,4171,2411,28,0,6,236,198,0.8389830508474576,103,59.59651819429216,12.01789361381493,15.273551576201909,1246,8562,0,1
4263,6778,3421,41,1,3,219,192,0.8767123287671232,113,73.91440393555094,11.430339873913713,15.675404607133457,799,4926,1,1
2727,3617,1954,2,0,5,198,24,0.12121212121212122,18,346.9884131618345,4.11044642088294,5.296446235897264,375,2161,0,0
1419,2085,2649,10,11,2,69,58,0.8405797101449275,5,220.48926938997553,5.3795025861006405,8.030979994498393,251,2821,0,0
1856,8047,1744,3,3,2,100,66,0.66,8,283.10434750875044,6.472498024238385,8.255174939830994,391,275,0,0
221,2325,2580,7,10,3,162,71,0.4382716049382716,0,304.22397915365354,4.922469906492446,7.638615836600349,367,2529,0,0
4388,6484,824,21,0,4,163,145,0.8895705521472392,76,63.50981260786167,11.104137737601796,18.277522636365696,1045,10017,0,1
2715,7570,931,24,6,9,290,68,0.23448275862068965,2,135.25686522347166,6.207906117660145,9.411456440481453,114,2152,0,0
417,6798,1653,18,16,8,205,105,0.5121951219512195,12,271.7071110131108,5.927133728687661,9.29036029359477,102,579,0,0
1318,8354,3260,22,8,12,221,107,0.4841628959276018,4,242.24756705741842,5.666865247441655,6.744748302503418,308,1969,0,0
4580,3056,377,59,1,6,74,59,0.7972972972972973,41,112.77995924690383,9.889084210096076,13.657321474534378,1309,5485,1,1
133,6543,1928,3,12,6,253,65,0.25691699604743085,14,271.65723846159545,5.200490861827792,7.526563983176365,129,2093,0,0
32,4506,2565,24,13,11,278,95,0.34172661870503596,4,235.96725623295896,4.896024080502252,8.834555666366777,253,3059,0,0
3513,9252,2350,6,14,3,117,88,0.7521367521367521,2,130.93538026422635,4.4027270698750085,5.441980116077639,144,1814,0,0
225,9611,2093,18,14,11,131,110,0.8396946564885496,7,243.43715164538477,5.576851882958768,6.817391925204478,192,4106,0,0
1729,1837,3242,9,8,3,140,44,0.3142857142857143,4,271.7156033451308,4.969057614422261,8.255557289208403,487,1986,0,0
2114,5557,558,23,12,0,150,61,0.4066666666666667,11,293.6737828040236,4.440916579658124,7.715465910468625,253,4152,0,0
2945,9206,2452,20,9,4,100,91,0.91,8,233.29333805783193,5.652569248740934,6.975795964935981,148,1784,0,0
4483,6835,1650,57,1,8,232,198,0.853448275862069,147,76.46643427529939,8.986672720890766,14.52602795904517,1297,5859,1,1
2854,7988,1834,0,8,10,237,16,0.06751054852320675,11,237.48771485060593,5.77725612442916,7.575126062008602,352,4992,0,0
2331,3435,3438,0,4,1,208,22,0.10576923076923077,11,206.0064797644954,4.699659367964051,7.5410785714903525,201,4960,0,0
1353,5453,2234,4,13,9,250,69,0.276,1,268.8614793297423,4.467535024031897,5.688389808632943,303,4134,0,0
1200,7209,989,22,12,0,253,13,0.05138339920948617,8,250.17524158343096,5.2798178859585985,9.274738677104562,168,2587,0,0
1570,6149,1773,18,7,4,241,62,0.2572614107883817,5,291.7109617462267,3.5821534714490344,7.378836566002424,368,3273,0,0
1239,6270,1832,18,12,14,221,118,0.5339366515837104,11,178.1243143584314,5.783827364229262,8.848158561981217,204,1814,0,0
2822,4772,2275,6,6,12,279,103,0.36917562724014336,0,188.71041296091363,7.219984530329404,9.6142158832278,329,567,0,0
4603,5294,3293,29,1,5,99,96,0.9696969696969697,71,82.29902257995413,8.35742988655563,13.958728655482469,1492,11434,0,1
4652,2908,2633,45,2,1,114,108,0.9473684210526315,98,38.959420787668236,10.082783277423696,14.812743157190141,989,6384,0,1
3004,1418,3072,22,4,8,133,93,0.6992481203007519,17,211.29375155242394,5.016785909417152,8.994471785413515,371,4730,0,0
30,2693,3149,23,18,11,196,26,0.1326530612244898,4,339.06455385131835,4.822584332285244,5.997165118810575,171,612,0,0
1156,4086,2286,12,15,6,241,107,0.44398340248962653,7,212.0638839506985,5.587238420806157,8.210155938549558,389,1034,0,0
2806,6577,3299,24,18,11,278,37,0.13309352517985612,7,317.13791176401554,5.677864264021488,7.796949515002528,342,4671,0,0
3647,8746,1656,21,14,5,216,108,0.5,15,206.3233469501366,5.7045210885153415,6.899119468619485,160,4545,0,0
4462,9874,1700,28,3,3,107,91,0.8504672897196262,77,100.55203424743021,12.048059702309974,19.1643214893856,1238,5974,1,1
3996,2164,2733,22,14,14,78,22,0.28205128205128205,10,279.5651367509813,5.116037654225801,8.028959844140797,473,996,0,0
2294,3418,1439,4,19,4,262,68,0.2595419847328244,8,275.4297156533355,5.02085418599275,6.262430244314221,56,4891,0,0
1041,8410,907,5,2,1,157,89,0.5668789808917197,19,313.31651339781445,6.209932748147238,7.563869746458315,327,2862,0,0
2728,3563,2817,21,13,1,293,75,0.25597269624573377,7,147.53841402327362,7.6318284677990285,9.622709680577278,109,2049,0,0
831,9281,2597,4,3,12,73,22,0.3013698630136986,8,132.47720736878193,7.17286820189853,9.49323051485334,248,2719,0,0
1846,1219,646,10,16,1,53,39,0.7358490566037735,5,189.042462952893,6.91900419625116,10.026486684238629,185,4594,0,0
3508,4606,1538,12,4,11,133,33,0.24812030075187969,5,252.37113005979242,5.428974850007649,7.204047695362873,244,3285,0,0
2347,5134,3019,1,19,6,222,38,0.17117117117117117,16,239.2229060764888,4.364600714813141,7.6143529810283,444,3310,0,0
427,4197,718,2,1,14,226,46,0.20353982300884957,2,348.4238154213273,5.04803101038551,7.903861877667327,359,4179,0,0
4975,2444,1835,50,2,4,219,217,0.9908675799086758,196,73.9688375008052,8.999203315815361,16.383045714775797,909,6601,1,1
47,7819,3256,17,4,8,139,17,0.1223021582733813,3,154.36467414678904,5.862476458805302,9.303861517926148,269,1024,0,0
4378,5593,1062,51,2,0,206,196,0.9514563106796117,182,100.33451712008852,7.3895464832343825,10.890161215020159,724,7207,0,1
3448,6401,1045,5,1,13,53,52,0.9811320754716981,2,255.5546596530855,7.380317106844174,11.138793942390373,422,1602,0,0
2018,8723,1024,8,1,13,261,105,0.40229885057471265,3,356.4577931204964,5.646305974540212,8.336395117223164,360,487,0,0
3735,5676,2913,16,0,0,128,45,0.3515625,11,229.87084644452463,4.487620026172397,5.549783677379272,283,2110,0,0
2743,9159,1637,16,10,0,220,108,0.4909090909090909,18,211.42346494226703,3.4722320768350134,7.34941740778901,357,1945,0,0
3596,9632,2944,7,8,6,238,38,0.15966386554621848,19,371.32361446206335,6.717912665058428,9.382655701342292,256,4155,0,0
1139,7356,3162,3,15,3,208,57,0.27403846153846156,5,291.24619425879973,5.674512496183925,7.239976645999841,318,264,0,0
1594,7443,1336,17,14,14,274,109,0.3978102189781022,2,180.09827243720264,6.214622200838038,8.95986745468262,153,2397,0,0
4006,2690,2465,34,4,2,100,94,0.94,49,68.77974305903908,10.881007413358727,16.864999004026,1499,6345,0,1
388,6300,3309,1,9,7,155,80,0.5161290322580645,3,227.34470660096437,6.394723514647137,9.424174763208951,418,2329,0,0
3117,5780,1445,15,18,13,165,39,0.23636363636363636,11,276.5233745226299,5.0498195772683,8.143893709546807,466,1947,0,0
1795,5075,1102,14,9,0,284,28,0.09859154929577464,2,234.957362551873,5.613899918903184,7.277097514044834,400,914,0,0
1039,9697,3493,19,9,5,223,82,0.36771300448430494,8,301.68146013894557,4.9786638575328475,6.370758618777787,294,1229,0,0
838,7229,1868,7,4,1,271,116,0.4280442804428044,11,298.7131131543226,4.2504440972605195,6.5302198004236995,411,3146,0,0
2376,1735,1898,14,11,10,171,83,0.4853801169590643,17,264.89201128142736,5.9607013503895985,6.974407938161926,150,4288,0,0
3182,7354,1035,15,14,1,159,31,0.1949685534591195,5,247.7198281468092,5.251830771391626,8.826859946386648,147,4545,0,0
2565,7087,506,9,9,2,184,59,0.32065217391304346,0,281.92582896241817,5.324691679835971,7.013529349395116,430,2816,0,0
3558,6959,3252,5,19,9,185,64,0.34594594594594597,8,231.98492406199892,4.585093395059437,6.518733510470491,228,4073,0,0
1329,4271,1868,16,1,2,81,60,0.7407407407407407,2,215.02244184069312,4.686063097301574,6.577123783734023,479,531,0,0
1398,3531,1459,6,17,7,97,25,0.25773195876288657,0,224.22803542820213,5.526603121253563,7.931831756326639,367,3562,0,0
3144,9425,1568,22,3,1,241,81,0.3360995850622407,7,215.7707963465635,5.775319193541207,8.641322418286595,471,2759,0,0
4186,1886,576,28,2,9,72,66,0.9166666666666666,48,73.17238445900956,9.922748726082233,16.1837324373616,726,7398,1,1
3956,9360,2120,15,4,4,271,10,0.03690036900369004,6,223.3657410423424,4.9378789260840925,7.737811115454465,348,1022,0,0
543,5597,711,19,12,5,129,45,0.3488372093023256,4,256.202255921336,4.874115469098515,8.39516000186404,385,4809,0,0
4018,6103,3503,45,0,5,154,147,0.9545454545454546,103,76.95722866892655,8.386866757444526,13.669306028272299,794,11344,1,1
3450,9336,2586,16,15,8,213,102,0.4788732394366197,10,196.23352976402003,4.686068889402681,8.402260831597427,159,4945,0,0
3859,7837,1199,3,19,0,168,49,0.2916666666666667,5,218.03757741007666,5.8226899823041895,7.8805244639274905,180,759,0,0
3154,6809,1049,23,2,13,287,19,0.06620209059233449,15,271.0611119717619,5.528680695698868,7.517789806603282,281,3020,0,0
2273,2447,650,4,15,5,117,78,0.6666666666666666,17,208.14582153532308,6.968656413760993,9.894608077703408,164,2498,0,0
1466,2169,1441,2,10,5,152,10,0.06578947368421052,8,307.92717256338904,5.058253276503075,8.796829346396237,85,3770,0,0
293,3849,1382,5,14,10,199,76,0.38190954773869346,9,347.4335478860743,4.941485257906113,7.692156159880568,492,4295,0,0
56,1666,2693,17,18,2,142,41,0.2887323943661972,4,185.98544358823722,4.198396674258,5.2938107187134955,375,623,0,0
4474,2537,1088,53,0,6,231,198,0.8571428571428571,158,93.88095146483488,10.413230055477847,17.73462125272162,1436,5392,0,1
3055,6326,3408,1,8,2,221,85,0.38461538461538464,0,279.8200071263512,5.422284452988198,7.798355104142756,174,1308,0,0
1622,9443,373,5,8,5,287,55,0.1916376306620209,2,252.29059674506345,6.655911725944232,9.706401577238488,97,2043,0,0
2214,5565,553,10,17,1,92,57,0.6195652173913043,7,200.16294739589284,6.301473244381404,9.961545324331764,318,829,0,0
4149,9591,2577,51,4,4,97,85,0.8762886597938144,43,73.64242160438778,10.698376412328853,16.031561163794525,1220,11007,1,1
4599,7341,1884,33,1,3,136,108,0.7941176470588235,71,66.1864338993085,10.861413134461388,15.64359730149627,794,5463,0,1
2514,6641,1040,19,14,7,114,31,0.2719298245614035,0,253.5668557514193,3.9352032191253272,7.669425068539904,182,2200,0,0
1697,6393,2495,1,12,9,144,15,0.10416666666666667,4,212.52687683084048,4.214415564786542,5.676298547099821,361,2326,0,0
4924,8402,1971,46,0,9,119,106,0.8907563025210085,97,108.78085969158455,11.091224560583493,15.27857875637109,811,11668,1,1
4928,8664,1408,25,0,5,159,135,0.8490566037735849,83,59.53346841010982,9.504593969201188,15.22607034373932,1046,10335,1,1
1730,9048,1484,5,10,9,156,89,0.5705128205128205,8,317.9645712168255,4.4800312812323115,8.303901132415142,408,1749,0,0
722,8961,2990,6,0,0,178,13,0.07303370786516854,7,309.0494952652836,5.903274563037172,7.759007589957472,61,2988,0,0
1946,8667,874,6,7,10,64,44,0.6875,9,260.3252812572915,5.589228286874749,9.47842062516381,199,3272,0,0
1166,6969,2604,4,10,9,230,28,0.12173913043478261,16,290.46293140616496,6.732328605214664,8.952920927832563,237,1525,0,0
715,8234,1794,24,0,3,86,38,0.4418604651162791,3,329.76414972535144,5.18992647672593,9.056844861896195,225,4582,0,0
2971,1213,2467,22,10,12,59,49,0.8305084745762712,12,307.0592444831865,5.441468902686922,7.079288184515525,369,3561,0,0
2734,7283,3314,0,7,5,164,52,0.3170731707317073,5,295.69448707629766,6.456496475841536,9.11262684645879,229,4032,0,0
2726,4135,2988,24,0,12,279,20,0.07168458781362007,19,292.6888525247367,5.820427189942405,9.228366414863782,256,1280,0,0
4969,8824,2243,30,0,7,69,58,0.8405797101449275,48,54.648969881381504,8.974990954093768,16.379840397719143,804,4724,0,1
101,5361,2671,6,19,4,207,34,0.1642512077294686,0,228.99065914520713,5.218215391139493,7.282081864061823,207,2133,0,0
4370,3097,2938,21,4,1,76,75,0.9868421052631579,43,86.13186060215155,6.70830976283482,11.930238202034538,818,4020,0,1
4461,7184,1528,20,2,6,124,112,0.9032258064516129,90,70.92882572479611,10.24109097522029,14.439409977942132,839,10563,1,1
3065,3369,623,11,7,11,213,24,0.11267605633802817,8,254.93764760189848,6.241120466613603,9.276139352777527,435,2689,0,0
4648,8663,1172,39,0,3,202,168,0.8316831683168316,95,59.17021289170173,11.205638357735024,16.56332690757437,700,9638,1,1
4572,9208,1145,57,1,6,190,161,0.8473684210526315,129,76.87292603224807,12.698100959138694,18.751689761799856,921,10282,1,1
3200,8738,2969,11,11,2,82,57,0.6951219512195121,9,240.94764254274776,6.5209448326571025,9.34491440615801,488,1618,0,0
3915,5200,2370,0,16,10,283,83,0.29328621908127206,11,235.3318364559595,4.42063751359294,7.686044642905892,425,211,0,0
2562,3795,1389,8,4,12,114,49,0.4298245614035088,13,175.90772494593526,5.657517497332799,7.6769353338200865,453,4451,0,0
930,9096,3501,18,18,5,109,95,0.8715596330275229,12,303.9706506978771,6.840543978648547,9.113281088268288,277,1499,0,0
1168,3737,2537,23,7,10,94,83,0.8829787234042553,9,283.5635068352677,6.246023952982816,8.293008758888549,55,3192,0,0
3814,8687,2318,17,3,10,180,44,0.24444444444444444,3,313.75598741488005,3.8909289915625065,4.958922415128279,136,1693,0,0
4323,1450,1372,43,2,7,219,207,0.9452054794520548,179,90.73695178390935,9.275100700780374,12.37511678035066,1484,5494,1,1
3160,9078,1282,22,12,3,62,38,0.6129032258064516,14,210.95424264509688,5.767713709827774,8.411517779525308,140,297,0,0
3139,8003,1197,11,13,10,268,16,0.05970149253731343,15,309.12382832248426,6.107312580668294,8.856405899674213,457,172,0,0
3454,6993,748,9,9,5,98,46,0.46938775510204084,6,287.32878493028034,4.867963425124249,8.143305271244838,360,901,0,0
2104,8352,1452,15,6,11,114,46,0.40350877192982454,7,346.75178677167764,5.253045898547117,6.8417420372042494,373,3951,0,0
1187,5526,2113,11,1,10,172,111,0.6453488372093024,19,209.60201082202286,3.697717643994774,6.7061598831525675,427,235,0,0
2428,3720,648,24,6,13,225,46,0.20444444444444446,8,221.5144174673043,5.001881172645149,7.069919354092138,73,4220,0,0
3530,8031,378,7,7,5,50,27,0.54,7,289.37232626759595,5.201849915097812,7.931709093439116,244,2402,0,0
3637,2699,725,21,17,14,72,24,0.3333333333333333,17,299.8370750823607,4.103601434545285,6.841575407216926,380,2439,0,0
4851,2829,2276,46,4,5,237,215,0.9071729957805907,160,47.808107149935104,11.753973832505137,16.190210069371684,1424,10214,0,1
3817,7632,2935,12,0,5,200,11,0.055,5,342.31982527062496,6.30594838873902,9.698513761888321,207,1600,0,0
2189,1617,2057,2,6,10,237,58,0.24472573839662448,12,325.0145782724057,8.641109286996759,10.724425725343975,310,2627,0,0
869,1947,2743,21,18,8,75,35,0.4666666666666667,19,129.1743799298701,5.959297565410939,8.690664375154265,199,1008,0,0
3694,7093,1442,19,19,14,275,16,0.05818181818181818,8,306.05951540147896,6.1709344146960525,8.600502636599579,332,859,0,0
78,1536,1502,5,1,6,139,84,0.60431654676259,17,292.0263625125778,5.461508279980259,8.22271295238996,492,4958,0,0
3550,5226,2756,7,13,6,213,31,0.14553990610328638,3,359.860434643957,7.314533816839392,11.174696495941454,439,235,0,0
3984,2245,1062,12,19,1,239,69,0.28870292887029286,11,225.7131976005988,4.7587543150193286,7.290084584106105,475,521,0,0
4734,4732,2329,38,3,6,124,104,0.8387096774193549,61,88.28250967844527,9.926604929907558,15.432460571362707,855,5088,1,1
1653,8507,3277,2,2,7,110,103,0.9363636363636364,7,186.0681647721104,5.606082710258342,9.007312900233652,329,4553,0,0
2215,5946,1479,21,1,5,169,88,0.5207100591715976,4,266.09175950113854,4.718642304383054,8.495470649453866,177,1482,0,0
3150,1139,2043,19,18,4,125,84,0.672,6,234.45423903168722,4.942876002320137,6.7026058686936745,275,2797,0,0
1019,4123,1742,9,11,0,94,46,0.48936170212765956,5,271.0115165424511,5.194085512340029,7.6397056641750005,117,2504,0,0
3141,1356,3258,11,5,6,89,77,0.8651685393258427,7,282.2734762474502,5.002273240965372,7.410824226340996,310,4838,0,0
649,8378,2549,16,7,12,295,46,0.15593220338983052,0,245.8391564883004,6.649590689698626,7.661909298390972,412,2652,0,0
1105,9107,3451,0,19,6,275,86,0.31272727272727274,8,265.75841018992105,5.338780148751183,8.388788992591824,382,1645,0,0
4798,3206,3031,51,1,2,205,174,0.848780487804878,145,88.58844120638275,8.061159538125596,12.531908195610928,809,4843,1,1
10,6116,3360,4,6,12,145,13,0.0896551724137931,10,331.1460249670687,6.323733076975142,9.965136594020915,219,1697,0,0
3111,2610,2346,3,3,1,281,90,0.3202846975088968,16,246.6133155293416,5.405561632634345,8.779464143482192,397,463,0,0
639,6061,850,9,0,11,295,108,0.36610169491525424,13,272.1869645634903,5.026723847821756,8.105359130911713,219,3157,0,0
3699,6575,692,4,7,14,274,10,0.0364963503649635,0,305.6369401528616,3.772740509061092,6.709218586145405,109,231,0,0
558,9652,2996,0,19,4,245,87,0.3551020408163265,7,322.60588495912805,5.514149264965758,6.921386824265461,464,4752,0,0
3173,1472,853,20,11,10,109,51,0.46788990825688076,14,216.66483445682186,2.894131229195048,5.6098630764725,466,1348,0,0
3869,8139,2983,24,15,12,276,22,0.07971014492753623,9,239.5964850317293,4.968462906160671,8.431341064570262,184,1110,0,0
2398,1181,2856,13,0,13,162,104,0.6419753086419753,8,228.41172555033134,3.836613288640467,6.174997316898026,178,806,0,0
595,9712,2561,4,17,0,170,44,0.25882352941176473,7,223.2879864018537,5.650910963625069,9.160230175753439,275,1641,0,0
2274,9840,3409,3,15,9,80,14,0.175,8,269.80825955140904,5.693801175212543,9.269031936861406,101,2380,0,0
3078,5517,1285,10,13,6,95,78,0.8210526315789474,13,198.44490706402843,4.061289238729025,6.5414387529561004,69,3662,0,0
2985,2408,1971,7,13,7,280,101,0.3607142857142857,18,180.80787245572355,3.8364780538225545,6.341953599653979,283,167,0,0
1089,5963,819,17,18,13,179,113,0.6312849162011173,19,263.1080980220347,5.379583285980101,9.342596667680578,479,1539,0,0
4127,1136,370,42,1,1,200,169,0.845,120,72.04536648298142,11.125386618379661,17.770264292779608,837,8386,1,1
2946,7346,3166,0,8,2,144,58,0.4027777777777778,9,264.2428976368297,4.603554591359534,6.968520494295523,369,1487,0,0
364,9869,889,15,7,13,148,118,0.7972972972972973,14,254.03533131933708,4.86881023055662,6.336917664576551,215,4691,0,0
3870,1425,978,23,6,0,186,66,0.3548387096774194,9,267.8370416049397,5.258682254414605,9.108819636222478,281,2077,0,0
1769,6442,3040,15,2,8,284,52,0.18309859154929578,2,232.00334142595682,5.378834107196996,8.53726478672639,251,4087,0,0
2416,6269,3031,23,16,5,298,61,0.20469798657718122,13,370.97331184864584,4.789280729512188,7.92719458380693,161,1560,0,0
4696,3475,2536,25,4,8,114,108,0.9473684210526315,64,119.99657191069244,9.986935811375414,16.488523029453468,1014,8274,1,1
2363,3384,3044,11,3,0,145,10,0.06896551724137931,6,310.781434622454,5.312935033327534,9.25132838244407,471,2330,0,0
2610,6643,558,22,15,4,224,99,0.4419642857142857,18,151.15548406406464,5.958729443937067,7.974592597252302,387,3840,0,0
1131,1468,2271,18,3,12,67,30,0.44776119402985076,17,246.30846238102367,6.266426712008701,9.572152229236895,354,950,0,0
730,5088,2686,15,17,12,94,17,0.18085106382978725,0,274.9302409243615,6.2537356371784485,9.938021598215933,387,932,0,0
4468,4472,3208,33,3,1,61,51,0.8360655737704918,42,86.9986655229348,11.365346977090823,15.185366435721154,500,4875,0,1
435,5576,2898,11,7,6,211,89,0.4218009478672986,17,276.1280960437664,3.665191970365444,6.429166858756942,171,1614,0,0
1057,1533,3136,16,3,9,220,92,0.41818181818181815,13,232.67758513213127,6.226506064399424,9.33935887403725,469,1772,0,0
3961,9121,1067,13,13,12,106,15,0.14150943396226415,13,231.8730921486024,5.891747092097112,9.52800532563472,456,4405,0,0
758,8624,1759,10,6,8,184,17,0.09239130434782608,7,254.41178769429743,6.473905119993228,9.104691844727103,419,2515,0,0
4080,5043,2986,23,4,2,149,144,0.9664429530201343,110,128.93959417690309,8.72919429824606,14.544903442298672,1224,8236,1,1
1953,7500,1100,16,14,13,264,80,0.30303030303030304,4,309.091414697102,5.005089804509698,7.6059635676895505,483,141,0,0
84,8218,1823,14,7,1,146,101,0.6917808219178082,2,290.6931954061803,4.559586225432097,8.126675629750954,449,4647,0,0
96,9901,690,17,11,14,249,34,0.13654618473895583,8,271.4809109566293,5.707687687163111,7.249413722545112,135,4445,0,0
3467,2289,2534,7,6,0,126,105,0.8333333333333334,8,207.02989011331587,6.4714859982681014,9.273008379839212,293,1800,0,0
2492,3857,2407,24,0,6,198,77,0.3888888888888889,15,234.74626535674082,4.889625956515579,7.375017202124063,126,4545,0,0
4871,3416,831,20,0,8,93,82,0.8817204301075269,55,104.98087304569779,7.891221696421182,13.845706733759247,544,9554,1,1
2941,2409,3291,12,16,11,226,105,0.4646017699115044,12,224.92745599172062,5.234818980417899,8.916705656904103,263,390,0,0
741,8978,2832,8,10,2,192,106,0.5520833333333334,12,196.397096907848,6.802340744853762,8.63411599390132,210,616,0,0
2217,5324,2656,5,17,11,87,77,0.8850574712643678,12,196.80575441600482,4.328695404455058,6.632033258114694,384,3360,0,0
2485,4004,1298,20,9,2,95,52,0.5473684210526316,12,291.2653758620157,5.234776134549466,6.852858250312294,457,737,0,0
1140,3137,1989,13,6,5,281,80,0.2846975088967972,6,279.6212181485579,4.878628379058029,7.264047981116889,451,4033,0,0
268,4423,436,0,10,6,277,103,0.37184115523465705,16,261.6077974871018,4.296867397983307,7.61174813091913,135,3215,0,0
2867,5986,2016,6,17,10,176,56,0.3181818181818182,19,204.54192194680138,6.6820155697088675,7.851004581600598,91,2862,0,0
2841,6999,1018,10,17,7,170,119,0.7,11,264.9595607954192,6.093207355962442,9.991794019496814,186,1713,0,0
2381,7908,2502,21,13,8,275,103,0.37454545454545457,3,262.5460748885299,3.7293438283363085,6.611014577060256,139,4158,0,0
1985,4387,1446,13,1,14,155,89,0.5741935483870968,18,156.8263592045847,5.471365475004167,8.781732098013471,96,3521,0,0
2487,8076,2657,11,10,0,54,51,0.9444444444444444,2,206.9675434042635,4.413086305083287,7.369800138183487,195,202,0,0
1539,4648,782,20,19,8,131,114,0.8702290076335878,8,301.62629715269713,6.370838801322016,9.43496170035808,326,432,0,0
3641,8775,814,15,9,11,237,100,0.4219409282700422,1,352.08943786749614,5.165621524624411,9.042993092816172,74,1981,0,0
1980,7900,1868,7,4,0,261,73,0.2796934865900383,15,330.15518015951557,6.387259494561496,7.448390935802191,199,1705,0,0
4636,4795,2583,49,3,3,77,66,0.8571428571428571,35,50.498666413688895,10.385533033527228,15.119557808648977,599,8839,1,1
1636,4713,2971,4,6,5,262,43,0.16412213740458015,3,281.67669659888253,5.419784744669009,6.823761524541565,498,1882,0,0
4952,4432,2329,36,1,9,163,148,0.9079754601226994,142,100.26468468825416,6.38518868605005,13.792712055751721,1198,8600,1,1
2303,6238,1048,12,12,0,68,21,0.3088235294117647,1,200.8624231550458,5.1924386734844425,6.745905480048259,78,1158,0,0
3069,5403,986,2,16,2,194,60,0.30927835051546393,3,228.34711612414455,5.808296835530176,9.593372681873536,143,1377,0,0
473,4085,3335,3,17,10,226,38,0.168141592920354,19,333.5791475372199,7.259697192334311,8.42323297464779,254,254,0,0
52,1770,3266,11,0,5,172,59,0.3430232558139535,11,301.3289923276039,5.666088132508151,7.876536731145342,161,2914,0,0
1027,5040,3122,9,8,5,120,57,0.475,6,246.76138701010618,5.592935652682978,7.206716495558306,133,2346,0,0
1994,6335,3516,21,5,13,161,60,0.37267080745341613,4,250.56040765979495,3.2167195424727697,6.932145991410071,115,4291,0,0
1802,5076,2236,2,11,7,248,56,0.22580645161290322,11,214.3607560635664,6.4091370362144175,7.8420444834499765,488,2513,0,0
3341,1851,2540,17,1,7,221,113,0.5113122171945701,15,326.637888900949,6.668933559062986,7.96710400321283,75,3913,0,0
1137,6475,1416,6,2,0,63,28,0.4444444444444444,11,214.21762179250214,6.457419947825523,8.290878431941664,223,4411,0,0
939,5050,2827,0,16,8,251,71,0.28286852589641437,8,312.9992617231109,6.351899438184317,8.418115658471324,57,3866,0,0
3853,2698,2062,2,8,1,51,15,0.29411764705882354,14,315.26898570436424,4.971807650390989,7.2657793594611215,236,1057,0,0
3541,8905,2019,1,13,2,207,85,0.4106280193236715,19,173.9266587673147,6.452889111277272,8.030729780696081,170,2701,0,0
320,3942,3285,16,15,6,269,15,0.055762081784386616,14,334.997868728819,6.571543152234886,10.238926924054915,294,1593,0,0
472,2738,2420,17,9,12,134,30,0.22388059701492538,16,226.48782038483594,5.070936123098542,8.820403576445084,131,1652,0,0
3196,7143,2916,6,15,0,279,31,0.1111111111111111,0,250.2578426028929,6.053489030775609,9.37931619113829,234,171,0,0
3639,5590,1095,21,14,13,196,84,0.42857142857142855,11,224.1111812185271,5.728640138880106,7.957359954786389,225,3402,0,0
97,5430,3342,8,18,7,166,16,0.0963855421686747,1,317.8428387109444,5.140562725975098,8.37575637033576,421,1034,0,0
3244,8924,2704,20,19,6,232,28,0.1206896551724138,4,294.8349744628533,5.439146317257994,7.667818669875823,128,842,0,0
4660,3593,1699,35,3,0,229,202,0.8820960698689956,193,115.90599699948511,11.246132700871733,18.67025115733608,822,9133,0,1
1835,5866,3105,3,16,11,287,98,0.34146341463414637,5,264.3633964560396,5.462085321867231,6.632602505106689,341,1742,0,0
4205,9474,2211,54,1,9,149,129,0.8657718120805369,112,96.93931120680499,10.159011242120082,15.082583550669383,795,4384,0,1
2458,7716,2805,23,7,8,87,15,0.1724137931034483,0,199.6191751724826,6.420685971888663,10.357642428657266,148,2107,0,0
587,9106,2303,8,5,7,277,26,0.09386281588447654,19,233.33525568192204,5.681857916968413,8.673957016302365,471,4454,0,0
4779,7867,1286,22,2,1,146,135,0.9246575342465754,72,64.63945721621033,11.221102921862832,16.885406451537108,1057,9487,1,1
3006,9932,2471,20,15,7,110,50,0.45454545454545453,2,263.93645636977743,6.938600116800554,10.11298398537675,422,4203,0,0
4177,6507,1527,35,2,5,168,156,0.9285714285714286,110,66.82835419355223,9.58075036626505,12.63953296590093,1216,7412,1,1
1197,9594,2142,4,19,11,156,48,0.3076923076923077,18,236.58143530205157,5.8566296161016025,9.772755898631473,131,1108,0,0
2031,4428,1428,18,4,4,284,73,0.25704225352112675,7,302.8322099176199,3.8650550243008066,7.582105121613282,131,1723,0,0
900,5996,803,20,5,1,270,105,0.3888888888888889,5,349.0762133541335,5.055522466808973,7.680041313176436,138,1260,0,0
196,6976,2636,24,8,0,134,21,0.15671641791044777,17,219.63272006172724,7.129323336618026,8.39584407188072,135,3162,0,0
1259,3134,3238,8,7,7,124,61,0.49193548387096775,4,236.93592410568164,5.74980626003137,8.72597926271359,486,587,0,0
1589,7372,2375,4,11,13,52,49,0.9423076923076923,6,248.36116490211515,4.7356837697721765,6.243542400590545,388,3729,0,0
4438,8097,1024,28,2,1,63,57,0.9047619047619048,50,65.8441787004407,9.178373534556084,14.321080723967924,867,5897,1,1
1969,7087,2157,8,4,6,167,115,0.688622754491018,3,172.6234458862777,5.019579780596506,8.96982512639579,396,2120,0,0
995,1568,3426,16,1,7,299,45,0.1505016722408027,13,251.93511473787817,6.28804908431707,8.750844398465752,117,1316,0,0
4425,9698,1746,32,1,7,128,121,0.9453125,112,65.08059780686915,9.259594552435592,12.813778880897685,776,5064,0,1
3001,3007,1718,18,18,9,299,99,0.3311036789297659,16,325.9249588306361,7.424976628743881,10.02493089907554,207,1710,0,0
4248,4473,1565,48,1,3,215,207,0.9627906976744186,204,77.50580298463353,8.78239040926704,12.576344417142844,1373,6956,1,1
2759,9513,1960,15,6,3,127,64,0.5039370078740157,19,281.82991887543335,6.074746929125505,9.544456246758724,310,3618,0,0
2833,3062,1161,6,15,3,202,29,0.14356435643564355,0,265.74551954192657,5.776272098441676,8.900281097378986,273,4836,0,0
4882,4267,1768,25,2,4,72,66,0.9166666666666666,54,65.63614926210784,9.817299167623785,16.384280826380067,1196,6793,1,1
846,1814,523,20,9,2,185,32,0.17297297297297298,2,285.7265345526084,5.803604271283719,6.976968862343312,407,861,0,0
3862,9447,1447,15,15,2,186,44,0.23655913978494625,8,280.9512259584798,4.358719393325006,5.700639149736034,103,1314,0,0
1367,7891,3509,15,12,8,267,24,0.0898876404494382,6,229.5858993217822,5.256375617288573,7.201937487750465,279,3457,0,0
391,6593,3410,11,7,8,138,75,0.5434782608695652,11,253.94639095361103,5.196361463012142,8.61663415437952,225,4983,0,0
3420,3354,2149,11,0,7,280,70,0.25,16,317.6259027555763,6.059356933651412,9.434408378319159,394,938,0,0
86,2308,1855,1,0,14,237,91,0.38396624472573837,4,187.92493845254387,4.683694590945154,6.822771815446955,168,4591,0,0
2244,2522,630,18,18,14,75,63,0.84,17,312.9428555645339,5.804462524362375,7.384752402586584,360,2709,0,0
3598,6283,787,3,11,9,286,23,0.08041958041958042,19,234.24860045223306,4.481232045092225,7.373668545067472,179,177,0,0
886,4723,942,15,2,13,111,61,0.5495495495495496,0,299.39549988658524,5.272458677502512,6.650624971584622,161,817,0,0
4114,4751,2215,53,3,8,190,172,0.9052631578947369,115,64.69071368138508,8.547284482804507,12.615530736637691,996,11027,1,1
799,4897,1696,22,2,6,195,76,0.38974358974358975,11,223.46170559233215,4.446693674154537,7.077312613879765,470,1217,0,0
4214,1250,1712,26,2,4,193,178,0.9222797927461139,107,102.9789008461909,9.331459470461864,13.295386443257398,1010,5157,1,1
826,4331,2675,12,12,10,137,40,0.291970802919708,10,143.8003590937182,5.913616257571681,8.475177858496224,436,3437,0,0
2680,5226,2060,12,8,5,210,51,0.24285714285714285,1,330.2350075769615,5.698573671793403,8.010588792781892,436,2998,0,0
2115,9700,2330,20,3,0,204,119,0.5833333333333334,16,256.22333252981844,5.48098404754981,8.702166137573425,444,367,0,0
1513,3127,308,9,6,10,115,90,0.782608695652174,9,327.00539118720155,6.468498802624876,8.061801685477432,386,4588,0,0
2658,6496,2668,0,15,14,79,26,0.3291139240506329,12,327.3383948813615,6.181278901325437,9.65953922301173,289,2458,0,0
915,4280,381,5,14,6,214,119,0.5560747663551402,13,173.43296930209164,6.288121804693462,7.7690489232401685,336,4962,0,0
2283,3610,2204,22,7,13,112,89,0.7946428571428571,4,240.57615905527544,4.071133849550337,6.454443405151899,130,3786,0,0
41,5491,534,20,3,4,74,61,0.8243243243243243,15,215.04267109540413,5.491182953754192,8.1397696007254,182,832,0,0
3787,9687,395,9,6,14,82,40,0.4878048780487805,0,243.48232245275096,6.211572364932631,8.316174972096867,59,2189,0,0
1238,2007,1253,19,11,8,194,119,0.6134020618556701,14,280.43010819652943,4.799985164906713,5.870492433361685,119,1058,0,0
1272,2845,3240,18,12,4,182,44,0.24175824175824176,11,224.04075318122526,4.406744009554805,7.125009709409369,473,2384,0,0
3856,5017,2639,18,10,6,224,63,0.28125,0,206.0177394934688,4.842267200791629,8.337332262416245,304,3971,0,0
2432,7241,1616,8,0,7,122,90,0.7377049180327869,4,277.74287967815053,6.2859160869037645,7.973260090173794,136,2549,0,0
73,7028,3191,3,12,7,208,56,0.2692307692307692,19,314.3487481924797,5.05536244175436,6.5051147238006815,96,2471,0,0
1458,7444,1185,22,12,9,298,44,0.1476510067114094,2,195.97752864529656,5.576027773180394,7.9999649430080595,162,4846,0,0
4536,5236,578,36,0,8,248,245,0.9879032258064516,223,59.53032145525249,10.132992836696065,14.049521156623825,716,9150,1,1
3746,9567,2085,22,0,7,236,81,0.3432203389830508,10,197.07090505230437,7.229760743497244,10.354768683995173,286,406,0,0
4894,4013,1615,38,0,1,169,157,0.9289940828402367,156,93.41682508582724,9.825559942703215,16.897089307164606,1399,11765,1,1
3711,3364,3468,12,17,13,176,57,0.32386363636363635,9,192.07061872556335,5.922556628012991,8.552624810525879,364,1607,0,0
2128,8395,3264,4,6,3,269,93,0.34572490706319703,10,243.34165229438287,5.452306808874963,7.751470464159441,160,2300,0,0
2912,7173,1630,20,19,8,123,53,0.43089430894308944,8,261.03884500704896,5.920627606054048,7.064846943656229,361,618,0,0
1550,9714,1280,3,17,13,197,64,0.3248730964467005,5,285.9310979981316,5.216268570474088,6.369807777478716,50,3926,0,0
1700,2785,2308,8,15,4,148,91,0.6148648648648649,14,192.2681525557636,4.619393540218351,7.576351144879004,161,4606,0,0
1798,2554,3163,1,10,7,277,71,0.2563176895306859,11,281.0466697806996,6.709531401136268,8.059968351572635,261,140,0,0
3445,1673,2846,10,1,11,167,90,0.5389221556886228,18,196.00480040453573,4.36241901526384,8.076411891605279,286,4919,0,0
2307,1334,3356,17,14,9,96,59,0.6145833333333334,5,289.3405749487333,4.347699367317544,7.778346875924644,50,1083,0,0
3644,7848,1124,15,19,6,263,24,0.09125475285171103,9,268.3975764360724,6.364885633304539,9.265050105644221,497,4044,0,0
483,2172,2466,5,7,9,170,20,0.11764705882352941,2,195.66874115231462,4.6038849715634145,7.692462322466684,343,463,0,0
3317,1734,2388,12,4,11,257,104,0.4046692607003891,6,277.93164605249444,5.099527645774087,8.693863634823735,476,960,0,0
4862,7663,2245,37,3,8,83,75,0.9036144578313253,68,108.88653643566904,8.798479386787776,15.41192552672193,1013,4026,0,1
481,1277,2994,19,18,7,67,21,0.31343283582089554,6,355.6172944145144,6.896930939355635,8.51791174309081,102,915,0,0
4757,9392,1700,44,0,1,182,147,0.8076923076923077,113,60.6125505917213,11.377345553785364,18.89015164737483,1065,11409,1,1
1206,3372,3346,21,15,6,240,11,0.04583333333333333,10,229.82510335278846,6.322042003928943,10.290736428642363,298,4898,0,0
836,3400,3059,7,0,11,93,51,0.5483870967741935,1,250.59683900906938,5.1924432648187375,8.009721732895654,116,2602,0,0
266,8888,1185,12,17,10,289,84,0.2906574394463668,11,170.09378240581262,5.962172666081943,8.273160323078805,68,969,0,0
2409,4397,900,9,5,7,91,66,0.7252747252747253,17,114.18452014235382,4.410170369017718,6.960195014848309,472,1212,0,0
4850,5414,2477,32,3,3,96,77,0.8020833333333334,71,106.46118762335452,7.360596480271975,11.031191551148364,625,6559,1,1
430,4159,2456,7,18,9,164,56,0.34146341463414637,6,266.5425652307789,6.951001438131336,8.734488735663916,186,4440,0,0
977,2331,3233,17,6,14,245,30,0.12244897959183673,5,78.7102323583174,3.6618515531473097,6.278169311492658,449,863,0,0
4303,9119,704,44,1,3,88,84,0.9545454545454546,71,94.67047750985408,10.720051234149457,14.868289067521824,834,9400,1,1
3265,5003,3322,13,6,14,245,97,0.39591836734693875,11,190.07650736536885,7.150437926033906,9.970748671224914,395,2820,0,0
2868,4367,2204,16,5,1,193,57,0.29533678756476683,16,329.438261161491,4.236924349474079,6.520054701880444,287,1031,0,0
1155,7006,1448,19,7,5,121,104,0.859504132231405,5,218.65884210744156,7.091161076828998,8.148458916354143,280,3054,0,0
2618,2269,1234,10,16,11,251,55,0.21912350597609562,10,256.072855544221,5.987380481314833,9.17107929890661,269,3203,0,0
2204,7512,331,11,5,6,205,53,0.25853658536585367,7,304.06433963302266,7.024384569536486,9.366141609095322,236,1537,0,0
1029,4951,3079,7,16,12,135,107,0.7925925925925926,17,282.2260983121862,4.929530982011781,8.565082609203827,361,2927,0,0
2315,3709,2868,15,0,6,221,90,0.4072398190045249,2,275.79784143704336,5.793405310582236,8.693944695943015,400,410,0,0
893,6645,2620,7,4,6,99,35,0.35353535353535354,15,323.285862085203,4.705937742963978,6.714433758702718,97,3419,0,0
2455,1244,3413,19,13,9,270,112,0.4148148148148148,19,360.6638959005652,5.704989147308909,6.879080832959771,391,1023,0,0
4166,7189,3491,49,3,9,67,58,0.8656716417910447,50,53.2330663779395,9.99885774674686,17.43138592871319,586,5766,1,1
1291,4335,2263,8,16,6,235,24,0.10212765957446808,1,268.74027486367186,3.43943345649392,6.414420525263363,379,4958,0,0
2528,4166,3454,11,6,7,170,15,0.08823529411764706,3,144.97428418831004,6.152880371472288,9.22364644970865,254,3490,0,0
1011,5374,1890,16,3,2,108,71,0.6574074074074074,8,301.35229260888804,4.869179006092558,7.164377477621105,282,3153,0,0
4291,5914,687,37,2,2,127,102,0.8031496062992126,86,69.42186073227734,11.928100284568089,18.552207383985632,818,5895,0,1
2823,4388,3442,15,14,10,290,22,0.07586206896551724,11,300.54547826713724,6.117685612811298,7.669285537155122,95,705,0,0
3964,3847,3234,17,9,7,128,86,0.671875,10,274.26064159184165,6.5404757990896965,9.335611669064686,300,2106,0,0
3262,2544,2583,17,19,0,128,38,0.296875,2,274.1943149324408,5.061319891387221,8.224582717480597,54,335,0,0
4115,8726,538,37,0,7,201,200,0.9950248756218906,145,79.99899370664309,8.355751588388799,15.56566522775018,1254,7652,0,1
2073,1003,1763,15,6,8,239,57,0.2384937238493724,12,256.8928231134894,5.686666119245267,9.574324461229242,124,3589,0,0
860,8039,2777,7,7,12,99,61,0.6161616161616161,7,171.429000083085,4.567628756818013,6.95471309856123,237,582,0,0
36,8723,3369,11,13,1,78,22,0.28205128205128205,18,172.8137298654052,6.616893440201679,9.584061346343905,142,1725,0,0
1709,4274,934,19,9,12,254,98,0.3858267716535433,16,218.50568812136424,5.847916078120884,8.558634405458285,141,4737,0,0
1957,6141,2623,8,11,11,295,92,0.31186440677966104,16,275.86377136806533,6.129238180295241,7.974145560355611,433,2158,0,0
1982,1150,557,15,3,5,83,41,0.4939759036144578,15,261.8173351487831,5.171128980049297,8.8153225376167,417,1295,0,0
3933,5477,3394,18,4,10,145,25,0.1724137931034483,14,221.97204716566944,5.407579420172413,7.39078083469208,430,3781,0,0
1839,6521,1099,10,11,6,141,37,0.2624113475177305,1,324.5148445834649,4.337104683752199,7.293437255408383,414,2160,0,0
3084,5325,2581,0,11,4,112,82,0.7321428571428571,0,302.70819194961456,4.756984930236102,5.823751413824149,282,928,0,0
4476,5976,2740,55,2,0,118,113,0.9576271186440678,108,90.16239096934109,13.257002217625207,18.449364750900074,873,10174,1,1
143,3772,3214,11,6,14,192,74,0.3854166666666667,18,200.43038252718463,3.346609886396285,5.0592422790192675,340,3438,0,0
742,8770,1639,7,3,6,136,23,0.16911764705882354,19,232.31647078566868,5.485038735059926,6.760992267072326,126,602,0,0
813,2480,3046,14,2,7,233,65,0.27896995708154504,0,282.725147439037,4.701809774818799,7.758618974453422,89,2650,0,0
4809,2127,2789,37,0,6,93,86,0.9247311827956989,70,87.29477629409178,11.449733666507168,14.64920694511735,779,4884,1,1
3867,2906,1215,22,5,6,173,96,0.5549132947976878,4,264.6485097738176,3.324023980614043,4.937235667617614,364,1852,0,0
3147,6015,345,17,19,10,174,92,0.5287356321839081,16,241.66201438733327,5.124875487792366,8.856127410344747,335,891,0,0
723,5091,1976,8,9,2,164,99,0.6036585365853658,15,208.0259204363605,6.822167146221126,9.660220180244949,291,4603,0,0
708,9080,2684,20,8,12,217,47,0.21658986175115208,10,305.1608786026829,6.941942401952601,8.240431080494515,219,1948,0,0
3166,8647,3245,10,17,14,289,29,0.10034602076124567,10,232.9906398137003,5.016120799292637,8.050052799330574,171,616,0,0
4422,5818,765,51,2,9,159,130,0.8176100628930818,115,106.60885975466523,9.594078567146306,14.851054680448094,892,8258,1,1
2673,5497,464,2,6,14,101,52,0.5148514851485149,9,202.45773327704651,5.17673774061251,6.888434430143251,70,477,0,0
2774,9990,306,11,14,2,264,79,0.29924242424242425,1,260.7517906068615,4.076019666179032,5.611153783609963,286,4177,0,0
283,4408,1867,11,15,14,112,58,0.5178571428571429,12,249.72019905854768,6.1687416555925125,8.310294785202196,320,3271,0,0
1771,6982,2590,9,6,0,217,39,0.17972350230414746,6,272.3187122379268,4.859769504531986,7.768179095816379,199,2199,0,0
65,9915,2606,16,11,14,274,29,0.10583941605839416,0,173.7854733415004,6.297736314578635,9.041450978846472,188,2126,0,0
1314,4683,1519,6,6,7,263,35,0.13307984790874525,7,242.74831542357887,5.378311314312731,6.809043704658516,481,4155,0,0
4170,4002,1322,52,3,9,55,51,0.9272727272727272,47,60.62224941183322,9.11843034422859,14.605654835472489,1089,5222,1,1
305,3330,2325,24,19,7,105,32,0.3047619047619048,12,277.4441917658682,5.245044206446302,9.10348925745382,85,4817,0,0
4906,2759,1708,53,1,0,103,85,0.8252427184466019,51,86.06137751994892,9.993971417827717,16.455542536314233,1482,7718,1,1
4340,6574,345,44,0,2,155,147,0.9483870967741935,135,65.08768884470256,10.834516460130157,17.89358104711203,1213,9697,0,1
1102,4300,3341,19,8,6,239,69,0.28870292887029286,12,316.50786125684317,5.350866168937092,7.874218729790455,384,418,0,0
3224,2777,683,3,14,14,125,76,0.608,10,232.2245272265401,4.510280987046089,7.627422043024025,211,2564,0,0
7,6258,2163,7,2,2,292,90,0.3082191780821918,0,284.92201296054805,5.673602063664805,8.626833140170639,77,300,0,0
104,8274,1844,8,16,9,275,66,0.24,2,273.4281746685761,6.00818977749213,8.897523546480588,264,2836,0,0
729,7618,3287,15,19,0,141,52,0.36879432624113473,15,320.79581787279295,4.670824070492696,7.698801539761716,332,4468,0,0
533,8645,2232,9,14,9,292,104,0.3561643835616438,15,259.5746425836587,4.6064735150466785,7.07210091436745,51,2497,0,0
2192,1529,432,5,2,4,83,65,0.7831325301204819,2,248.84285545175243,7.225742152107783,8.3636894001269,345,3151,0,0
2928,6826,2363,12,5,10,180,86,0.4777777777777778,2,203.16162837084948,5.472231269658648,8.504855217725881,75,1654,0,0
2257,4316,1946,3,10,2,81,75,0.9259259259259259,12,290.7169907283937,8.497198291719139,9.662090475855095,484,2427,0,0
1151,1500,1979,19,6,8,175,61,0.3485714285714286,7,235.52433877951938,4.826684474361438,6.235093795412972,353,2574,0,0
3542,8212,534,24,17,2,101,32,0.31683168316831684,16,286.7332166001563,6.660357746809222,8.271901689728585,77,3467,0,0
3276,3554,1780,10,6,14,226,64,0.2831858407079646,12,312.876813530805,6.504561281325867,9.439572859903455,426,1337,0,0
1855,7383,530,10,12,1,108,24,0.2222222222222222,7,217.09123629314482,7.5988412303524395,10.260108739366135,367,302,0,0
3082,4177,369,7,12,4,261,78,0.2988505747126437,4,259.7230607941882,5.613518653602514,6.887626586150822,450,1791,0,0
2608,1947,2855,8,14,8,273,78,0.2857142857142857,13,274.8278267363151,5.5147809418328775,8.206407986340146,414,2242,0,0
2250,2239,1978,11,14,13,167,74,0.4431137724550898,2,214.86364672863536,5.51764180873502,8.207808600525514,59,3106,0,0
3003,1847,512,11,8,14,205,103,0.5024390243902439,6,280.3060458453834,5.27777659195311,9.002571480832994,128,1907,0,0
2802,9175,2865,8,9,2,159,116,0.7295597484276729,9,274.35044839040773,5.592531391741077,6.90326704615346,252,2593,0,0
8,4104,1328,23,4,2,97,32,0.32989690721649484,11,291.7397709615214,5.796561384328971,8.213206159814819,150,2790,0,0
3378,8375,2384,17,12,7,142,15,0.1056338028169014,1,234.37476257505193,4.951243880081013,6.611153892406977,453,3610,0,0
1922,9298,3281,14,6,14,97,19,0.1958762886597938,15,169.34609231620948,5.055237418666251,6.573119229473923,115,3510,0,0
3823,2209,399,21,12,11,219,44,0.2009132420091324,16,315.27262881588587,7.132489896373688,9.86772334953803,125,2637,0,0
2705,7103,2974,4,7,5,259,20,0.07722007722007722,19,259.3321252229652,6.288272424405672,9.82711245639172,196,4554,0,0
4638,8175,311,26,3,5,157,128,0.8152866242038217,81,86.31837200435696,8.578841279312353,11.745001587787096,1248,5202,1,1
2820,7138,2024,22,6,13,103,13,0.1262135922330097,9,318.74918181059115,5.750544628323364,7.384013760945405,322,3330,0,0
4634,3382,1176,23,2,6,84,70,0.8333333333333334,49,92.38541935511135,7.427791552978339,11.359285856154676,1341,8355,1,1
675,8190,1514,20,15,8,72,68,0.9444444444444444,12,239.01774922331228,4.855324048836509,8.098279522531442,87,3783,0,0
3163,6963,2299,23,9,4,223,101,0.452914798206278,16,195.83619262054145,5.1840591491541845,7.568101727724924,135,4292,0,0
4313,5385,1123,39,2,3,174,162,0.9310344827586207,154,56.58941884593406,9.996315178918296,13.529242209595962,1190,4004,0,1
956,9431,548,16,11,12,94,87,0.925531914893617,19,196.74794980036933,5.288300410160939,9.029309202489097,355,4581,0,0
3205,8635,3049,21,10,0,193,37,0.19170984455958548,4,195.75877145172493,4.58280255435745,5.936820239484968,85,2025,0,0
2391,8938,2028,16,12,6,297,79,0.265993265993266,16,214.50173629831346,4.056585563741448,5.1088302755651265,151,1195,0,0
896,5162,581,3,0,3,97,85,0.8762886597938144,0,310.5350626573758,5.482726761951827,7.998223896520025,150,195,0,0
1525,5700,3085,1,18,0,52,17,0.3269230769230769,4,311.36223712973765,7.0330168719778,10.495547862713867,311,590,0,0
3009,4112,709,10,13,6,219,42,0.1917808219178082,9,258.05759950936556,6.367766960532883,10.153483546720127,211,3953,0,0
3257,7169,3585,4,7,9,281,60,0.21352313167259787,12,257.0725054587186,5.325019958222942,6.596855297112537,281,2595,0,0
1563,5954,2738,3,1,2,282,105,0.3723404255319149,0,237.829676260244,5.6152398669720185,8.51044839744225,492,867,0,0
92,2333,3305,14,4,7,147,64,0.43537414965986393,0,264.8880125459199,3.7804589932877795,5.266500626962533,293,4020,0,0
4423,3193,1789,59,1,8,62,59,0.9516129032258065,52,53.90243851846133,10.229724235160083,14.915120000127477,1227,4587,1,1
167,1767,1041,21,13,6,276,16,0.057971014492753624,4,270.9103306377268,5.3981842579704304,7.1439250311152565,111,2393,0,0
3899,1789,2775,17,15,6,82,78,0.9512195121951219,9,307.8477945425412,6.672988777228138,9.51495099862301,286,331,0,0
1852,4569,2099,17,17,14,206,90,0.4368932038834951,4,213.39262549500535,3.2099031383448566,5.102894522619497,436,227,0,0
4366,5348,2120,24,1,8,136,115,0.8455882352941176,108,87.21977650082817,10.655017723639412,17.372776822754865,1483,7378,0,1
2013,3807,3164,1,15,5,208,110,0.5288461538461539,14,265.62424990986517,3.7212182700848166,5.256098054994474,289,391,0,0
1615,6957,304,15,10,5,164,42,0.25609756097560976,3,321.0589548398558,4.018147696890981,7.305724728172909,272,4288,0,0
3170,4182,877,0,8,0,184,68,0.3695652173913043,11,237.920827192716,4.9420669480746335,7.249006810484154,270,1721,0,0
2515,1459,2361,23,0,12,187,107,0.5721925133689839,17,285.099002788185,4.732130193997729,8.625848799277275,362,3328,0,0
875,1443,2219,23,17,4,145,30,0.20689655172413793,9,256.20209038860105,7.396889156165071,11.013207347404814,237,3422,0,0
2996,1679,1525,21,9,1,72,45,0.625,3,293.3470339292195,6.001317120140041,8.75160808606653,321,4047,0,0
3857,4223,2370,6,13,14,220,80,0.36363636363636365,4,290.9506297081026,4.724670431691111,6.265963535161282,370,4016,0,0
3910,3552,2853,24,7,11,293,89,0.3037542662116041,16,306.5099997545973,4.775262045258075,5.860119016152819,156,206,0,0
1065,7608,2799,21,14,4,141,111,0.7872340425531915,14,255.9007982053953,3.400428357419691,5.997471541283577,337,1400,0,0
3751,3246,1192,6,11,9,139,16,0.11510791366906475,3,234.6617462121467,5.444227357963402,7.5867047485149905,402,1850,0,0
922,4535,2925,8,10,4,183,76,0.41530054644808745,12,232.07982122435558,4.275000111339949,6.341866109112646,89,4269,0,0
1911,7230,2679,15,18,0,123,110,0.8943089430894309,12,255.38017181114753,4.8914081944307215,8.841887811830047,415,3956,0,0
3788,6623,563,17,9,6,295,105,0.3559322033898305,8,303.92518428565415,4.739450892587332,7.14641287455178,56,816,0,0
1782,8248,1127,18,19,2,93,36,0.3870967741935484,12,227.86142216569016,6.480338670217764,9.334436122761176,179,4263,0,0
1930,1390,2232,0,8,4,132,116,0.8787878787878788,16,270.7755082537686,6.8000444024812605,9.334436175463813,222,622,0,0
3492,7122,661,13,3,6,159,83,0.5220125786163522,11,310.07813100766657,6.101897845623079,7.447566534570997,230,3058,0,0
3723,8171,3457,8,3,7,172,51,0.29651162790697677,0,149.58243060840405,5.684603676246126,9.448756446206405,327,3165,0,0
51,5780,2465,0,16,7,254,13,0.051181102362204724,1,208.60534605421435,5.196135564569073,8.210855151347472,211,4633,0,0
1283,1981,1365,7,2,6,211,60,0.2843601895734597,13,195.6053493945371,4.815757819484756,8.729414189367102,424,691,0,0
963,8723,2593,24,10,5,117,57,0.48717948717948717,3,236.91066175388661,8.036231309527594,9.132727120495488,336,3291,0,0
4134,1546,554,41,2,5,102,87,0.8529411764705882,78,78.50017797294252,8.455782810727207,11.717226485255928,1158,6809,1,1
1776,2946,3182,13,12,8,233,114,0.4892703862660944,10,276.95207483763795,5.177988029382595,8.494667149539634,222,3241,0,0
1061,8945,492,22,17,6,62,56,0.9032258064516129,3,248.27178800780985,6.405717600497366,8.786698554830863,179,4007,0,0
3336,9750,2726,20,16,1,133,21,0.15789473684210525,7,201.6973229563576,5.658804315788011,7.226875331570575,133,4744,0,0
757,1233,2986,12,7,8,161,64,0.39751552795031053,10,176.22942994529888,6.522512793696016,10.441946927976742,251,935,0,0
4651,7371,1065,39,1,7,239,198,0.8284518828451883,192,83.11228177477338,9.046101894432898,13.813731489328617,1348,6395,1,1
582,8135,2098,3,16,14,291,24,0.08247422680412371,4,289.05869283053454,4.533615930731799,8.154650034414045,354,4341,0,0
1369,1749,879,23,14,14,222,54,0.24324324324324326,16,268.3607712901067,5.556246540160431,7.267046587675666,383,2261,0,0
1371,3556,2577,16,2,13,233,90,0.38626609442060084,6,314.18913041628866,8.35362258274045,9.379946847926202,474,3065,0,0
2372,7580,857,14,1,8,271,38,0.14022140221402213,16,301.42559541674547,6.569027395369827,8.123240620441262,100,4185,0,0
518,1919,2726,21,18,12,237,44,0.18565400843881857,11,204.97853872677553,6.092101961043143,9.343897331275523,59,1170,0,0
3353,9967,992,6,11,3,278,78,0.2805755395683453,11,243.88904854763587,5.821036867864653,8.246120570150884,424,2965,0,0
3064,5075,561,21,2,12,53,31,0.5849056603773585,19,249.5616358180224,6.635411085457756,7.70355341920676,128,4391,0,0
162,8373,2728,9,1,8,69,27,0.391304347826087,0,248.7486520627428,6.317766299200287,9.13652511245322,359,337,0,0
2896,4285,1716,23,17,4,194,56,0.28865979381443296,7,289.70457695832295,5.30754711823908,8.962877985563424,438,4938,0,0
3088,7135,2415,7,17,6,95,57,0.6,2,229.86637200288988,5.4167784205969705,7.756732712115389,68,4069,0,0
1648,7703,3191,24,11,10,251,68,0.27091633466135456,13,269.05326198511756,5.86513031232396,9.045230564877528,381,1256,0,0
2815,5393,2306,23,1,5,70,39,0.5571428571428572,13,216.65298828982543,4.842296014032069,6.097981995306884,83,4641,0,0
4965,1623,1600,52,0,0,207,187,0.9033816425120773,95,75.1699333822179,8.982608300638978,14.291236848656071,594,10840,1,1
1779,4051,2400,0,14,10,139,99,0.7122302158273381,4,250.52405799216226,5.198808642521379,6.4972250922798835,244,1757,0,0
3525,2268,1676,15,2,6,283,31,0.10954063604240283,18,323.9296058458573,5.812489609370954,7.452655057437773,201,4777,0,0
4249,8335,1342,21,1,0,170,141,0.8294117647058824,112,89.52402400344208,12.717247882628559,19.64314175581527,1286,5923,1,1
4937,8727,3241,53,3,7,162,132,0.8148148148148148,93,80.40398680676698,9.653542416938578,12.852696368492115,805,4856,1,1
1808,1476,1673,2,14,4,52,38,0.7307692307692307,18,274.1464972588793,6.132023223617021,8.92834433601787,481,4774,0,0
3269,7260,2590,23,13,4,60,45,0.75,16,219.15432458227207,5.695548723392237,7.722223850562189,420,2723,0,0
619,1974,1715,11,10,3,273,15,0.054945054945054944,2,296.67092414791443,3.7390635633691414,5.047778828395144,259,3827,0,0
4690,5368,3236,53,0,1,175,165,0.9428571428571428,106,56.41548512451509,12.005592096114672,19.927594592645182,1461,4757,1,1
4302,4771,3539,35,3,6,211,190,0.9004739336492891,155,93.77675315484214,8.411378153520557,12.427005222492989,1318,11536,1,1
3937,2565,502,10,13,3,200,21,0.105,12,138.05010826778337,5.224737074947075,8.057705360228779,484,341,0,0
453,8951,2795,16,15,9,99,52,0.5252525252525253,1,260.11634074420704,6.042089924800374,9.281178577740098,130,3831,0,0
2420,1425,3048,9,1,11,255,49,0.19215686274509805,12,214.73358345286664,7.468858851204876,9.340958292145638,239,2270,0,0
3695,1226,779,19,18,1,73,71,0.9726027397260274,13,238.04382781416112,6.189044143519639,8.472115138685965,190,896,0,0
1643,3355,3537,13,2,8,252,66,0.2619047619047619,0,250.52887654111242,5.923521639746795,8.811957181633835,384,1523,0,0
2451,7309,1458,21,15,8,166,56,0.3373493975903614,7,259.80338375518096,3.6867549337768217,5.825705365239719,265,526,0,0
1096,5901,3302,4,11,3,187,51,0.2727272727272727,16,259.72859904581543,5.3428867050811,8.466920697694968,131,3941,0,0
2634,6084,1676,5,10,6,184,47,0.2554347826086957,8,122.4169491322212,6.608844110515168,9.035995723739784,292,1937,0,0
2499,2318,352,11,11,9,65,37,0.5692307692307692,18,241.9849991726324,4.84266448429873,8.348077170595161,242,1286,0,0
1433,6882,2864,15,10,8,236,56,0.23728813559322035,18,201.56724338514488,6.8567248683926705,10.534757828427376,420,1305,0,0
3283,6418,1920,19,2,10,101,67,0.6633663366336634,15,273.60482735514324,3.6178989589214883,6.627569977205578,337,2368,0,0
1339,3312,2862,13,13,9,251,93,0.3705179282868526,16,307.19681566909736,6.435392150049627,10.121603323724393,257,516,0,0
4465,5893,3151,28,3,5,113,104,0.9203539823008849,69,87.39466289526665,8.646331939414274,13.309580830134689,826,9259,1,1
798,9328,3029,14,4,11,239,95,0.39748953974895396,0,223.5538748807345,5.008121307950346,7.021365298154888,464,442,0,0
775,1025,2154,0,4,14,64,60,0.9375,2,341.5777533637514,5.253538208081509,7.570662674544953,132,1155,0,0
4252,9559,2380,53,3,8,171,157,0.9181286549707602,123,147.0685311257739,8.314211157743562,14.812402748843038,1150,8981,1,1
2663,1805,3483,22,19,14,258,80,0.31007751937984496,1,256.59701204625765,3.8012206921524636,6.668166449312988,396,1109,0,0
2007,9453,1546,12,6,1,122,37,0.30327868852459017,13,297.59684603247206,6.800007317564212,10.433859359316235,247,764,0,0
3077,3260,2981,4,4,4,128,14,0.109375,13,207.37460673836884,3.748999117114568,5.5678907266960325,117,3386,0,0
2563,5090,1089,17,15,6,222,13,0.05855855855855856,10,196.61841471076957,6.533501980602031,7.9767713059008925,318,2473,0,0
4235,5012,2445,56,2,7,135,126,0.9333333333333333,87,88.10483334405191,13.64083742940997,18.998115083665645,1472,4033,1,1
4009,8246,1855,20,3,8,142,126,0.8873239436619719,98,65.82010079569874,12.476545824003786,20.330427854390727,645,11822,0,1
4943,7367,1456,39,3,6,157,155,0.9872611464968153,151,77.43575741980666,11.63251025599336,17.368639205867275,1125,11531,1,1
4180,1312,1135,54,2,0,126,118,0.9365079365079365,61,74.99082792008144,8.712783373662079,12.859328539263629,544,11498,1,1
1031,6281,1913,15,7,1,276,58,0.21014492753623187,14,305.7872911119855,4.68133650446448,6.090092546633626,394,2715,0,0
1049,7209,2859,12,1,13,190,71,0.3736842105263158,18,313.6378768317691,3.920959888882071,5.3796212358260656,290,2477,0,0
4484,7390,1824,58,0,0,86,72,0.8372093023255814,68,68.52066537751199,8.396610132415539,14.982954477328022,852,6621,0,1
2858,6906,1215,6,1,1,88,16,0.18181818181818182,10,260.80663763490315,2.917087688570537,4.8088758468868065,308,4000,0,0
2097,6745,1751,12,17,7,178,103,0.5786516853932584,10,221.9807172644977,5.626168134427003,9.205457118195032,241,736,0,0
1652,5530,446,1,13,9,261,25,0.09578544061302682,19,249.86459371124207,5.277585612142012,7.35959460506992,220,172,0,0
4722,5431,2016,47,1,7,84,77,0.9166666666666666,39,95.71339226316155,10.119043174717705,14.094415134841778,767,10007,0,1
2024,2924,1771,2,1,8,255,59,0.23137254901960785,15,235.92306949213094,4.708750470232433,6.173330462797178,200,4250,0,0
1247,9903,849,24,15,11,263,61,0.23193916349809887,8,249.96957588388554,6.696627120827243,8.85932613572674,196,2766,0,0
392,5155,3527,18,3,7,115,74,0.6434782608695652,1,260.9555300017205,5.577144785883126,6.728395106689754,61,2760,0,0
2190,1222,2652,4,0,9,62,51,0.8225806451612904,17,308.43844585055604,5.555230436481112,8.752277645424805,241,4069,0,0
4919,4672,2724,39,0,2,86,74,0.8604651162790697,62,67.23314853242411,9.17306345581866,13.941479645387247,679,4296,1,1
2213,1712,3401,22,13,8,178,45,0.25280898876404495,17,257.8295752693229,7.4749868235409185,11.078755549296261,66,2865,0,0
4229,3072,2699,48,2,8,147,119,0.8095238095238095,109,72.97816163487013,11.00028709565898,16.15680123191769,1321,8032,1,1
4820,7332,1245,31,4,3,120,111,0.925,96,106.870438933614,8.751414824716191,12.110657482217801,571,8717,1,1
2768,6961,2259,20,4,0,210,10,0.047619047619047616,4,274.9559324063618,6.173453108315948,8.32047649918925,129,2879,0,0
3846,6336,2617,14,9,6,277,41,0.148014440433213,5,138.9969249307637,5.035235085156358,7.075453707564733,496,2691,0,0
108,5036,2072,17,7,12,254,90,0.3543307086614173,18,225.52802787408888,6.544160877069072,9.578209334746262,396,2096,0,0
3812,2471,3580,20,0,7,299,29,0.09698996655518395,8,234.08157259737874,6.600020568722985,8.287254789166017,465,3896,0,0
4717,1904,1036,58,2,2,133,132,0.9924812030075187,89,63.56848118158758,9.09840294025389,15.370012293847495,1012,6302,1,1
602,7523,509,2,6,6,188,113,0.601063829787234,6,254.8956868804321,4.600987444615699,7.822516008270655,353,1238,0,0
3579,1263,3081,1,7,10,94,81,0.8617021276595744,13,314.54853746262575,6.115641074539629,9.77139775093117,485,2541,0,0
1275,6171,1329,10,13,12,167,39,0.23353293413173654,19,202.27806868545184,6.006915720136311,7.576206394574344,317,1261,0,0
4369,3076,770,25,3,6,184,183,0.9945652173913043,146,58.374681409082214,8.263732580299264,12.226014655727036,1499,11292,0,1
4387,5985,3437,24,4,7,116,115,0.9913793103448276,84,50.071706603230034,11.661209788167639,17.514461705381656,867,6564,1,1
3030,1360,2536,5,1,6,218,116,0.5321100917431193,8,267.35148787499435,4.9681078820108455,6.576224055776497,230,2734,0,0
4641,4184,2519,22,1,3,238,206,0.865546218487395,189,85.36358716572131,12.33524261755402,15.949642327249016,1424,5339,1,1
2019,9186,395,4,18,12,86,13,0.1511627906976744,11,300.7928259496489,4.032966048561281,7.3178469669291655,303,4765,0,0
601,3001,1563,6,5,11,157,34,0.21656050955414013,4,186.40404994436386,5.711396567470659,7.847506634214136,453,1718,0,0
1825,4756,1463,6,9,14,223,57,0.2556053811659193,7,258.30094239372863,6.496462615412984,9.4372809626549,99,4438,0,0
4766,5612,1907,50,1,2,73,63,0.863013698630137,40,88.68106753842903,8.991172110030321,16.101829391958788,616,6701,1,1
4207,3071,2029,35,3,2,125,115,0.92,89,95.0690420144337,10.404748713530969,15.033951048520846,1378,8262,1,1
469,3600,3586,16,13,10,81,24,0.2962962962962963,17,135.09442064351273,4.981319417864282,7.533199864321041,62,3772,0,0
4022,3364,3039,21,4,9,51,41,0.803921568627451,31,93.51922329360762,11.300537251111612,16.288141116190346,975,8340,1,1
1707,6202,2233,15,6,10,173,36,0.20809248554913296,6,269.7460883604013,3.980232117189961,7.485610607219574,210,3037,0,0
3300,7339,1201,11,1,1,187,31,0.1657754010695187,8,233.00157475704478,6.233375186363284,9.255866793266053,266,595,0,0
3646,3672,2284,2,14,4,154,72,0.4675324675324675,0,238.3582311415927,7.29749884082561,10.561616486906892,215,397,0,0
3810,4533,626,3,19,8,191,18,0.09424083769633508,14,275.563787079038,5.93004183655985,9.507067668611423,484,292,0,0
1551,5476,852,9,17,11,109,34,0.3119266055045872,16,303.41704710116323,5.110674819628174,9.006993500008496,483,1184,0,0
3891,3228,3078,18,1,5,108,19,0.17592592592592593,11,171.09981198645647,5.591204994191433,7.197114642302983,466,3017,0,0
1675,9335,1956,23,11,14,150,25,0.16666666666666666,5,214.20464472378941,6.054052700842132,7.791715460262266,394,4834,0,0
3193,8323,3086,1,11,10,222,61,0.2747747747747748,12,228.68955498704645,4.053897271981441,7.9323780624654585,344,2132,0,0
2580,8849,2793,13,16,10,201,14,0.06965174129353234,10,225.19430101083117,5.584021760933093,9.113257321712663,198,259,0,0
264,3295,2945,17,5,10,103,42,0.4077669902912621,1,250.19015380615937,3.873680646038416,6.912541644243739,439,3745,0,0
2650,4756,2533,2,10,10,213,73,0.3427230046948357,1,307.182540540854,6.046240758613307,8.092910198413987,444,4968,0,0
1904,8541,2941,19,0,13,115,89,0.7739130434782608,15,284.71724472035663,4.072334989532402,7.842053140716965,417,1225,0,0
642,6991,3519,10,6,5,133,107,0.8045112781954887,9,271.76190685925656,7.1720468820043415,9.249049186242132,435,3384,0,0
206,8833,1687,2,8,3,175,14,0.08,5,340.3938079399595,5.850785175754809,7.793835515306054,444,3090,0,0
445,8037,3483,2,10,5,275,37,0.13454545454545455,13,208.4059378288063,5.390767569813455,8.438725384946054,408,1911,0,0
699,9831,876,3,1,6,224,78,0.3482142857142857,9,301.1420735775382,5.309553814070783,7.213922373302787,109,356,0,0
2970,4696,509,18,9,11,271,99,0.36531365313653136,0,254.21540988487834,4.644749939310072,8.219943816094464,187,959,0,0
4314,7892,716,25,2,8,223,204,0.9147982062780269,146,94.68201249040546,6.800192740052861,11.124458513601148,585,9132,1,1
43,3681,1624,4,5,2,243,14,0.05761316872427984,7,177.5957829251338,4.092536225623444,7.530934927395952,376,4412,0,0
1552,6560,3046,1,5,14,179,108,0.6033519553072626,11,245.16957575715642,5.318290607973197,8.033987510954308,97,712,0,0
197,1572,1837,10,8,6,147,37,0.25170068027210885,16,208.62048896756403,5.5861438830463745,7.961045807632344,114,3688,0,0
2654,9686,2957,1,17,14,164,86,0.524390243902439,10,305.0448948616226,5.232768465085568,9.148173877230048,152,235,0,0
3476,8457,398,9,4,4,170,73,0.4294117647058823,0,231.93323066542274,5.475632157504157,8.105212380935166,414,2358,0,0
1427,4872,1865,12,9,0,125,95,0.76,10,245.92530670202538,6.282094611019561,8.372095956768355,112,1402,0,0
1688,4181,1817,18,15,8,251,69,0.2749003984063745,19,270.6415222848231,4.787246210292116,6.92017035922105,279,4946,0,0
3728,5728,2526,3,3,3,108,98,0.9074074074074074,11,204.98150484680286,5.679908526420143,7.612496283618009,112,2162,0,0
150,1009,3204,7,15,0,265,51,0.19245283018867926,4,303.49252493505196,4.587051926975991,8.140574709534302,216,3373,0,0
2084,5835,508,14,16,9,278,112,0.4028776978417266,19,200.7055939391667,6.030441521644747,7.310611454356209,328,2794,0,0
4035,2778,2037,36,1,2,158,138,0.8734177215189873,126,41.083764598768454,8.751344763793938,11.915015825219792,912,5151,1,1
1612,3751,1645,17,15,11,130,107,0.823076923076923,9,214.35370257087095,4.310241255195884,5.896691474286393,426,3323,0,0
3422,2841,2753,17,15,10,131,101,0.7709923664122137,7,265.22181713457945,6.201957654294375,9.222992342960564,129,2040,0,0
2924,5445,1364,3,6,2,74,37,0.5,19,214.27639968070258,3.9010726340578907,6.609625789555549,177,4425,0,0
514,5052,3489,15,5,2,233,64,0.27467811158798283,12,306.8902911348936,4.908986826472893,7.784635201567208,324,603,0,0
35,2687,1366,2,0,0,189,59,0.31216931216931215,18,272.3144674000959,6.636242317119263,10.097522848433066,217,4013,0,0
3051,7564,2984,20,8,10,111,95,0.8558558558558559,17,363.1613764313676,6.4555360257614005,9.040319666946314,231,605,0,0
1121,2184,1341,3,6,13,240,34,0.14166666666666666,12,162.59931531856685,5.173666434292631,7.565877290586341,461,2675,0,0
80,5944,1251,16,19,5,133,114,0.8571428571428571,7,378.667990162493,5.559218434014488,6.760447866179771,264,2582,0,0
4055,6854,1442,40,0,4,203,193,0.9507389162561576,124,86.03792126882936,8.059273165633995,14.52011513424155,1394,11166,1,1
1214,5862,990,19,2,2,269,105,0.3903345724907063,4,282.84493531598235,4.7776525953849704,8.621403832188461,220,2048,0,0
1744,8734,1895,6,5,10,68,37,0.5441176470588235,13,367.1428504143704,5.64476549111764,8.746286478154282,490,3022,0,0
968,6025,2925,4,17,11,260,26,0.1,17,222.5404615351588,5.078525162568708,8.040015054051741,263,1143,0,0
4046,1361,2220,29,4,5,85,71,0.8352941176470589,41,90.35368387776066,11.266558217197874,17.127708130367527,1123,5565,1,1
4886,1492,1353,42,4,4,87,82,0.9425287356321839,67,106.19748052634642,8.555828579141942,11.682743309452587,599,8321,0,1
1642,6942,2613,5,0,13,92,59,0.6413043478260869,6,253.949993637616,5.275784449394816,7.84555859386126,339,1292,0,0
428,5539,3286,7,11,6,222,55,0.24774774774774774,7,237.77778350378182,4.498641500769449,6.561773049727855,164,4259,0,0
3423,8735,1122,6,0,1,241,37,0.15352697095435686,3,231.82028325368105,5.9477592456772905,8.877214481816456,186,1713,0,0
4060,2790,2337,52,2,2,135,109,0.8074074074074075,108,109.60929932701973,8.76224540689126,14.118386243490985,562,5013,1,1
2232,1006,2423,20,13,7,55,42,0.7636363636363637,5,278.8096375164211,6.899903441169558,9.746748769335923,444,1699,0,0
3443,8354,1165,12,12,6,276,30,0.10869565217391304,2,288.2498596963959,5.404659957773365,7.3018492524234055,382,846,0,0
232,2054,2141,17,4,13,181,118,0.6519337016574586,2,244.89357799825004,5.909258387597243,7.026246425321977,412,1357,0,0
4893,6143,2276,50,1,9,220,193,0.8772727272727273,124,114.19529302306566,11.126090318945208,16.74989764249284,575,10355,1,1
774,9664,3485,13,2,1,240,30,0.125,14,257.2874809768435,6.857821575116201,8.016091419612474,498,861,0,0
4797,6267,2584,24,2,1,92,88,0.9565217391304348,58,95.14953820307161,9.965175261711659,17.65570422332806,881,5440,1,1
2349,4196,1472,17,19,13,113,87,0.7699115044247787,14,178.67999872167331,6.559226709236261,9.309052544486638,464,1576,0,0
352,5485,3520,5,4,12,135,59,0.43703703703703706,18,326.69274705160876,5.637844504880784,7.341121304915328,188,916,0,0
684,6494,2077,19,14,14,123,63,0.5121951219512195,6,239.30624162226806,6.470316201788282,9.63131630928626,168,3238,0,0
1115,9830,3208,7,14,4,166,93,0.5602409638554217,8,278.6050104150494,5.118923545553273,7.414997944454498,309,398,0,0
830,4349,410,5,12,13,270,42,0.15555555555555556,2,276.87926535219026,6.053001671903652,8.424073528481529,192,2542,0,0
683,8195,3287,11,9,14,114,26,0.22807017543859648,4,270.4719265321126,5.223328228280854,6.2508248788323035,102,1073,0,0
1767,1907,1560,10,4,9,209,18,0.0861244019138756,6,249.2719958190412,5.595872906860529,7.1237027388354885,118,3465,0,0
2554,3995,2156,7,7,4,104,62,0.5961538461538461,6,142.01791171607806,4.646184933288162,8.56692359589311,470,4593,0,0
2597,3584,1090,3,10,4,128,99,0.7734375,8,277.08204008819956,4.194511087876401,7.6073893215406,179,3581,0,0
1144,5016,2287,7,11,8,150,67,0.44666666666666666,11,215.98926888638485,5.076639443725243,6.435940239457898,218,1807,0,0
3594,9452,2202,2,17,1,109,50,0.45871559633027525,3,225.1963215420459,5.136645904892042,8.707809862311027,374,667,0,0
3633,8229,2918,16,8,5,270,112,0.4148148148148148,8,290.5330934916734,5.486369382357603,6.993589228851768,197,3074,0,0
3650,9327,3034,1,12,8,126,12,0.09523809523809523,5,246.9416858308874,5.200270846932951,7.205627362972466,459,3563,0,0
1128,6267,2232,20,11,2,264,116,0.4393939393939394,16,251.83483291156193,5.812140829407403,8.795494611443976,399,2757,0,0
3364,6986,910,6,14,6,149,117,0.785234899328859,14,250.85007914935073,3.9678519679505584,7.789535830368466,246,4188,0,0
2592,6403,1107,9,5,1,261,103,0.3946360153256705,2,322.58794038369354,3.422779122924045,4.800823151008931,115,4904,0,0
2838,3363,803,11,3,1,272,45,0.16544117647058823,11,262.7267150518474,4.849766913770714,7.652294052736986,443,1389,0,0
4505,3005,1446,48,3,6,234,187,0.7991452991452992,178,81.89239795569536,11.090968727223917,15.851886552734724,1368,7871,1,1
456,8867,594,15,1,6,119,71,0.5966386554621849,17,312.6421317213742,5.051775383699851,7.075508732973013,278,270,0,0
2690,7746,1899,5,8,13,135,15,0.1111111111111111,14,317.4736552630812,4.54353285626039,5.98814525426653,252,2249,0,0
3632,3843,1872,17,4,6,164,36,0.21951219512195122,17,237.6141791174094,3.4910320985269117,7.2024360826709195,432,1432,0,0
2118,1355,3391,22,4,14,194,94,0.4845360824742268,12,146.46288176355378,4.374926444758763,5.514634854346074,178,3724,0,0
379,2902,1019,7,11,12,168,55,0.3273809523809524,10,220.45914506320975,6.1550406137817895,7.833277826813477,57,189,0,0
189,9266,1749,15,4,8,152,18,0.11842105263157894,9,257.0443123455602,3.731560634437148,5.627737355203467,294,4086,0,0
3796,5100,727,18,13,14,116,29,0.25,2,265.83297240905,4.162025155538266,6.504056388755427,482,3421,0,0
3337,7496,2162,23,15,1,201,109,0.5422885572139303,11,273.2510350286432,5.221153676949322,8.100013280462138,169,4446,0,0
657,1968,2077,0,3,3,179,46,0.2569832402234637,2,242.14816547036853,7.353410797899828,9.914381676473985,92,3449,0,0
2330,8154,2299,16,12,0,229,96,0.4192139737991266,0,209.0998874840092,6.593785263527444,9.745630115204595,244,1955,0,0
853,8076,2944,13,8,13,68,37,0.5441176470588235,6,281.75050282550444,5.005650517821867,8.357409272424487,95,4721,0,0
3210,7661,2332,17,5,8,67,50,0.746268656716418,17,318.49509610024654,5.478751502652946,9.02384694339955,348,1051,0,0
1278,4484,892,11,16,8,277,59,0.21299638989169675,18,166.8078899080575,4.451313388364404,6.760119971711092,174,211,0,0
2886,5201,1535,13,12,4,281,105,0.3736654804270463,16,172.72758364462578,3.6625308281695004,6.660593313587022,319,4001,0,0
407,1920,2847,18,0,3,103,38,0.36893203883495146,13,272.90840573943495,4.520278775283193,8.513526942313796,257,1873,0,0
4068,2346,3144,47,4,9,126,115,0.9126984126984127,74,81.11679556016475,9.650643411254068,16.082824628951144,923,8326,1,1
2862,2573,1387,19,18,11,169,98,0.5798816568047337,8,206.35200362495289,5.1435733017722045,6.576699795720989,499,1149,0,0
1972,1563,2625,9,6,13,219,34,0.1552511415525114,6,289.2130784751213,5.639878223773011,6.779091299510475,305,2518,0,0
1149,1989,3363,16,13,7,190,51,0.26842105263157895,14,170.64059651607732,5.2926839039917555,8.362207754299648,258,3843,0,0
3037,6552,3174,14,1,13,197,103,0.5228426395939086,3,297.68751296975694,6.120086589499454,8.3883330014113,363,4974,0,0
2012,3358,1038,4,6,3,263,88,0.33460076045627374,4,172.81847390631577,6.467429419154058,9.630227064179792,151,309,0,0
1070,2376,2747,9,0,3,225,89,0.39555555555555555,2,342.8738604647865,3.7262808754107573,7.356096710522553,477,1987,0,0
3087,9456,3524,14,15,7,221,55,0.248868778280543,9,240.50456464643253,6.033265754979249,7.590726881536504,447,3678,0,0
4161,9023,1661,32,0,9,234,225,0.9615384615384616,172,70.40651812839795,10.472303469744555,17.309280391939204,717,8620,0,1
3865,7470,3213,17,2,13,243,20,0.0823045267489712,19,350.4613234069523,5.505645791608937,7.2426284923761,465,1350,0,0
4403,1776,1348,20,2,3,197,176,0.8934010152284264,101,48.13548787890445,10.51366819134312,18.00090637834236,623,8282,1,1
4998,5597,2813,31,4,6,199,162,0.8140703517587939,122,99.0015016125509,9.789042558229198,16.277557630520242,772,10325,1,1
3437,2418,2850,15,6,14,156,21,0.1346153846153846,2,189.69707056760151,5.55496730174823,7.081754943621856,496,3842,0,0
3537,5182,3316,21,3,10,175,90,0.5142857142857142,7,314.8264235875451,5.5720943666536975,9.145731495902918,461,3577,0,0
640,6574,570,19,0,12,188,45,0.2393617021276596,17,361.6596923325593,4.612607609892474,6.380225232329112,315,2533,0,0
2089,6659,1255,15,12,4,179,75,0.41899441340782123,6,202.50286346450565,4.830590183714566,5.867004174164842,181,1682,0,0
4176,6454,715,37,2,8,183,161,0.8797814207650273,112,82.70994846270959,13.016815262671079,17.566163299246725,524,10712,1,1
4863,6824,2842,24,3,8,144,122,0.8472222222222222,68,105.38924757623542,8.419157700444693,13.334491898908162,1469,4703,1,1
2062,6190,3545,22,7,11,254,70,0.2755905511811024,3,285.5523051272652,4.328958960338184,6.832169922460015,210,2498,0,0
4550,7608,636,43,1,8,191,184,0.9633507853403142,155,66.67306795739141,9.29355461028479,15.925510215545035,1153,10027,1,1
3308,5817,1629,13,16,5,165,40,0.24242424242424243,5,215.80075528547474,4.895033029403772,6.76256741056077,331,4356,0,0
3429,9012,1367,14,5,8,265,71,0.2679245283018868,9,217.6926586556924,4.9330691921623195,8.33402489796007,282,3536,0,0
2550,6612,682,8,15,4,92,72,0.782608695652174,11,212.66876086345067,5.286568838110073,8.604936852928272,156,216,0,0
1611,7467,729,19,6,1,220,73,0.33181818181818185,3,204.77997488345653,4.684212274831427,6.57548518117239,197,1006,0,0
1807,9337,1912,11,17,12,149,45,0.30201342281879195,7,192.26739075482084,5.5236750563302675,8.598563528126665,113,2393,0,0
585,2951,1525,16,18,10,238,63,0.2647058823529412,5,246.65545292026368,6.9546564788292216,8.9567931240891,245,941,0,0
402,1298,3153,8,19,7,126,37,0.29365079365079366,18,212.46489864818508,5.455239692387827,6.599516623623933,91,4606,0,0
3673,5968,1194,7,13,14,233,57,0.2446351931330472,6,274.4479256198773,5.203233117658023,8.270652028211316,88,1224,0,0
98,5497,3333,6,16,13,236,115,0.4872881355932203,2,207.21126252937142,8.241878340269917,11.89687340983976,220,3083,0,0
4830,9038,1289,35,4,7,147,129,0.8775510204081632,128,89.39159394307019,9.556333434751187,16.02708572952677,705,10310,1,1
1344,4174,889,10,3,8,147,49,0.3333333333333333,17,214.7678350938334,6.271344579212739,10.117734716888718,50,373,0,0
288,4197,3430,4,11,0,102,84,0.8235294117647058,5,310.88742428256,4.631558970747851,6.845141127469461,167,987,0,0
676,1652,1679,12,14,10,217,64,0.29493087557603687,11,248.5724007732159,5.618679084067691,7.075363725818291,177,3788,0,0
1548,3737,589,10,2,4,167,47,0.281437125748503,1,270.6673144344101,5.172171030885994,7.425627449204755,353,1428,0,0
3822,3917,3230,18,19,4,162,102,0.6296296296296297,2,268.1387919362078,6.8483504554252415,9.329688331413035,73,4118,0,0
1944,6688,2473,7,17,5,242,22,0.09090909090909091,2,246.11383002731154,7.780894135025777,10.588797595283243,371,3709,0,0
1649,1988,2159,4,0,13,212,93,0.4386792452830189,8,257.4114943594517,6.053649664022086,9.247352098813804,389,2595,0,0
3904,7047,3295,2,8,5,199,71,0.35678391959798994,0,306.34009621448376,5.893936813995268,9.3248045047481,104,3166,0,0
4218,6933,382,24,4,4,133,106,0.7969924812030075,98,75.65534065060258,11.996969804650954,17.998409158121596,730,9696,1,1
419,4138,2681,22,19,14,185,17,0.0918918918918919,3,302.7772301065988,8.25072303053733,12.23446899764311,58,3999,0,0
1479,3558,3259,24,16,4,240,107,0.44583333333333336,0,246.4519162761923,6.364597216722969,8.341327716170955,186,4006,0,0
3546,8090,2035,10,13,13,151,79,0.5231788079470199,2,200.45566283528,6.709665141818549,9.393533613228284,56,4718,0,0
4329,4480,2401,39,0,0,139,113,0.8129496402877698,81,66.21843733447119,9.24812917394675,16.961213686384944,1177,11425,1,1
2194,7423,2690,13,17,12,217,116,0.5345622119815668,5,268.3523396464984,5.779811854302356,9.02330893710702,65,1889,0,0
1407,2848,2668,17,3,10,142,15,0.1056338028169014,12,307.468888655951,6.7892908725376735,8.428783479713399,492,1016,0,0
3279,8550,3478,16,6,0,115,80,0.6956521739130435,3,270.40570830320434,5.308055284887203,8.495598979388657,351,1471,0,0
3140,7117,2721,22,3,13,255,60,0.23529411764705882,9,156.36165792871753,6.640814410894432,10.025740308525787,319,1822,0,0
621,1975,1427,21,7,10,231,55,0.23809523809523808,19,254.32150945437712,5.075896184415901,7.693477566797845,380,2009,0,0
1357,3995,2569,2,19,2,293,18,0.06143344709897611,17,184.3027751645015,5.764541376102067,9.166412345340513,480,4918,0,0
1578,6958,1429,19,19,12,163,54,0.3312883435582822,9,250.96836637436567,6.0827305583275635,10.031779850446009,475,4522,0,0
1368,4549,3575,3,2,7,152,16,0.10526315789473684,6,91.26255309332618,5.182651544555379,8.307824109659885,348,1478,0,0
4977,7745,3008,59,0,8,159,152,0.9559748427672956,106,71.19654947772793,8.039856320773286,13.142096338432138,829,8920,1,1
1394,3315,2480,4,8,3,134,75,0.5597014925373134,13,222.09591978430663,5.326792776178937,8.883762300505483,259,1848,0,0
494,6378,3333,11,1,10,139,113,0.8129496402877698,11,244.7828603506554,5.8933070500053235,8.702946236303836,307,4477,0,0
2699,5365,2809,2,17,6,268,17,0.06343283582089553,13,275.2909340345692,4.1411987145089775,7.5330810628108065,285,3033,0,0
608,6127,2620,16,13,5,88,44,0.5,7,146.38536569137807,4.548079859770782,6.650101405602622,401,2018,0,0
346,5482,682,16,4,13,236,85,0.3601694915254237,19,194.88539250817882,6.181359510442948,7.8359821140994645,299,3658,0,0
95,1329,3323,16,14,11,106,64,0.6037735849056604,15,269.00989255029816,6.1105857452838235,9.530269188868173,264,2521,0,0
4833,8024,1100,35,0,7,239,237,0.9916317991631799,236,91.5092406911791,13.478363501791675,19.16688577168499,780,5441,1,1
3415,2727,2270,22,16,6,138,60,0.43478260869565216,7,310.63896601022725,6.932695533622052,8.565101242409009,103,791,0,0
1001,8904,1298,24,18,10,87,53,0.6091954022988506,16,280.6134905052696,3.9405642208737746,6.7710999495837,352,4370,0,0
4485,7466,982,54,3,6,239,219,0.9163179916317992,187,57.32296526078953,10.336814966395817,14.015309755979573,1416,10342,1,1
1409,4894,1463,9,13,10,56,49,0.875,1,226.9354488980145,6.05559621157167,8.109218916730908,460,3165,0,0
4706,1876,1027,20,2,7,151,123,0.8145695364238411,72,85.92242826658898,9.300158700803452,16.19489008674899,500,4730,1,1
3046,8264,601,24,4,9,75,65,0.8666666666666667,6,196.70629497575788,5.77364598746979,8.332788860128652,405,1048,0,0
3774,6960,975,6,3,1,188,17,0.09042553191489362,11,198.44508880628732,4.774974052980735,7.965239587288686,462,1720,0,0
1774,4726,838,11,1,3,119,105,0.8823529411764706,19,303.97617580250846,6.191828791311735,8.694617004561252,343,3316,0,0
4835,6018,1775,20,2,7,209,178,0.8516746411483254,97,37.92063103870348,11.754986145891575,18.36840655924417,1366,10499,0,1
2026,5953,2255,17,11,1,82,65,0.7926829268292683,0,234.73252892143964,4.445774713997082,5.753185512973834,152,1207,0,0
20,5199,2004,15,2,8,133,108,0.8120300751879699,17,258.7416505995736,4.283145107640761,7.358830700718841,257,1056,0,0
3708,5632,2392,16,8,7,179,23,0.12849162011173185,7,294.84650689870966,5.423982516187885,7.756149794066623,354,3332,0,0
1747,8108,1414,16,2,1,124,77,0.6209677419354839,7,260.78680093036957,5.920550244709765,9.131871185919675,262,2963,0,0
4558,8931,1079,57,0,9,59,48,0.8135593220338984,31,105.3684062385326,10.706556798041772,15.323797778969922,938,5531,0,1
1865,7371,864,4,15,2,139,28,0.2014388489208633,10,280.37733618179664,5.011891788861847,7.269240440668364,247,1410,0,0
1890,4741,894,2,8,13,67,25,0.373134328358209,6,203.8987837411409,4.78417408612525,8.562572602444952,121,4513,0,0
4223,7238,1878,30,3,5,246,230,0.9349593495934959,228,89.84415852606772,11.799543850774286,17.104529793725685,955,8371,1,1
4396,6800,1304,43,3,0,180,152,0.8444444444444444,83,90.92466383576675,11.126388930204108,14.9562083898724,1131,4429,0,1
3936,2414,2903,15,3,12,273,97,0.3553113553113553,9,242.94249469596227,3.8968880387363733,5.785903738699045,199,3423,0,0
1465,7382,2472,23,12,11,264,45,0.17045454545454544,18,160.7595173971669,5.670889127156838,7.301737505252984,129,2402,0,0
776,4083,1503,0,18,5,112,86,0.7678571428571429,7,244.22898493987938,3.9163920655798026,6.571878266182308,328,3495,0,0
666,1869,1399,15,15,10,96,53,0.5520833333333334,19,349.9619848166751,6.63997511450051,7.75864763418835,122,3687,0,0
4268,3971,3354,31,2,9,139,127,0.9136690647482014,93,79.27088815998925,8.29381241309006,12.488658432920012,901,11836,0,1
4866,1086,2306,28,4,1,130,117,0.9,109,95.40459161292739,8.250190983344305,13.576995872200017,1045,9780,1,1
1196,2895,853,13,1,12,130,78,0.6,16,126.3777170952826,6.28146741424745,8.087858702748383,85,2902,0,0
4570,2646,557,54,4,1,247,236,0.9554655870445344,177,50.900910674954176,10.370170059488458,16.36115213014508,1163,5556,1,1
3629,5040,636,14,9,3,290,85,0.29310344827586204,16,208.11500655790846,4.512616206733201,6.543801112893194,219,4169,0,0
2665,5445,3412,24,9,8,119,73,0.6134453781512605,3,278.5126361771812,6.255027793519647,10.00777614560917,117,1615,0,0
384,9339,3336,3,17,1,58,41,0.7068965517241379,4,274.0891853930642,4.804138579855224,6.8855620952798855,491,1959,0,0
559,8456,814,17,11,12,175,76,0.4342857142857143,2,217.21181286471545,4.688318899675404,5.965904562775561,435,4257,0,0
1514,7950,3019,24,13,1,252,17,0.06746031746031746,9,298.5442944544079,4.955940781981169,5.984366175766258,464,1449,0,0
4275,4369,3221,59,3,3,143,141,0.986013986013986,93,79.64377094929277,11.28240938974335,18.85888339191537,719,11121,0,1
902,7984,3111,11,7,9,237,68,0.2869198312236287,16,243.33098329005867,5.3925509272438195,8.03258942691018,390,1659,0,0
504,9102,2729,5,3,0,139,58,0.4172661870503597,8,173.24906186670626,6.037517383020115,9.839451305453673,281,346,0,0
1952,2455,2008,4,6,3,179,31,0.17318435754189945,12,170.49043383728508,5.4826319924909015,7.06381835108067,382,4152,0,0
2287,4079,2895,2,18,0,196,41,0.20918367346938777,8,219.8521095559291,4.179358340470193,7.555611230192051,82,898,0,0
170,9737,2539,7,2,8,101,91,0.900990099009901,19,234.64525576444493,6.526154281396866,10.39482085334371,162,4300,0,0
4564,1470,1351,42,4,8,179,146,0.8156424581005587,110,99.8951552301443,8.478987504186543,15.135070765310637,592,4680,1,1
750,9007,1068,11,14,7,277,34,0.12274368231046931,6,143.04429377845744,5.354062563886698,9.126717868414678,302,4728,0,0
4280,1828,2875,53,0,9,209,195,0.9330143540669856,106,88.20844549810136,10.487497968985197,16.808453373394237,898,9192,1,1
3582,8629,1509,0,12,8,83,57,0.6867469879518072,17,281.6162412262987,4.446160404774775,5.578095031927354,300,3618,0,0
49,3193,775,10,16,12,273,58,0.21245421245421245,0,127.38676993421333,4.5987061813353325,6.418927397127451,360,4713,0,0
2291,2230,536,3,4,7,197,53,0.26903553299492383,4,392.17249072116124,6.054343296694595,7.46897541277864,107,3078,0,0
3332,9321,411,22,6,5,59,15,0.2542372881355932,10,269.46735114033953,4.447320716096916,7.162547172674406,84,2271,0,0
110,5286,2429,6,4,10,204,47,0.23039215686274508,12,241.64409598415727,5.646713686433323,7.652070249210748,207,1674,0,0
3363,4571,955,20,19,11,224,114,0.5089285714285714,0,266.0745358782105,6.756089547943566,8.029016086151309,474,3428,0,0
4916,9015,1473,27,3,7,175,167,0.9542857142857143,100,49.14580536436368,8.703722141049177,16.14220639390402,834,6124,1,1
358,8299,1792,22,15,0,136,57,0.41911764705882354,1,223.55111459679924,4.443442357239747,6.7333152165792125,482,727,0,0
69,8577,2769,24,12,9,111,13,0.11711711711711711,8,224.9606808791203,7.407018901910556,10.548366266476535,337,3862,0,0
1223,6885,538,2,5,7,179,21,0.11731843575418995,13,228.04660506835603,5.17275734703825,7.493834970944697,448,1769,0,0
2579,1789,1939,6,12,9,148,24,0.16216216216216217,3,120.50130862287415,4.825418826675852,7.822594790549239,363,332,0,0
1834,4138,2285,4,12,11,90,38,0.4222222222222222,17,285.0248531579082,4.745395617606727,7.908261549057744,67,2391,0,0
3115,4621,1568,9,2,12,264,28,0.10606060606060606,8,295.3107934602801,4.905807729461143,8.667398175294634,347,662,0,0
3706,4965,2013,1,12,0,186,116,0.6236559139784946,7,369.3591033605653,5.177619175769937,6.477468947805177,404,4820,0,0
2950,4781,1235,5,8,10,216,26,0.12037037037037036,2,244.6529485979318,6.7825719892295755,9.46383954507718,367,2507,0,0
3131,5178,1403,5,8,3,279,88,0.3154121863799283,15,318.2529160756112,7.1839933375190705,11.145830332671924,352,713,0,0
3380,3561,3242,23,8,12,268,54,0.20149253731343283,14,249.97478950631324,5.283602827992126,7.577096992158861,198,1884,0,0
1681,8432,2435,20,3,11,76,11,0.14473684210526316,2,263.59702954702703,5.448081641223939,7.586862572691259,132,1483,0,0
955,2024,1362,3,11,0,90,57,0.6333333333333333,0,243.60245249640056,6.008669766645867,9.369454084335853,94,179,0,0
1708,1421,3300,11,17,9,215,13,0.06046511627906977,2,236.73486675744732,5.793841646183831,9.379196185796943,230,1908,0,0
3349,6021,404,2,1,11,289,33,0.11418685121107267,7,179.4705593698411,6.201474931220291,8.322589142819897,418,4949,0,0
3020,5228,1797,0,6,12,172,90,0.5232558139534884,2,300.96311507023444,3.354671773639374,6.626652638744168,191,3151,0,0
4342,4838,2055,46,2,3,53,49,0.9245283018867925,35,83.87681371430388,11.476499294858563,15.141142978106682,905,4526,1,1
1429,5723,1444,10,18,6,167,23,0.1377245508982036,1,236.1215046498154,6.045681638190336,9.305289333611825,205,3519,0,0
2765,4745,2117,8,5,9,244,93,0.38114754098360654,14,204.60746178010754,5.1305739014411404,7.827709016753828,424,4464,0,0
4245,7600,2283,58,0,2,241,225,0.9336099585062241,211,89.74230317074141,7.30142641802774,15.201119149456746,783,4813,1,1
3124,1783,1522,16,7,8,104,18,0.17307692307692307,1,177.2628014245072,7.044244839852571,10.186267514160598,198,3560,0,0
3267,5694,356,4,3,11,295,39,0.13220338983050847,11,274.3803683780561,4.563014126491516,8.409880543034234,408,3649,0,0
243,5152,947,2,18,1,271,56,0.2066420664206642,7,310.46330554843695,4.060435946623816,5.267524569287365,190,1867,0,0
4642,3378,3572,28,2,2,152,148,0.9736842105263158,83,62.77269260081963,9.575833627375724,16.605693738268574,1222,10873,0,1
2613,9629,1923,1,15,10,249,115,0.46184738955823296,3,241.58988934045848,5.289053357369692,7.321378759338598,111,1020,0,0
3234,3081,1891,7,15,7,178,19,0.10674157303370786,13,210.54556622440566,5.624495095430636,9.539115678356183,389,2828,0,0
144,8117,311,13,8,2,123,75,0.6097560975609756,7,125.02971425632134,7.790942572590742,8.867868770010048,203,4860,0,0
2693,2932,3543,7,3,8,183,75,0.4098360655737705,6,241.9490323871758,4.542544562006058,6.68005906785576,409,1480,0,0
1932,4709,2152,17,2,6,164,101,0.6158536585365854,7,268.1872322080134,6.009779130693784,9.615506026806145,331,3472,0,0
3240,5372,1092,6,19,9,285,60,0.21052631578947367,17,239.45773286370965,6.480278991109378,9.119136838684733,181,1894,0,0
4742,6970,3039,22,4,6,51,41,0.803921568627451,35,80.02397914301805,9.029484684698376,13.386018203479129,518,9995,0,1
2812,7894,2048,3,10,9,200,52,0.26,8,181.88199830572583,5.541987125201085,8.005958236927771,233,1141,0,0
3923,1496,2618,19,13,6,145,31,0.21379310344827587,2,206.0935951548446,6.702917308596421,9.464858752176063,178,3702,0,0
4902,4362,3345,35,2,4,162,136,0.8395061728395061,83,60.45317699753588,8.249448274087449,15.09137448917254,875,6824,1,1
943,7459,3055,2,3,0,50,14,0.28,13,155.03414226034204,5.172076892604422,7.459648638484525,184,3312,0,0
4559,8204,3302,54,2,4,161,158,0.9813664596273292,137,79.06382581923822,9.748937293079099,15.170818860646726,1142,9339,1,1
2015,2890,2108,14,3,0,289,83,0.28719723183391005,14,291.66089890194206,5.430921878382451,8.798367256727351,378,2011,0,0
2184,9603,325,17,12,14,192,47,0.24479166666666666,2,221.30326834629,5.5092900683066945,9.223599472572548,140,2037,0,0
1512,5854,1097,0,12,0,53,38,0.7169811320754716,2,328.62734524305273,6.203703550908141,8.545808984883758,165,183,0,0
3505,4752,3568,2,6,6,98,37,0.37755102040816324,5,206.5821013357641,3.945745295757185,5.872663421385225,353,1219,0,0
2466,6327,465,16,4,8,112,29,0.25892857142857145,3,231.4020113241154,5.645787915187781,9.407899899556494,417,2805,0,0
3553,7941,1086,16,18,3,152,58,0.3815789473684211,16,235.0589818679903,5.061201769590846,7.398210882310389,151,1582,0,0
1232,9315,1326,18,11,3,229,97,0.42358078602620086,0,206.2277535668127,5.006657049925744,8.475598925868615,322,1310,0,0
3478,3052,311,23,11,3,96,93,0.96875,14,228.45699196218607,6.118424412477087,7.7084248459201445,387,918,0,0
1654,3930,1292,10,3,3,184,84,0.45652173913043476,15,213.75429231172518,6.206955009920542,9.055492254741566,417,1106,0,0
2143,7965,1548,18,12,9,78,19,0.24358974358974358,4,256.8624701441367,6.332718244943051,8.896412758702908,375,566,0,0
3005,6513,3059,3,4,6,87,68,0.7816091954022989,10,271.69974258457296,4.9045496063293585,8.005034513715831,101,2231,0,0
2304,9793,1617,2,3,2,252,109,0.43253968253968256,12,175.90627365891748,4.49396322642254,8.087212162827349,92,3888,0,0
1302,8371,2969,7,14,2,183,91,0.4972677595628415,1,251.82433831705995,3.858819261132554,4.955855124889247,209,805,0,0
4276,3048,381,58,0,8,74,70,0.9459459459459459,59,79.14877843757274,12.125755134333936,19.21281187834215,1484,7607,1,1
705,4900,2145,9,15,6,95,94,0.9894736842105263,3,292.45713029660953,4.22548089269263,6.826331686620263,161,4151,0,0
1727,8405,2686,24,13,5,255,87,0.3411764705882353,19,258.29457653705293,6.030789697251019,9.59343992239205,286,4911,0,0
3231,5652,493,2,1,10,91,30,0.32967032967032966,17,271.0898520291047,7.217394551251721,8.598849545051348,92,4472,0,0
3254,2505,1441,9,11,1,250,43,0.172,14,354.9282952279621,4.534277409342968,8.086313461368102,60,4544,0,0
1597,6714,1108,11,6,9,128,112,0.875,19,262.56656302292464,5.508521072738392,6.6723856822055065,310,405,0,0
4374,8097,3086,57,2,2,146,134,0.9178082191780822,94,46.71535886772874,9.685068143679956,14.590098676670344,1097,6993,1,1
4362,6066,1086,21,3,1,145,118,0.8137931034482758,97,68.02074747470287,8.674567802974844,12.210329894625776,1441,7124,1,1
4008,7980,2558,30,0,1,108,97,0.8981481481481481,89,77.70461284153194,12.74065430270511,20.011782484026295,1138,9392,1,1
228,6476,1353,16,5,11,262,71,0.27099236641221375,10,342.0108567420996,4.754526507937885,6.580670030704141,486,2121,0,0
365,5524,1568,13,13,14,55,44,0.8,7,274.2223302639469,5.961666294711363,8.115499522647667,290,2562,0,0
805,3577,478,23,18,6,126,54,0.42857142857142855,11,261.74267994837555,6.741197279410085,9.753677321737891,141,1487,0,0
2909,9261,667,14,4,5,296,80,0.2702702702702703,2,218.64837361207893,6.488067257144149,8.42515422545673,468,4706,0,0
3083,9623,3125,3,1,14,103,51,0.49514563106796117,0,160.38909744309552,6.373891755377407,8.544352343464642,210,536,0,0
910,7324,1732,24,3,7,63,61,0.9682539682539683,7,225.48241162440658,3.78489985667713,5.84988497979219,302,3231,0,0
3293,6599,2585,13,16,12,121,116,0.9586776859504132,7,292.3565576761572,5.654526778451691,6.760903849028981,150,3452,0,0
1820,9096,1853,1,15,3,125,44,0.352,1,206.63164364605365,5.590522565463439,8.001158928956155,195,2908,0,0
2582,8902,2206,4,11,13,51,27,0.5294117647058824,12,303.57719850853164,7.053915415455506,10.865700244822133,128,1570,0,0
1889,2378,582,14,19,2,282,95,0.33687943262411346,11,268.45306911087164,7.866729303753344,11.150526812048703,486,347,0,0
3344,9184,3124,6,14,2,148,10,0.06756756756756757,7,244.08599484807684,5.962008452013238,7.556621201504811,220,4582,0,0
4436,8515,1180,25,1,5,125,107,0.856,69,80.54398748365819,7.230764010597248,10.93684068470101,1264,7740,1,1
498,9446,3297,15,9,8,117,113,0.9658119658119658,11,315.55837489013123,5.275681029121896,8.931397665244592,269,2671,0,0
4525,4842,1471,44,1,1,206,181,0.8786407766990292,154,81.94507895381932,8.311579066844104,13.396100303708657,520,11140,1,1
2423,8675,523,24,2,8,173,67,0.3872832369942196,18,254.46046162205087,6.980883591296067,9.272067966928821,89,2608,0,0
3095,7960,3266,17,9,0,271,48,0.17712177121771217,3,277.3937618497351,6.517792987204089,10.48604186046547,100,1082,0,0
2103,3520,2556,0,16,13,151,91,0.6026490066225165,14,211.0732842642362,4.426901056693207,7.0582327826024684,412,749,0,0
3939,9577,1916,15,3,6,205,12,0.05853658536585366,5,216.0816893403974,4.99964710717529,7.012085661111525,378,1477,0,0
1753,3023,2600,21,8,11,143,65,0.45454545454545453,17,247.1404722579588,5.793760917553371,8.34579053513101,56,2869,0,0
1430,3699,1276,21,16,3,65,62,0.9538461538461539,19,136.5782783485672,2.8334334578280065,6.5049409198717445,122,680,0,0
1547,1557,2052,24,8,0,50,41,0.82,13,346.46349983106415,5.397232538512401,6.728561919335855,361,3817,0,0
139,2198,1286,22,10,9,83,74,0.891566265060241,17,283.4234064764555,4.983103137110216,8.576929644975326,418,4783,0,0
2132,3104,3239,7,11,7,93,21,0.22580645161290322,10,219.13504651209772,6.1985754808620195,8.60386530234777,492,3114,0,0
309,5733,3382,9,18,13,284,41,0.1443661971830986,9,305.94408101491996,7.333922652193784,8.689167769721578,283,3711,0,0
4413,6443,903,37,2,4,56,44,0.7857142857142857,26,69.94382557830787,10.078060953922211,17.941809761336486,1362,9526,0,1
2260,2845,2182,18,0,6,223,15,0.06726457399103139,1,131.08701895575,5.1638794019977095,7.700740654933538,290,1293,0,0
4691,1681,1974,30,0,9,133,111,0.8345864661654135,64,91.66897012696941,7.97177627676688,15.580973409297302,1391,11812,1,1
3925,1065,344,22,6,1,189,66,0.3492063492063492,7,209.61653665557856,4.893687743021738,7.511453823892195,68,2070,0,0
3178,8359,1332,24,3,11,140,60,0.42857142857142855,3,213.16838989001457,4.325688163504674,8.156076362626063,424,1694,0,0
1375,2432,1468,22,15,10,248,113,0.45564516129032256,3,203.511524033672,6.240584670730891,7.739407775877217,56,2326,0,0
4164,6656,1799,57,2,9,76,69,0.9078947368421053,49,100.29637133777642,10.932884901382838,17.08408184055059,856,11579,0,1
1754,5499,3037,9,7,0,182,27,0.14835164835164835,14,205.1184551216316,6.290759760837597,8.59819828416506,377,3980,0,0
3212,6431,1746,2,8,9,163,64,0.39263803680981596,6,258.15402627244947,4.3063416757860224,5.693703715255681,427,555,0,0
983,8336,2175,15,6,14,121,20,0.1652892561983471,19,259.1506464155741,4.508472958895368,8.227535592182306,206,2888,0,0
3587,2393,1541,16,6,13,110,30,0.2727272727272727,14,237.89850668488015,5.808601055508868,7.76628825614002,306,389,0,0
2474,3272,2920,14,15,5,102,10,0.09803921568627451,6,339.7536828313781,4.168457628191855,7.313227007455229,265,382,0,0
2374,1139,3535,0,13,10,270,33,0.12222222222222222,17,266.31774799074884,5.513530088415347,9.417684275877944,191,2519,0,0
1704,3661,923,9,19,1,255,100,0.39215686274509803,12,277.3768109640997,5.631620688988932,9.600790086653078,88,110,0,0
1293,3448,2327,8,9,11,99,48,0.48484848484848486,14,287.52592420787767,3.9928719770848486,7.053504656035402,370,349,0,0
1381,2709,2432,3,6,2,230,107,0.4652173913043478,16,161.4288724278078,4.27011688471346,6.160672987553415,396,1621,0,0
3428,8297,2222,21,10,0,256,113,0.44140625,0,231.34296747417707,3.5167447848202817,6.243655297692721,307,2697,0,0
2830,7040,543,0,19,12,266,59,0.22180451127819548,7,317.6923918374541,6.316277700182567,9.050318083280352,78,2528,0,0
1123,8351,2677,13,9,14,240,116,0.48333333333333334,6,193.95515131159203,3.7952242557719558,4.844835629453968,428,1436,0,0
1580,8247,394,19,0,4,103,44,0.42718446601941745,19,224.89142465737112,6.9846904025987575,9.245388301003137,203,1537,0,0
4511,5003,2128,26,1,3,127,111,0.8740157480314961,88,111.5518597036486,8.830376012304074,14.473057043959113,807,11672,0,1
3041,7973,2087,13,8,11,274,91,0.33211678832116787,8,225.35137514118333,3.296388576654356,5.253810823030935,463,3992,0,0
4253,7567,1757,58,4,5,119,105,0.8823529411764706,90,86.18854775373752,8.98774855639219,13.665262711300565,524,4757,0,1
3176,7267,945,18,1,10,87,69,0.7931034482758621,3,207.74009429572217,6.920999164216819,9.435830056070325,397,640,0,0
412,9750,2615,3,4,0,236,40,0.1694915254237288,6,310.1238873826504,5.817146984710475,7.0577072551468145,252,2255,0,0
1938,4240,3513,6,5,1,236,49,0.2076271186440678,8,267.5647638665482,4.985098338329041,8.121203754588894,111,4345,0,0
1919,6156,2662,7,6,10,191,28,0.14659685863874344,6,323.1708723988362,5.865390784362143,9.44250589300104,193,4096,0,0
1460,2517,2061,1,9,2,272,61,0.22426470588235295,6,230.0371677027019,6.4068705346102846,8.206849509774887,185,4593,0,0
40,8400,3470,8,6,11,196,85,0.4336734693877551,13,239.98975521344653,7.524720998001007,10.003797971316422,193,3240,0,0
1069,4139,1693,19,5,6,255,25,0.09803921568627451,5,207.68603212954667,3.7971758928623762,6.699407076488073,461,1965,0,0
2218,7392,2627,9,11,9,75,70,0.9333333333333333,7,295.33241929046414,5.780291291965907,7.174629341910544,273,2546,0,0
4923,3443,2890,41,2,5,208,182,0.875,142,113.39764022652528,10.106546137405187,17.642525135709455,811,10105,1,1
184,2124,1170,14,3,3,235,13,0.05531914893617021,9,261.2342362875943,6.43259083187309,8.607167926406579,359,2123,0,0
4697,4649,1534,41,3,7,164,145,0.8841463414634146,111,56.819786066470016,8.984250992537248,13.364967551710967,1215,9000,1,1
1004,7211,1103,15,13,10,277,54,0.19494584837545126,1,312.2335088408747,6.352844270094341,8.518812274724882,75,1038,0,0
4188,3372,2401,26,0,8,206,190,0.9223300970873787,152,80.06606713776536,10.710236923030196,14.812112835409591,504,8289,1,1
3771,2015,2874,23,19,7,63,32,0.5079365079365079,9,272.1993611693792,5.306713547266193,7.319765001586814,315,4521,0,0
1008,9722,3134,14,13,7,83,59,0.7108433734939759,18,240.5326870913372,4.055550024421319,7.786589063347286,423,2303,0,0
4887,2039,401,33,1,7,78,67,0.8589743589743589,56,75.6827649986666,11.579437136829988,17.200332689034795,1499,8911,1,1
2951,6415,1947,13,13,1,247,67,0.27125506072874495,12,325.92742782223013,5.753396153489224,7.776342960681497,322,3255,0,0
4224,7548,1731,51,3,8,212,211,0.9952830188679245,173,81.569982798023,9.571643574647835,13.636745179572197,954,5011,1,1
4578,1506,757,31,0,3,80,74,0.925,42,48.00888356765027,5.90577600269319,10.108889196200389,959,5661,1,1
4305,4684,563,25,3,6,89,72,0.8089887640449438,63,75.71414604598363,8.340869690544295,13.718344163822664,618,5526,1,1
2547,9995,3025,24,6,3,177,65,0.3672316384180791,2,255.42683369779493,4.466613525502887,7.652280944192702,473,3663,0,0
1190,4462,2461,0,6,1,164,101,0.6158536585365854,6,298.75171034768755,5.077127664665896,8.913226782554057,304,1694,0,0
3393,8421,883,11,17,2,156,47,0.30128205128205127,12,140.2664160308613,5.131892334939299,9.051998183659665,408,1615,0,0
2449,9752,3273,10,6,2,292,110,0.3767123287671233,10,364.6809592623213,6.31990116131547,9.367854765316455,326,2194,0,0
726,9899,303,2,18,1,143,93,0.6503496503496503,3,254.99347508325368,6.656939765564332,8.422637068597183,170,4368,0,0
1074,9808,3055,19,10,11,198,25,0.12626262626262627,14,309.59656181075366,5.1972471300382335,7.126766444621268,444,853,0,0
449,2340,3151,16,19,6,208,104,0.5,17,296.65640361705346,5.277279299223393,6.418869404315529,119,4757,0,0
114,9213,1206,17,13,14,267,91,0.3408239700374532,11,222.05390763642058,5.877211875064521,9.152001462851588,56,128,0,0
545,7697,1247,3,8,10,184,51,0.27717391304347827,13,302.7365667490898,4.709939127402047,7.569182690876745,136,3597,0,0
4092,7012,1029,21,2,4,214,207,0.9672897196261683,146,67.8437407596031,9.347156560820634,12.983657741482707,1001,4973,1,1
2320,8091,2781,5,14,11,242,20,0.08264462809917356,4,185.4973753775421,5.114578693838185,9.002287455971082,132,3964,0,0
1813,6052,3306,21,2,0,154,40,0.2597402597402597,18,265.03297244429837,7.306357159372556,8.355665333169538,230,1834,0,0
4196,6271,3106,32,1,6,177,145,0.8192090395480226,101,63.7398150465117,8.74242342665543,15.174830922086745,589,10926,1,1
2384,8150,746,13,15,8,162,86,0.5308641975308642,10,272.3652371657601,5.560250985563642,7.59534988495883,402,3849,0,0
732,1952,2897,15,14,5,280,25,0.08928571428571429,8,216.77814089473262,4.472882575781217,6.009405781304615,394,3331,0,0
4889,6818,2961,23,4,2,108,89,0.8240740740740741,69,63.99176345219285,8.637047780525302,16.133169075336202,1127,7676,1,1
119,9782,3263,17,19,6,76,55,0.7236842105263158,2,217.5013394068265,6.437223621534849,10.172731726414582,427,3046,0,0
1596,4183,829,3,4,8,172,67,0.38953488372093026,2,234.6319379326075,4.350512363421518,7.3352425851436935,349,1450,0,0
1108,4411,1725,22,17,4,78,62,0.7948717948717948,15,231.12797548571103,4.599838766490198,8.495260868703255,356,260,0,0
2616,9083,584,17,4,10,134,92,0.6865671641791045,2,273.0119471613959,7.195612533278086,10.606334789429706,388,3074,0,0
2532,9013,2629,11,5,11,278,58,0.20863309352517986,14,332.85053669627155,5.587146593757937,7.928868718443464,253,2755,0,0
4764,7295,1170,24,2,4,197,182,0.9238578680203046,130,65.05003466623526,8.970278482440563,15.003515431299704,752,6144,0,1
4093,8805,3462,55,0,8,103,93,0.9029126213592233,55,93.85745109020016,8.697730849622625,12.005104984822474,1294,6438,0,1
553,2582,3218,21,16,11,88,38,0.4318181818181818,18,275.0415795502106,4.62152619865794,7.644406919758014,108,4125,0,0
2199,9694,1652,12,12,7,222,19,0.08558558558558559,16,229.0697735000341,6.9186335642519685,8.930535057772035,471,360,0,0
4197,2563,1338,56,1,6,181,147,0.8121546961325967,115,86.1163430064762,9.899528323804514,16.314587204875245,807,8659,0,1
4663,7351,3386,38,1,9,141,131,0.9290780141843972,124,65.98059179178533,11.001214426065447,17.7297169143074,864,4195,1,1
704,6323,1504,14,18,10,194,98,0.5051546391752577,9,190.89919762709684,6.224420704732579,7.51799171288193,464,4432,0,0
3455,7428,2166,12,16,8,75,74,0.9866666666666667,3,95.20095045170459,6.64224712954755,10.344772327902064,141,426,0,0
4715,3428,2037,29,1,2,196,193,0.9846938775510204,136,57.266046384920756,11.006069081449962,14.974737375765672,1126,7324,0,1
1974,4088,676,7,7,13,160,81,0.50625,9,201.04270441127574,5.647919025802776,7.732223471182284,91,4710,0,0
1107,8180,1496,3,14,13,258,24,0.09302325581395349,10,299.1794286974096,5.606663103325119,8.633462707847494,443,4417,0,0
39,3914,2792,16,16,13,154,39,0.2532467532467532,19,223.84059532064452,6.4491429877809985,10.1357126732696,226,495,0,0
4607,9561,565,37,1,5,199,162,0.8140703517587939,97,67.82552508470516,8.902815578298851,14.609268939308865,916,10064,1,1
1076,8892,1953,14,0,7,100,88,0.88,11,268.0095639050803,5.658230869653286,8.32176853672618,400,4462,0,0
4067,3411,2958,54,3,6,241,197,0.8174273858921162,100,48.57100766827108,7.728795377529323,15.301657018864692,1470,7505,0,1
1269,1888,1542,16,14,2,136,57,0.41911764705882354,3,220.76364821135834,3.732714795998401,4.9814673581367845,359,3669,0,0
3955,1331,592,9,17,3,273,56,0.20512820512820512,10,287.3008668869581,7.1602195172137915,9.52685023020333,348,3655,0,0
1274,7827,1948,0,15,3,174,79,0.4540229885057471,14,141.93194536873204,5.613897571998479,7.17160270666728,488,1504,0,0
4102,2715,833,21,0,3,95,91,0.9578947368421052,58,82.8847586447406,12.187831166112067,15.534833649573846,1087,4716,1,1
2997,5216,2586,15,18,11,188,43,0.22872340425531915,3,289.2144062863854,4.437029603021868,7.626923347283229,75,1994,0,0
2763,2064,1340,2,19,5,202,59,0.29207920792079206,4,357.3766566389993,4.997707329922923,6.919919628903397,298,4888,0,0
3800,7693,2662,6,9,9,205,53,0.25853658536585367,12,204.9826516444118,5.63027296907476,8.784282259132707,473,754,0,0
3211,2224,1041,0,12,6,119,42,0.35294117647058826,9,295.3561090396376,4.025487249474326,6.5998275377721205,313,4466,0,0
1021,7094,2384,13,14,13,81,52,0.6419753086419753,15,287.1736494714033,5.816125816359723,7.585342595384575,442,1736,0,0
3362,4927,2334,5,4,12,133,103,0.7744360902255639,9,334.93775824588585,6.953841156216391,8.669825591094517,186,1469,0,0
503,4407,1493,1,9,0,125,78,0.624,6,210.4307756958974,5.8394355548108985,9.701271192292227,393,3857,0,0
2969,8679,3531,20,1,13,252,43,0.17063492063492064,17,210.30592274008396,6.699855335521919,8.864696028084703,281,2496,0,0
2637,6999,3558,0,15,13,122,85,0.6967213114754098,7,227.5469374988461,4.682621017611453,7.076723063303824,319,3146,0,0
4870,6262,3383,57,3,9,195,168,0.8615384615384616,118,63.28691196005653,11.25550970431638,14.430235542593582,735,5058,1,1
2072,5174,1303,3,10,5,287,40,0.13937282229965156,1,180.28501134991484,4.375365560372393,6.178056429616916,280,2702,0,0
3499,8218,2245,19,16,12,192,108,0.5625,19,253.06743826656182,4.923426931053881,8.730115252180381,312,2541,0,0
4024,3446,1023,25,2,0,95,76,0.8,60,64.77408194043943,8.19496802375493,12.483353573341567,804,6542,1,1
1766,3226,2280,10,8,11,57,21,0.3684210526315789,3,289.7850456211781,6.04015970887014,7.872041399589568,240,2389,0,0
2890,5500,948,5,8,0,126,109,0.8650793650793651,16,214.00932245033647,5.901725637726161,8.232947976315367,462,3582,0,0
1722,5734,3339,9,16,7,95,75,0.7894736842105263,15,242.62124178014028,5.343110424640822,8.357283439115786,317,4321,0,0
3392,5158,862,7,10,2,148,60,0.40540540540540543,2,189.08214223092492,5.254996994841916,8.543192495098568,139,715,0,0
1449,2568,867,3,18,5,164,28,0.17073170731707318,14,343.7612694241694,5.604514036075821,7.1827700673139585,90,3921,0,0
3968,2457,1328,18,15,13,248,113,0.45564516129032256,19,219.26051304388227,4.77239523644184,7.7976913009676405,225,880,0,0
1635,2259,1933,2,19,7,185,35,0.1891891891891892,2,200.5592579801546,5.034524208983354,6.887012626097977,391,1114,0,0
3357,6351,1611,6,16,2,148,49,0.3310810810810811,19,250.76127160698593,4.142235138382766,5.806500498693525,175,182,0,0
887,3548,1246,21,18,2,159,76,0.4779874213836478,11,266.58924006011415,3.937343049885001,7.325900895186612,433,454,0,0
4740,3783,1665,58,1,4,126,116,0.9206349206349206,100,69.65298256789963,8.239672786778113,13.58122099599557,791,4978,1,1
4836,1034,734,25,2,2,176,158,0.8977272727272727,131,82.17501027698441,8.84669120879898,13.336570246010805,799,5599,1,1
4584,3370,608,41,1,2,214,198,0.9252336448598131,119,100.58308891065752,9.976374630380457,17.024131135865126,589,6176,1,1
3731,7337,3252,12,11,8,260,101,0.38846153846153847,12,307.50811841297656,5.430188550867323,6.915400967695293,329,1150,0,0
250,2884,932,21,5,0,203,27,0.1330049261083744,17,146.32895555318086,5.07094807315215,8.892293590360667,369,767,0,0
3687,3173,574,1,2,9,56,49,0.875,6,264.0438605468645,6.049359668259751,7.160858006792607,313,4995,0,0
4003,7071,3420,51,0,7,179,168,0.9385474860335196,101,85.2428775331685,11.633120546788724,19.532079988983554,1141,8957,0,1
263,9682,2143,14,19,5,114,58,0.5087719298245614,14,258.28294717842664,5.116916586447436,8.187206261160966,419,2152,0,0
908,7412,2264,20,15,9,207,34,0.1642512077294686,19,270.0411581867643,5.907997127249764,7.4746076875383265,106,2515,0,0
1773,8988,3224,11,0,3,99,17,0.1717171717171717,11,302.0606183316761,4.879629579731391,6.89640673064052,415,3087,0,0
2911,8269,2647,19,1,4,74,56,0.7567567567567568,3,278.99882884786297,6.984060553220697,10.691380541633006,147,4854,0,0
44,4141,1128,11,6,10,208,28,0.1346153846153846,9,234.8837878961846,5.495437171009704,7.901419096992083,107,555,0,0
1195,1539,311,15,7,0,149,29,0.19463087248322147,18,258.6421155308177,5.966018230013384,9.579836952865568,248,3360,0,0
1447,3520,2829,7,10,0,178,12,0.06741573033707865,0,286.14984673121614,6.737738105749225,8.27113312144497,253,4761,0,0
3127,6504,539,0,15,6,241,83,0.34439834024896265,19,299.9944356326137,5.765111500801246,9.36801823548485,460,4837,0,0
2957,1054,2799,16,15,9,159,11,0.06918238993710692,1,180.80567550319546,5.235996228446046,8.013749956312186,411,994,0,0
1899,3398,2058,15,6,5,77,14,0.18181818181818182,8,249.92246015094088,5.517678501836877,7.792595621734158,138,3904,0,0
3106,1370,2846,23,14,3,186,100,0.5376344086021505,15,257.47205763068587,5.005545397179548,7.9621177525733895,193,3711,0,0
4101,8925,1266,26,2,5,218,198,0.908256880733945,159,96.33862432042456,9.596760501961162,15.73810362218418,1320,6061,1,1
3080,3632,3329,1,13,1,273,110,0.40293040293040294,12,258.79468759793235,3.507034554116772,6.566709346033194,426,3620,0,0
126,1021,2469,8,9,13,203,12,0.059113300492610835,10,282.51407874798514,7.067353001959409,10.018235559579772,74,1366,0,0
4595,2725,490,37,1,5,227,205,0.9030837004405287,186,104.2606019028837,7.91173100156481,12.265521718191504,961,11934,1,1
4698,8626,3121,34,0,6,79,66,0.8354430379746836,57,52.33441366211423,9.476020681027936,16.93516904689459,1231,11293,0,1
4523,5172,2668,30,1,6,142,127,0.8943661971830986,74,72.27901835429768,9.543528102088805,17.214661844285605,1457,7511,1,1
3536,3553,1152,19,12,0,198,17,0.08585858585858586,14,186.36897095085834,5.028956432367172,6.386575424415305,177,3805,0,0
1787,5773,758,3,4,6,119,117,0.9831932773109243,7,239.37706374828653,5.7504302830010445,7.426517558962016,324,600,0,0
4980,7929,1850,28,1,5,151,150,0.9933774834437086,134,108.46043130265627,9.970605602900841,16.0241795367528,1493,10718,1,1
1878,5742,3021,12,3,0,110,67,0.6090909090909091,16,184.04877325753324,5.412918994831685,9.041542173994603,428,2157,0,0
2509,7900,315,12,12,3,139,16,0.11510791366906475,3,214.6079407122378,6.900305807374279,10.746648130871838,467,4551,0,0
1138,5355,3064,18,3,2,215,72,0.33488372093023255,19,230.14634878576808,7.04436921590882,9.719787590757225,232,933,0,0
1812,9556,3268,6,1,0,149,53,0.35570469798657717,0,345.11172187731796,4.928586690132944,8.485513179797815,459,3846,0,0
2392,7766,559,19,14,13,86,33,0.38372093023255816,9,253.96703813829245,5.837998120695936,8.014612853166536,287,3265,0,0
1665,8971,393,17,9,0,92,59,0.6413043478260869,12,229.70727901616425,5.022310145109907,7.223141167353347,148,3109,0,0
356,1183,1518,23,13,12,125,40,0.32,1,184.31924269604667,6.3538085623090685,7.885386065342642,201,1128,0,0
3577,1259,744,5,5,0,192,56,0.2916666666666667,6,233.53980947833904,4.860933645499765,8.012701703741174,405,2479,0,0
2142,4768,2167,4,2,13,274,29,0.10583941605839416,18,234.76628315725995,5.350564900573862,9.24231227233135,339,1752,0,0
4272,8243,1964,24,4,8,153,150,0.9803921568627451,78,62.44582651624699,10.747533296519558,15.728290175235246,845,10858,1,1
4834,4109,3566,23,1,8,159,155,0.9748427672955975,137,73.09791299676229,11.5605814434262,19.532465942015126,957,4020,0,1
2929,9982,803,5,16,3,252,89,0.3531746031746032,17,208.93566021399147,7.410435632133414,9.260082513255687,211,4012,0,0
728,9007,2927,5,1,2,81,66,0.8148148148148148,19,191.76003013154389,5.640014486875615,8.878955924582845,241,2467,0,0
4044,4803,3457,49,1,4,221,178,0.8054298642533937,139,62.25293548411959,11.641247567551323,17.353331032219284,799,7541,1,1
2399,5847,3496,9,11,13,284,94,0.33098591549295775,4,216.6841391727687,7.159270664219191,10.828477471730906,239,4115,0,0
2826,1805,2756,8,16,9,250,83,0.332,5,207.81658746952527,4.097885800096617,6.974296476354606,298,2605,0,0
4711,5605,905,37,3,8,224,208,0.9285714285714286,192,79.51939634530265,10.002302498568046,15.167951322646658,1447,6761,0,1
2981,2106,3288,9,4,11,172,15,0.0872093023255814,11,309.8892968973621,4.032186707501078,5.068437944044365,285,3839,0,0
82,7645,1781,5,18,14,269,103,0.3828996282527881,3,264.4921132084234,5.245178731627635,9.083525118028533,337,4973,0,0
3472,4446,700,8,12,6,89,80,0.898876404494382,6,312.63225036565234,4.640745496021921,8.436203300790263,76,737,0,0
2107,4712,2535,18,0,2,236,77,0.326271186440678,19,339.0441991469459,6.775981735228839,8.5409870093096,470,3328,0,0
4168,2133,1224,21,0,9,76,75,0.9868421052631579,52,93.07145727431522,10.998235041175338,17.50734601895857,506,6108,0,1
2750,2029,3587,3,11,9,91,66,0.7252747252747253,11,303.2228104070318,5.378958507932461,6.637013070623503,78,569,0,0
3290,5372,3499,23,12,13,270,74,0.2740740740740741,1,200.8621653579583,4.094415916922561,6.6018071950647546,389,704,0,0
3615,3998,617,23,16,6,111,79,0.7117117117117117,15,353.9123663640554,7.265084667684981,9.367898704042119,493,1801,0,0
2469,1764,1686,16,4,7,212,22,0.10377358490566038,18,362.6172397990713,5.823348656303348,8.894126741543271,195,4347,0,0
4811,9850,2106,45,1,2,78,63,0.8076923076923077,47,85.94943493691567,12.075441292669137,19.917299841770422,1040,9515,1,1
425,5683,2904,17,14,8,288,86,0.2986111111111111,10,226.88713599595744,6.407618276800207,9.46950496454776,63,4569,0,0
1650,7628,1652,4,15,2,126,12,0.09523809523809523,11,263.851922741477,3.6708190589151997,7.074461622444309,89,2837,0,0
4264,3355,911,24,2,1,104,97,0.9326923076923077,55,112.9721255920744,9.542771300300068,14.711053054158558,1149,4608,1,1
2400,7149,3387,10,9,8,251,51,0.20318725099601595,13,228.43795183604507,8.148890015190267,10.11215329311287,159,4692,0,0
4739,2773,3106,56,3,7,205,190,0.926829268292683,186,94.71804943776762,10.959137438227692,16.169939371819055,545,6852,1,1
3480,9899,1550,8,3,1,172,32,0.18604651162790697,6,276.88827622473775,6.420975210921846,9.93447625668448,388,1597,0,0
3713,7230,3067,12,13,8,187,95,0.5080213903743316,17,328.09350603280296,4.9538169872728774,6.770862029637996,325,2575,0,0
2814,6447,3391,7,4,11,114,32,0.2807017543859649,9,190.82088182909894,4.319987664603491,6.300769391868224,499,434,0,0
4782,1468,1737,57,4,9,178,169,0.949438202247191,105,69.01596497517394,10.148744977511585,16.747569877995634,1158,6962,0,1
1860,8590,1891,14,18,13,84,53,0.6309523809523809,5,287.71569843932787,6.799500767006587,8.548066339765043,76,2374,0,0
3225,2521,2875,17,15,4,261,52,0.19923371647509577,6,254.32662205400774,6.49005711078776,9.387362265362624,265,223,0,0
2748,4733,3117,4,17,13,56,33,0.5892857142857143,18,274.0870516293813,5.575901022884368,6.885734078727619,143,2919,0,0
1970,7280,1454,19,10,6,60,29,0.48333333333333334,13,204.2067244132209,4.2737402468214025,5.652670026687567,232,2409,0,0
415,9465,1190,10,17,11,52,16,0.3076923076923077,5,235.32972420789775,4.050580270822582,5.195668403968925,427,4775,0,0
3640,6437,3232,23,10,0,299,92,0.3076923076923077,4,164.95830301418192,5.259320705512414,6.47188702679988,387,2019,0,0
478,1067,2957,1,13,11,203,84,0.41379310344827586,16,252.98839186866414,6.4495229179610085,9.57135965367801,265,3041,0,0
4718,6525,821,43,0,0,157,130,0.8280254777070064,65,81.75811614757575,7.513719471615674,13.997601745157514,1462,8732,1,1
3203,3488,1441,11,1,3,282,93,0.32978723404255317,15,240.64408046806665,5.912906090470428,8.570196591384803,282,4277,0,0
651,5795,1485,2,4,8,160,24,0.15,8,189.39891165977937,5.8249567010583805,9.713631603592493,154,4073,0,0
668,1244,3260,21,12,9,115,19,0.16521739130434782,8,269.4671197109868,6.326249422672824,7.467142689895826,401,4740,0,0
1567,6017,513,4,18,9,85,35,0.4117647058823529,17,170.60626155693092,6.340216859964081,7.9412977719744315,409,3769,0,0
4685,6260,812,52,0,3,183,167,0.912568306010929,160,87.43956724708613,11.945877340125387,19.212114675549866,752,5726,1,1
534,4535,1749,22,6,12,108,78,0.7222222222222222,19,216.65756415242183,5.697916667342075,7.035107748870114,460,2275,0,0
3990,6801,3513,21,1,4,215,96,0.44651162790697674,9,200.2580458583482,5.922344585955699,9.586317539980424,73,2524,0,0
4286,8915,3032,45,3,5,193,156,0.8082901554404145,91,64.76965656990293,9.819938368950055,17.095322298710357,1455,8775,1,1
4793,9448,963,23,4,4,167,150,0.8982035928143712,78,46.015666359980564,11.708283322816996,17.623962310113615,1312,11224,0,1
2080,7654,3331,8,9,4,208,61,0.2932692307692308,11,212.11510551281205,5.777011202994024,9.692161420192178,231,1800,0,0
4448,1656,1247,27,2,4,79,68,0.8607594936708861,37,67.14983436241587,9.091603820522222,12.24875460877331,1457,8029,1,1
1162,7966,1692,0,3,9,223,84,0.37668161434977576,5,180.19974670797802,5.863633233161532,7.488613986345657,122,4246,0,0
2482,2320,1582,19,1,3,172,51,0.29651162790697677,10,291.8923377758369,4.935027535629086,6.47353175150209,128,4744,0,0
807,6556,2306,22,12,12,231,51,0.22077922077922077,13,178.06399494715652,5.274737357508647,6.285896339962824,102,629,0,0
273,5200,2446,16,1,7,182,74,0.4065934065934066,12,231.7725426732488,4.038443822749184,7.195923513582891,361,760,0,0
1678,5317,687,16,2,11,198,51,0.25757575757575757,1,204.85891250621808,6.335506256753986,8.441727537550014,492,1629,0,0
4933,8216,1800,44,0,5,93,81,0.8709677419354839,59,59.05938529739842,10.022174676018807,14.622802136309026,1039,9713,0,1
3811,5120,1332,24,5,9,151,32,0.2119205298013245,10,333.33054067820996,4.093177588221594,6.240015679405017,223,3567,0,0
1984,4410,3384,15,15,1,82,73,0.8902439024390244,17,291.8000195778056,5.8298863241197925,7.5936182787615705,86,3436,0,0
2151,2011,656,10,12,0,272,55,0.20220588235294118,2,161.02190771661807,4.753601376566241,8.7521557708126,222,4200,0,0
4557,2098,2373,24,2,3,230,226,0.9826086956521739,168,98.020603517212,7.493253229276224,11.000692542551223,1282,8498,0,1
845,3868,840,4,8,13,193,99,0.5129533678756477,7,216.7478388213637,6.714190555487728,10.15013502754486,165,637,0,0
1064,2568,2930,15,9,13,54,27,0.5,3,172.7027909052979,5.014498156514492,7.131337126944215,194,2498,0,0
3416,9448,1937,15,1,2,154,75,0.487012987012987,13,219.77306490068628,5.058017093821981,6.79120382303301,278,2126,0,0
3563,4118,2482,6,18,13,143,63,0.4405594405594406,15,180.3120232041568,5.437317657051574,8.215115973121032,482,3437,0,0
4426,3953,1235,32,4,5,80,73,0.9125,71,75.78630162569173,7.9399319278513225,11.072043803321202,1425,6136,1,1
2095,8203,3322,3,7,12,174,22,0.12643678160919541,7,275.98696226828457,6.533173760743493,7.571984437569561,203,4816,0,0
4325,4868,1114,28,1,5,61,51,0.8360655737704918,45,102.69426521677644,10.199550688855249,17.104482002065097,977,11502,1,1
122,6420,1995,5,8,7,266,42,0.15789473684210525,10,201.65119284353935,5.4522886438580205,7.178423691445603,426,3217,0,0
4705,3786,2697,21,3,3,74,72,0.972972972972973,37,97.91589888356211,11.047811323606792,15.382780803493286,759,5754,1,1
859,3072,2641,10,16,9,65,47,0.7230769230769231,13,247.19926640831642,5.753008486677792,7.43527367284838,275,4770,0,0
487,6645,1879,17,11,1,289,63,0.2179930795847751,6,237.71673620202984,6.361634662972146,8.225273697181189,459,1369,0,0
4051,8589,752,22,3,7,133,132,0.9924812030075187,94,114.70455111036958,10.554312304875774,18.38839331697339,1110,4221,1,1
1404,5139,1230,22,5,7,167,57,0.3413173652694611,9,277.98523877669896,6.9273067778258675,8.969138482454678,489,309,0,0
212,3659,2961,2,18,13,294,81,0.2755102040816326,13,231.11745693327217,5.483601223744212,7.747933348481954,319,4349,0,0
629,4384,1959,6,3,10,124,43,0.3467741935483871,1,254.43531195223787,5.731529903802877,9.45478230452659,454,3087,0,0
3841,1227,1708,16,11,3,108,11,0.10185185185185185,7,296.4641608858626,6.558467445559539,8.348225970912186,154,3539,0,0
3475,8617,691,13,2,13,51,14,0.27450980392156865,0,285.3446086560054,5.6655905048374695,7.430675111091638,207,2168,0,0
1389,3112,1876,1,5,11,111,90,0.8108108108108109,10,311.3329917155265,5.9514884824749466,8.264887076299267,497,3938,0,0
3998,4879,2180,0,16,0,191,91,0.47643979057591623,4,258.34665942331975,5.04571598128866,8.339071399977668,236,4115,0,0
3333,8153,2915,5,16,1,256,96,0.375,1,280.62421051489076,3.6099607363949797,5.775903905869575,153,2700,0,0
1109,4661,3545,0,16,10,71,30,0.4225352112676056,19,192.1722391466332,6.78123865352298,9.41184178864535,81,4381,0,0
3794,2176,3114,22,10,8,261,50,0.19157088122605365,16,247.80095448856648,5.703694660590071,8.852547911441114,154,2463,0,0
4864,6136,1687,43,1,2,159,153,0.9622641509433962,127,78.32228285528214,10.809102801041192,14.78487346145231,879,4176,1,1
4993,4705,1565,45,4,9,194,188,0.9690721649484536,132,66.53992745300542,8.68281158716602,14.57541741695874,905,11319,1,1
1988,3677,3383,7,15,9,50,26,0.52,10,295.948241423381,6.6386784291711995,8.856234745176263,56,3957,0,0
3426,8565,1778,5,19,5,154,53,0.34415584415584416,11,273.73754831688177,6.3168516225697156,9.248234721556198,263,4509,0,0
2875,7683,3303,6,4,11,191,39,0.20418848167539266,2,276.4917975133363,7.209340138424591,8.26768245085895,498,526,0,0
3214,8857,1404,17,17,14,201,36,0.1791044776119403,17,243.522051912084,4.359232171625054,8.248795633230221,485,517,0,0
4768,9933,3332,38,2,2,100,88,0.88,58,90.06731341103121,8.934480562409007,13.539907910529774,1449,9824,1,1
1010,3713,3521,18,19,0,67,51,0.7611940298507462,19,328.8284880660945,6.248488738484661,8.159910115693764,305,3781,0,0
3199,4145,2676,22,1,1,257,37,0.14396887159533073,14,205.1415072678178,5.932418779642592,8.4235700028805,51,277,0,0
754,9216,2667,19,17,14,225,41,0.18222222222222223,3,251.63273014471358,4.962940459193817,7.948575623327891,436,3257,0,0
3371,3143,391,21,2,7,281,93,0.3309608540925267,12,252.97329636877382,3.283879353048112,6.997949828936292,273,813,0,0
1951,1908,3018,10,12,14,243,66,0.2716049382716049,9,201.61717858557392,5.196739222333294,8.808732655189562,487,3755,0,0
4376,6501,2797,53,1,0,179,171,0.9553072625698324,89,67.69212742859432,9.571629962857351,15.671704966495152,953,10285,1,1
1941,5535,3171,7,15,4,289,46,0.15916955017301038,0,257.40632334735096,4.552270422031176,7.535341052305795,431,601,0,0
3916,8080,1358,9,9,13,175,68,0.38857142857142857,2,261.46959703749854,5.732016466403656,7.706120772787277,131,4241,0,0
2512,5935,607,3,1,11,221,100,0.45248868778280543,9,290.32377775011327,6.298438725982553,7.480148975474387,484,789,0,0
1756,7440,2833,15,11,1,105,97,0.9238095238095239,18,248.07593360933245,5.158191674425403,8.881694960799715,239,2907,0,0
3963,3408,3045,14,3,5,149,119,0.7986577181208053,13,284.09568315212164,6.291796493666629,7.9896474770983055,165,1449,0,0
3606,4869,581,3,5,2,228,94,0.41228070175438597,3,203.36797884100832,6.392201565338395,7.491424204809812,439,2101,0,0
2561,5461,2611,1,13,10,194,71,0.36597938144329895,11,202.66950448942262,5.198668138596617,8.64768269930935,483,3034,0,0
2942,2693,1429,5,14,8,86,49,0.5697674418604651,2,346.5965697210977,4.496274202156827,7.137656343490641,264,1644,0,0
2845,8062,2955,10,19,2,220,53,0.2409090909090909,7,222.90008139555033,5.981146609101616,9.054298567263954,86,3764,0,0
636,9780,3286,23,2,14,204,87,0.4264705882352941,18,271.7832283228501,6.120079998446336,7.937026189989584,61,4672,0,0
578,8422,1118,19,17,8,110,47,0.42727272727272725,1,213.83274156282673,6.162781886020961,8.133110451321551,372,2884,0,0
952,5561,2809,15,12,9,129,61,0.4728682170542636,8,273.53952219834855,5.136380442867028,8.364572631229299,58,1298,0,0
2733,4845,1990,14,8,12,174,51,0.29310344827586204,17,391.57751756997754,5.029126426527638,7.14578949411308,251,2161,0,0
821,7629,2328,3,5,3,79,16,0.20253164556962025,14,180.91148787582227,3.939501842125643,5.226572190299646,192,4032,0,0
1277,5649,3516,22,19,5,189,27,0.14285714285714285,1,272.40930116708915,4.798807538353337,6.4211851427929725,339,3339,0,0
2921,5803,1754,24,16,4,244,110,0.45081967213114754,3,182.03554742899178,7.1505209030879735,8.329946329144962,320,4458,0,0
457,5284,1941,14,17,6,219,90,0.410958904109589,18,251.8655587331081,5.00032467505202,6.113417849796578,120,245,0,0
367,3618,874,3,16,8,241,27,0.11203319502074689,13,228.00185437967116,6.049699418311005,7.7671270546145745,448,4214,0,0
3008,7984,1237,22,16,10,60,56,0.9333333333333333,12,277.3890437988561,8.478646186945753,10.506235554217374,360,885,0,0
1028,9283,3100,19,11,6,132,72,0.5454545454545454,7,239.7945436753279,3.679447118338759,7.542484973208661,408,1465,0,0
1322,1942,3238,15,13,14,153,39,0.2549019607843137,19,194.04370939598442,4.378201976402322,6.062468570712141,241,747,0,0
2742,8901,1060,17,4,3,200,15,0.075,10,186.5072444406822,5.466311022054138,7.788374065749715,464,3675,0,0
2688,5946,1210,4,4,5,270,75,0.2777777777777778,15,273.7291909846972,6.7329093740618795,8.203584248983628,468,2358,0,0
1475,4519,2970,23,0,4,136,82,0.6029411764705882,3,289.56745653966846,4.4336637300785355,5.629179717770157,374,4096,0,0
4534,7665,694,50,4,1,92,86,0.9347826086956522,53,75.11239499155337,9.784536492863648,13.175991248555071,1273,7945,0,1
2926,6940,3295,17,16,9,162,14,0.08641975308641975,2,249.182811968577,4.413319790747534,6.148923135341679,152,248,0,0
852,1530,1442,24,9,4,219,27,0.1232876712328767,16,226.01466302210883,5.46974733827458,8.539210552260865,477,3563,0,0
2539,4271,2519,14,17,4,119,98,0.8235294117647058,7,236.47102855202425,4.804701542687488,6.158976817278889,78,800,0,0
2439,3588,1813,12,2,0,182,116,0.6373626373626373,3,364.3398811246925,5.512588933245221,8.385076300968848,477,4575,0,0
2396,7619,1344,4,12,10,97,48,0.4948453608247423,13,276.17395270468904,5.5385131162852765,7.430598326215495,104,920,0,0
858,9744,2640,17,1,6,279,35,0.12544802867383512,7,324.63299082535735,6.159828297731147,7.491279181635342,138,2242,0,0
1132,2191,2735,21,14,1,130,30,0.23076923076923078,6,226.8631676001831,5.1929516590748985,7.792966003752615,350,2947,0,0
72,3204,3212,0,4,10,87,66,0.7586206896551724,0,253.57831186096962,5.022342553234884,8.309718610456954,172,1965,0,0
2495,2350,2264,22,2,0,294,77,0.2619047619047619,6,188.26772912590673,4.613761566636537,8.167578727342852,382,1280,0,0
2933,2647,2816,14,2,8,289,47,0.16262975778546712,0,287.3431048309998,5.034645389255868,6.067852773461722,298,2079,0,0
3773,8921,2304,18,1,3,55,47,0.8545454545454545,4,319.97208396019516,4.913991551656065,8.634768995667784,286,4591,0,0
4307,8024,2453,39,4,7,108,91,0.8425925925925926,84,73.6468034192945,9.36567859233726,13.168684488695177,764,5016,0,1
3645,5602,2809,4,18,3,181,80,0.4419889502762431,17,213.99269746967244,4.649890316146305,7.968893874330673,137,3102,0,0
4892,1532,2742,51,4,2,54,49,0.9074074074074074,29,88.93556367562385,9.886340647178589,14.024679842026032,624,11490,1,1
4934,2427,2849,52,1,7,180,144,0.8,89,90.14867459555042,10.385480377513028,14.774772237852055,777,4905,0,1
1698,1975,2959,13,18,3,106,14,0.1320754716981132,3,332.9217953504745,6.548092728848176,10.24452600793044,424,4149,0,0
1870,8131,1637,23,5,9,155,52,0.33548387096774196,13,232.99901046882715,5.425062428276276,7.0981039873915694,386,1968,0,0
3747,1023,1175,19,13,5,293,53,0.18088737201365188,8,239.32895228257908,5.726098126796039,7.42080056163282,449,4611,0,0
4095,4723,2829,36,4,5,195,173,0.8871794871794871,104,66.94799902963831,7.556573058079403,11.931205294221584,1070,9093,0,1
3373,8410,1816,24,14,4,101,59,0.5841584158415841,3,240.66539691199688,6.826242667832436,9.755188877556616,325,111,0,0
3919,6541,3419,21,3,2,115,66,0.5739130434782609,3,287.0414487914959,6.083162712482803,9.716776995511953,246,3741,0,0
2352,5721,1583,3,9,0,58,52,0.896551724137931,1,245.68584240516907,5.293484126225734,8.05802394608932,334,3809,0,0
2604,7456,2073,3,7,11,100,31,0.31,0,288.1059848854443,4.6979409986812515,7.040561630354805,387,4407,0,0
522,5911,2810,22,3,14,197,47,0.23857868020304568,0,253.9396509103923,5.667362453511703,6.687752099270038,429,4781,0,0
4156,6761,1447,52,1,9,163,138,0.8466257668711656,131,72.89926188837008,10.070909418412908,14.18842266108862,1131,10212,0,1
2624,7771,3163,24,18,13,130,41,0.3153846153846154,16,260.15766653028294,6.905913387529671,10.552786504383686,203,3037,0,0
1312,1293,1507,7,5,0,178,113,0.6348314606741573,18,325.4155374373775,4.4997294772232115,6.184984847719019,218,2803,0,0
3460,4820,371,5,5,14,73,70,0.958904109589041,4,258.6626517178188,4.253575248405256,6.909246419939516,353,2005,0,0
3381,6595,2663,0,18,3,116,103,0.8879310344827587,12,301.8073112403113,6.56655148935328,8.959016048368907,329,1415,0,0
113,1571,3052,4,3,3,128,103,0.8046875,3,240.6813802818454,5.095334176692954,8.219850442628799,455,985,0,0
4784,8327,1845,21,3,2,244,210,0.860655737704918,145,85.20052914211323,8.059419076062891,14.729005049936827,828,4931,0,1
1981,7939,2672,1,12,13,137,13,0.0948905109489051,0,338.54787766738724,6.93163598693797,8.533388077187691,379,3883,0,0
2870,9871,1476,7,10,11,184,119,0.6467391304347826,8,242.8826661196357,4.853239298546933,7.827211364321187,220,2590,0,0
4204,2057,3036,58,1,3,218,198,0.908256880733945,106,66.1997153516272,10.932223127141697,14.350038458195659,1189,9200,1,1
4873,5921,731,20,0,1,73,70,0.958904109589041,48,78.17396753161934,7.924334908100645,14.19676525642742,965,5021,1,1
2275,3538,1115,19,2,6,298,69,0.23154362416107382,11,295.3753531485313,5.8427840438239595,8.85960500589817,442,3570,0,0
3079,5901,1075,21,13,8,50,14,0.28,8,181.84519232098407,5.599813668821642,7.5618868058995545,65,4821,0,0
3736,5570,2361,11,14,14,79,12,0.1518987341772152,4,332.6234960721602,4.442061991716861,8.279051291974001,378,4467,0,0
130,2394,1922,2,12,1,235,21,0.08936170212765958,7,225.52302781542483,6.122556333342581,9.45055695444887,149,4673,0,0
2885,9043,3271,6,6,0,132,32,0.24242424242424243,17,202.90277524840167,4.692058264912147,6.871841982111267,50,3570,0,0
557,6560,3345,6,15,10,226,53,0.2345132743362832,13,290.94018878686313,5.657957602780954,7.190011687760182,161,3132,0,0
3118,3104,361,6,16,11,66,20,0.30303030303030304,16,234.4235491811309,3.9853653308409847,6.1988480617269355,152,1213,0,0
686,5053,2706,0,15,5,201,60,0.29850746268656714,16,185.2866339212697,5.4158687594752974,8.672874293408952,291,129,0,0
4343,9175,728,22,0,3,74,69,0.9324324324324325,64,88.83435021090855,12.162106377560594,15.266811486437122,722,9499,1,1
4406,1469,356,51,0,9,173,167,0.9653179190751445,106,91.76484429376791,10.98495854916491,17.14320386117874,551,9025,0,1
3938,5332,2131,22,17,3,232,47,0.2025862068965517,0,135.439870586815,6.430444462160966,9.656442796587651,91,2360,0,0
4297,1835,631,31,0,0,173,153,0.884393063583815,91,105.08865915226956,10.67283727034207,17.146073513677603,1088,8173,1,1
1493,3395,405,12,8,11,269,68,0.2527881040892193,17,239.41156368221982,4.7272683622239855,6.010666716038685,231,4133,0,0
2205,1714,3323,15,12,8,69,59,0.855072463768116,18,281.2643018330703,5.670995513890417,7.16484319600873,244,3939,0,0
530,8746,2269,10,12,6,249,40,0.1606425702811245,12,202.98005417578233,4.93923909302014,7.451637618775455,490,2885,0,0
1059,8250,878,18,16,9,88,15,0.17045454545454544,2,233.5779631335593,5.364108614474819,9.210077087594513,156,1210,0,0
2357,9422,3192,4,0,1,245,95,0.3877551020408163,16,268.10680562745625,5.680228824164646,8.83174300033945,133,2868,0,0
3356,9266,337,14,8,7,219,79,0.3607305936073059,5,154.9973115767611,5.250781997617295,7.041975471738402,449,2138,0,0
3486,9982,1584,16,10,9,221,47,0.21266968325791855,7,295.2153465631304,5.009688531616711,7.6190241476713165,149,715,0,0
2719,4683,595,16,19,11,254,61,0.24015748031496062,19,157.6905312771464,3.7656506660111804,5.322286866245039,317,3598,0,0
23,8996,2627,3,2,0,97,28,0.28865979381443296,16,249.4208340109003,5.690598705114523,7.529279730504799,55,1160,0,0
3722,9697,1175,21,8,9,50,27,0.54,11,314.53506377686773,5.177100525766704,7.471777739279956,273,2069,0,0
2035,8872,1535,18,11,5,288,49,0.1701388888888889,9,264.74117302287425,4.580545323259645,7.439496673764593,494,4585,0,0
4987,4113,3082,55,4,0,99,92,0.9292929292929293,65,63.44928279648211,9.17008228407627,14.267586810874498,666,11850,1,1
2869,9058,737,14,5,11,247,115,0.46558704453441296,18,271.50066900117923,5.931332186353047,7.7841648294250145,274,1981,0,0
3552,2695,1248,20,5,2,294,36,0.12244897959183673,15,263.53620645205507,3.526419086366414,4.721378862510349,222,2438,0,0
4138,2139,3263,52,3,7,187,179,0.9572192513368984,94,118.76231689448903,10.693664861038382,14.355430320324697,1220,4462,1,1
3790,2019,1849,23,19,2,270,48,0.17777777777777778,4,257.69977650888967,4.803913273333491,6.554116411967878,70,3616,0,0
4356,4885,1075,45,4,4,214,207,0.9672897196261683,190,85.10789601718875,10.615412502331502,18.214024449441382,1499,4755,1,1
928,2217,3546,16,6,12,198,44,0.2222222222222222,4,209.88640830327398,4.995366257710765,6.7432523077246,59,379,0,0
1830,6301,906,21,9,9,298,95,0.3187919463087248,14,251.99957830426115,6.587052822380546,9.351363718046137,383,1927,0,0
4389,2080,558,22,4,5,56,54,0.9642857142857143,28,82.80764678023255,7.638177599192034,13.762505102377222,999,7059,1,1
176,7303,3137,1,10,9,144,25,0.1736111111111111,14,261.49772239211063,4.591697869034194,5.876732966011108,364,3797,0,0
3569,2340,1429,7,15,1,128,48,0.375,10,199.11998317524484,5.734134169367482,7.215551041130898,239,2121,0,0
4633,7951,1951,49,4,1,84,69,0.8214285714285714,57,71.51980181999178,9.292961686124672,15.642288467775991,1163,9477,0,1
1718,4016,1711,3,1,12,236,89,0.3771186440677966,12,266.24988626632734,5.814408795187107,8.513607879468513,297,3561,0,0
4219,1268,304,25,3,1,169,160,0.9467455621301775,108,59.68296505537464,9.378897956683454,16.5707351162307,677,5802,0,1
4368,1591,3280,36,3,2,152,136,0.8947368421052632,79,59.35481810454445,11.047275999315202,16.25762175377321,1096,8073,0,1
135,4178,919,4,11,4,214,56,0.2616822429906542,16,269.09677261157765,5.93004164719107,8.686104740381326,256,2025,0,0
2223,7405,461,9,14,2,286,60,0.2097902097902098,17,242.366344682594,4.786320662539662,7.730407044360159,258,4060,0,0
3400,7796,3300,0,0,12,71,65,0.9154929577464789,0,255.30402480781393,6.878280813746581,8.669213753581523,134,3588,0,0
1299,6848,1405,13,10,12,211,101,0.4786729857819905,6,253.86288330729596,3.062609859825461,4.63351919063915,205,3847,0,0
3880,6066,1384,16,6,6,276,61,0.2210144927536232,17,236.89350809039558,4.539729175387743,8.285835717257166,390,2928,0,0
800,5759,1000,3,7,6,285,30,0.10526315789473684,14,284.2645042355484,6.902009325919122,10.311236252932357,414,2317,0,0
669,8325,3387,14,15,1,239,22,0.09205020920502092,16,119.04238974733303,4.2094772727087095,5.230766870193371,317,4791,0,0
1355,4598,2845,16,17,6,70,34,0.4857142857142857,17,243.77509659468737,6.465187292943182,9.114603071061266,222,1310,0,0
3424,3120,2734,20,3,2,113,56,0.49557522123893805,9,297.38650563670535,4.998871489700672,6.770439125030901,490,2631,0,0
4656,7298,2261,27,2,7,165,148,0.896969696969697,135,107.16895221965542,10.29550417847077,13.437326483370644,786,11401,0,1
1047,3105,3313,16,6,11,67,25,0.373134328358209,1,236.7039962902224,6.056874722368145,8.406050954144463,93,1606,0,0
2240,3921,3463,19,5,11,279,62,0.2222222222222222,18,239.66533232029408,6.070088324220749,8.642102051573609,267,2603,0,0
4053,4391,1143,27,2,5,72,68,0.9444444444444444,61,87.94693453077741,11.837249532519419,17.8281741061529,1018,11863,0,1
2995,9132,1402,5,16,5,62,48,0.7741935483870968,18,340.95269200187465,6.46655227072645,9.825948867160085,96,3165,0,0
3097,8246,1262,22,19,7,214,87,0.40654205607476634,16,303.1057400231987,6.528252168585753,7.585058768266068,333,1555,0,0
3376,9066,1746,6,10,0,70,62,0.8857142857142857,17,337.9773635914781,7.603087728668228,10.135578065061992,324,2034,0,0
3120,4869,2694,23,12,10,130,69,0.5307692307692308,3,325.634712904647,7.009551674305391,10.186053418434529,327,3161,0,0
1657,5313,2674,9,18,1,278,93,0.3345323741007194,9,263.1992577299724,4.261719311526452,6.331416583539832,150,426,0,0
1098,1914,3492,9,12,12,102,85,0.8333333333333334,19,268.9263409466012,4.893643023094331,6.701273196721197,430,651,0,0
1780,8129,315,3,12,2,295,103,0.34915254237288135,4,151.09917644782854,5.492460458213342,9.257041027405961,198,2943,0,0
3881,1266,3490,22,2,1,265,106,0.4,3,205.48645534481233,6.212284598139304,8.377393937407632,116,1431,0,0
3777,4460,3152,9,4,5,74,71,0.9594594594594594,9,254.31507234254084,6.984050304272607,10.739935865566565,270,4264,0,0
4665,7308,584,47,4,7,142,139,0.9788732394366197,123,83.03090775582098,9.0907492514748,15.20245656793481,1321,6244,1,1
850,8894,995,9,15,10,103,47,0.4563106796116505,12,310.933132957177,5.622058879572729,8.372324925121735,484,2479,0,0
2799,4664,2607,15,0,12,103,102,0.9902912621359223,11,250.96830056980588,5.470812424623206,8.343081308114204,463,2767,0,0
4623,9616,2398,36,3,3,76,69,0.9078947368421053,57,94.15686455222111,9.876075139862214,17.006022409705473,1014,8843,1,1
3228,3828,1250,10,10,4,240,76,0.31666666666666665,5,268.4632658767221,4.507404930595083,6.4873897784889305,488,338,0,0
1897,7815,1585,0,12,10,289,30,0.10380622837370242,3,292.49101826594534,7.138281183136422,8.297217563044212,462,3045,0,0
2835,2981,1491,0,0,5,144,30,0.20833333333333334,18,292.30246742335913,7.446563920509661,9.543512259086338,362,321,0,0
123,9783,3474,19,0,9,103,95,0.9223300970873787,7,206.18406660129094,5.537660233167938,7.58954102679548,466,1017,0,0
81,9914,493,16,12,12,111,41,0.36936936936936937,15,214.3577108661418,5.606430227691897,8.933013077776929,224,3157,0,0
441,1731,1193,2,2,1,155,79,0.5096774193548387,10,314.5130564523032,6.264105296328095,7.9607793690321245,364,1590,0,0
3922,7362,333,0,6,0,54,46,0.8518518518518519,7,238.1568566590376,6.968647014539053,9.098202067688067,333,4193,0,0
28,6919,304,21,18,8,264,72,0.2727272727272727,16,205.34398631853884,5.165182752605267,7.73191253276968,102,3151,0,0
2177,1087,2622,7,14,11,284,57,0.2007042253521127,10,281.0879061839147,4.615974901820581,7.491339353078372,136,1668,0,0
4153,2743,493,36,4,6,110,93,0.8454545454545455,70,84.02140624467027,9.816473773407685,15.384323293502867,1084,11210,0,1
34,7905,1151,0,4,12,196,67,0.34183673469387754,3,278.38841838788125,5.648181731379149,9.480936522754652,433,3646,0,0
4629,9719,1476,22,0,2,55,45,0.8181818181818182,31,70.82300690521917,10.090057536737458,17.136505497286546,655,7098,1,1
2438,8571,2947,9,15,14,281,71,0.2526690391459075,12,279.2923315224406,4.545056520243751,6.533105062477297,440,2746,0,0
3215,1544,1176,24,17,2,291,58,0.19931271477663232,4,214.6650981635138,5.2166836364945475,6.752301100194902,303,1673,0,0
1632,9644,1863,9,16,3,96,85,0.8854166666666666,19,223.17213580944025,5.701360828684486,7.7875283792019605,87,3736,0,0
4191,5148,3106,35,3,6,183,146,0.7978142076502732,107,75.55501216848148,10.857615097305663,14.020263883738135,974,7811,1,1
861,4093,1489,12,18,5,136,49,0.3602941176470588,4,168.5133417376902,6.056309012036492,9.528592483489614,329,3013,0,0
1164,3824,1442,11,19,7,276,32,0.11594202898550725,17,345.3597863346101,4.845134841343974,5.942260973167198,258,1002,0,0
4961,4443,3081,45,1,1,152,122,0.8026315789473685,77,72.98156237023544,11.074349317186353,14.799847819711275,643,5726,0,1
1461,5487,2586,6,12,5,292,115,0.3938356164383562,14,202.8378618678111,4.574544751900942,8.032501038941836,238,463,0,0
648,1145,786,10,6,8,253,115,0.45454545454545453,5,243.5482942435108,4.648337825665607,6.3405415962867675,321,470,0,0
2382,8645,3339,13,9,2,158,68,0.43037974683544306,6,253.3398572891252,7.911438914040573,11.667511694090152,138,3087,0,0
24,4420,427,20,2,11,290,55,0.1896551724137931,0,239.1271511547988,5.024742651599524,6.597475745050563,210,3427,0,0
1081,6297,3571,2,16,12,217,104,0.4792626728110599,17,249.2293735695869,4.5454318852211655,7.635073078078277,104,1565,0,0
1459,7978,2405,1,4,9,157,55,0.3503184713375796,9,256.69709414760064,4.888306878298201,7.595446602979224,407,3879,0,0
4357,4836,1560,28,2,0,191,156,0.8167539267015707,121,99.10612576672682,9.99520221940255,15.00934746663879,1432,10065,1,1
2761,3586,480,2,0,13,174,77,0.4425287356321839,3,241.0062556165368,3.9828437912999917,7.434807306892084,192,2077,0,0
1023,7655,2591,21,11,1,135,95,0.7037037037037037,13,181.16798839996375,7.202484719454923,9.115588069743577,307,2019,0,0
4242,8614,2516,58,0,4,117,109,0.9316239316239316,108,80.0741259394892,8.211849137379044,11.460239482504377,903,9878,1,1
3321,1242,2589,5,10,0,277,57,0.20577617328519857,14,238.145984355607,5.550385515149905,6.562583304992898,238,1408,0,0
790,6153,1435,19,6,7,152,19,0.125,15,251.87874296679328,5.185309171211908,7.323693312992303,261,2429,0,0
1854,3446,2151,3,14,4,238,20,0.08403361344537816,15,220.24251108667758,5.829171022265001,7.636271668592734,476,2965,0,0
490,5938,3597,24,19,7,72,43,0.5972222222222222,6,308.8772362384793,5.287421372011432,7.074646501479338,466,2376,0,0
111,3403,3594,12,11,6,51,23,0.45098039215686275,1,290.8876347938025,4.010606940350694,7.954165474432965,66,4555,0,0
4789,9903,640,42,2,6,70,65,0.9285714285714286,55,101.16723760492712,11.337175976763852,16.92750955193174,533,10886,1,1
2321,5936,3490,20,17,1,171,80,0.4678362573099415,19,216.10973621263645,5.450526864676361,9.20605731674201,441,2077,0,0
4760,2377,1083,54,1,7,97,91,0.9381443298969072,74,86.89315642390712,10.951657497277552,17.422650286923115,1107,6476,1,1
386,1287,1226,19,9,1,115,68,0.591304347826087,1,285.63560144306655,3.616849791941416,7.168573375986764,351,344,0,0
1043,2140,1969,20,14,2,68,23,0.3382352941176471,4,252.31209125090996,3.809803782367198,7.709031670737485,288,1521,0,0
4256,3070,2024,21,1,2,88,70,0.7954545454545454,43,81.73473794901015,9.321828672505509,14.99969313449741,949,8669,0,1
1060,1061,1835,24,10,3,180,27,0.15,17,212.3202255819595,3.1574765002583374,6.739432162421188,303,640,0,0
3490,5982,2738,17,18,9,270,23,0.08518518518518518,9,244.6735235516556,5.132475132199099,6.351424308000151,71,3968,0,0
3289,6156,2054,5,9,2,135,81,0.6,12,135.6282072509738,2.9415228835969853,5.736177159091216,65,2425,0,0
2729,6530,2613,22,5,9,132,83,0.6287878787878788,9,297.29760705179405,5.158743979678707,6.381253826031194,311,3156,0,0
54,2331,2473,0,14,11,298,47,0.15771812080536912,9,164.83087803224225,5.444452301103381,7.821859569818166,83,4400,0,0
4221,3550,2634,26,4,1,166,159,0.9578313253012049,80,78.00445933042069,8.495957102090406,14.111474625723453,1282,11008,0,1
1244,3413,1781,8,1,0,266,88,0.3308270676691729,9,257.60337177345565,5.245750588448708,6.668251655899859,130,3278,0,0
2133,2497,744,9,19,13,206,98,0.47572815533980584,0,140.21410966959058,4.926020206556737,6.306092033272314,435,3050,0,0
3263,8993,497,14,14,14,250,114,0.456,19,179.7551651228929,6.682235219021662,9.995046331475697,176,2709,0,0
4992,5709,2447,55,4,9,66,63,0.9545454545454546,48,122.23029934528526,10.351089106995621,16.996045402659465,1013,4558,0,1
1877,3514,1350,6,8,7,213,57,0.2676056338028169,6,317.4723341269009,5.951043633745891,9.258228053889404,243,751,0,0
2536,8906,3074,17,4,3,75,68,0.9066666666666666,14,287.7232914467559,3.9931983551647092,5.107403048614348,483,1554,0,0
1320,7097,405,17,15,14,62,14,0.22580645161290322,7,247.64782758507596,6.954310101796491,8.073727151462753,367,2481,0,0
1579,5350,1526,6,16,13,295,111,0.376271186440678,11,314.83165865870683,4.766498291799203,8.605643834263365,294,1476,0,0
507,8865,713,19,14,6,136,62,0.45588235294117646,15,156.90249325629765,5.612321165469813,8.020541691437586,382,502,0,0
4545,7298,2250,35,4,2,196,174,0.8877551020408163,120,101.05139971706961,11.09689314033466,16.5130302153942,593,11613,0,1
2819,2595,556,10,11,3,109,36,0.3302752293577982,15,207.61640253924824,4.102944976853027,5.3733495711154085,227,2945,0,0
2914,1349,442,12,4,5,148,115,0.777027027027027,16,255.40291253973948,4.6797882800389985,6.119024243763499,450,238,0,0
1576,2861,724,3,13,4,104,52,0.5,8,274.72612460243863,4.369479543967039,7.608858821632371,157,488,0,0
2583,6142,3535,9,1,10,62,32,0.5161290322580645,18,266.96772224174236,6.476167256851645,8.67227964213544,313,4919,0,0
4602,7760,3535,39,1,1,147,119,0.8095238095238095,109,55.11628618682451,8.992156807610417,14.901725050645538,795,8267,0,1
2395,9422,684,9,18,1,119,102,0.8571428571428571,3,242.06058602148926,5.212792120213946,6.81452776779895,81,2874,0,0
286,9850,612,10,9,8,253,89,0.35177865612648224,19,302.70643380094896,6.993582769308869,8.943231765112479,71,982,0,0
205,4604,2239,1,3,11,207,22,0.10628019323671498,5,269.4943409736198,4.7276302156857,6.006721675065782,245,3964,0,0
3663,1440,3138,4,17,7,277,73,0.26353790613718414,12,162.98867093998385,4.62905644933526,8.37005332539131,277,4560,0,0
4155,2114,1927,44,3,5,221,194,0.8778280542986425,189,73.9660440362064,7.908248317175964,11.567935740972336,1072,5145,1,1
2671,2179,1616,23,6,6,215,89,0.413953488372093,18,191.6446311307917,6.168187599736902,7.827305412181847,130,280,0,0
4749,2600,1313,55,2,5,126,125,0.9920634920634921,74,75.46582801045273,9.68337180866261,13.196021881521865,690,6169,1,1
1604,8590,532,23,0,0,73,47,0.6438356164383562,11,254.68139307276527,4.916305097238077,6.923868044820573,94,1087,0,0
843,9823,1558,21,15,6,240,34,0.14166666666666666,14,257.41080770264114,5.312830765742536,7.072453210669608,421,1021,0,0
310,3294,2677,21,14,13,96,28,0.2916666666666667,7,248.04978996906732,5.722434136969928,8.984029358480702,68,2342,0,0
4236,8487,3514,40,4,1,247,238,0.9635627530364372,188,67.57822962676113,10.589931233511686,18.162955530458127,1415,11555,1,1
2061,9776,1152,3,2,13,167,50,0.2994011976047904,13,265.988902056341,5.4028328936274965,8.496712026891267,328,4690,0,0
4443,3807,1586,44,1,5,211,175,0.8293838862559242,169,59.384836176920466,9.809844192900623,17.405712234126323,955,7146,0,1
2756,7668,1245,15,0,14,223,88,0.39461883408071746,6,184.56822032023834,3.4634560565754167,4.583066925028504,269,3579,0,0
4890,6556,2130,20,4,6,233,204,0.8755364806866953,154,108.66145718455735,11.60915401992337,18.872553347791346,517,7407,0,1
1502,4629,643,2,13,12,187,13,0.06951871657754011,5,259.6899356883546,6.527070300644139,10.1620771183069,62,3333,0,0
1608,9144,2574,14,12,7,104,70,0.6730769230769231,1,193.5913283957495,5.89798930246426,8.95722194733365,92,1351,0,0
4745,8372,3296,26,3,5,83,72,0.8674698795180723,68,67.19925336336783,9.397887889949425,13.278304983711532,1166,9140,1,1
1869,3024,913,20,13,4,127,49,0.3858267716535433,16,216.91550645168402,4.359421510511446,6.5040380379320855,457,4328,0,0
3683,7905,1486,5,19,2,80,30,0.375,9,201.27344492690548,6.478559728789257,7.625815665590828,128,4513,0,0
140,5440,1309,0,0,2,95,77,0.8105263157894737,15,275.2969918266862,6.490353411037507,9.221909121172752,495,3391,0,0
292,6755,2714,5,10,6,73,19,0.2602739726027397,6,244.16850337998028,4.776912270364138,7.864304703330472,452,4791,0,0
3275,5702,3266,16,5,13,179,112,0.6256983240223464,3,223.74375227271966,5.412644298204811,8.356081973506207,407,3712,0,0
2292,4653,1840,17,4,0,247,70,0.2834008097165992,2,243.7609078031406,5.434148972848799,8.633513548089606,322,1522,0,0
272,9307,1364,20,17,3,142,93,0.6549295774647887,0,214.49594404797813,4.902290486266907,8.657007746293218,165,4510,0,0
783,8441,1503,10,6,8,200,94,0.47,3,231.716145873474,6.004270748038384,9.339386461674858,307,4641,0,0
4026,2461,1257,40,2,5,140,117,0.8357142857142857,83,60.042729017245065,10.16198360354661,15.569681369263863,1347,11744,1,1
3086,8400,1314,2,5,14,61,23,0.3770491803278688,18,281.4859362059462,5.4095758993247065,9.218161588200363,235,2707,0,0
752,3892,3282,4,4,14,224,85,0.3794642857142857,17,242.07311537917715,4.581980938361035,6.271736050945933,406,997,0,0
4626,4650,1815,29,4,0,65,54,0.8307692307692308,30,64.02455084563259,9.064618334983354,12.47825087323,683,5538,1,1
3821,4630,2302,21,3,5,297,115,0.3872053872053872,1,255.6048529590609,5.173809858269059,9.028904978685599,297,3651,0,0
1664,2982,2049,4,10,7,128,75,0.5859375,12,295.4381739062179,6.2956870201223865,9.608005084754208,62,1882,0,0
182,9033,2949,9,13,6,284,98,0.34507042253521125,1,309.83157433228257,4.890217095680618,7.552896638076668,135,2381,0,0
784,9533,2665,3,8,12,182,68,0.37362637362637363,9,238.75856683318023,6.498670116760872,8.706998519805872,315,4841,0,0
3618,8142,2933,12,13,7,188,80,0.425531914893617,10,241.05048647396023,6.908569990940977,10.084388665374835,499,1040,0,0
145,6252,320,4,14,11,275,57,0.20727272727272728,3,319.2136409255259,6.06390912005236,9.50286633620064,413,1104,0,0
978,8055,3548,8,2,3,84,26,0.30952380952380953,6,233.82188453826626,6.7002739770213875,9.256698913274448,297,2018,0,0
2899,3466,3519,12,0,9,121,81,0.6694214876033058,4,288.4603173748774,5.041447339868801,6.3453724403375436,209,1871,0,0
1421,9988,2868,24,9,6,229,55,0.24017467248908297,1,370.68680677321214,7.017043085954795,8.337008294843868,422,4480,0,0
4360,7828,647,56,3,7,55,53,0.9636363636363636,28,94.6097140564885,7.51916264090192,14.666003563993405,944,10435,1,1
2356,4517,1664,6,11,6,270,118,0.43703703703703706,13,282.78809494594475,6.484541515944939,7.580862883571744,431,4233,0,0
3085,8463,2164,5,4,4,240,34,0.14166666666666666,17,204.132024245658,5.55864205317504,9.451651620629796,437,4423,0,0
2339,4848,2291,24,16,10,185,112,0.6054054054054054,3,271.7103588930943,6.4961047893171004,9.20534948280697,378,3341,0,0
16,7287,3211,5,15,12,146,82,0.5616438356164384,2,335.3302476839231,6.373589415635379,7.423352902418948,196,3319,0,0
1685,7763,1203,18,6,6,182,107,0.5879120879120879,9,284.492298190959,5.079233700587279,9.037449311603842,453,1577,0,0
911,7174,2974,16,0,14,70,36,0.5142857142857142,17,245.23294544016588,7.230321814857168,10.669868256710553,58,129,0,0
1392,2229,469,18,10,1,79,57,0.7215189873417721,10,186.08509930756662,4.349633302636634,6.622934969209371,496,1633,0,0
1063,8333,2699,19,8,1,236,51,0.21610169491525424,6,179.64757345005273,3.793936919401899,5.294451622664403,67,1600,0,0
463,1585,907,16,6,11,241,52,0.2157676348547718,6,302.776848682471,5.510344015835762,9.367894384889558,255,426,0,0
1215,3217,2219,17,17,8,208,72,0.34615384615384615,6,221.62763593858242,7.301528407832186,9.958173611996074,365,4822,0,0
4751,1959,1452,38,2,9,206,194,0.941747572815534,152,67.22222468871256,6.525644350062695,12.931195419676438,1124,6416,1,1
2645,2934,2999,2,9,14,113,26,0.23008849557522124,7,169.9658445492007,5.557974696615664,9.32444297514812,220,4304,0,0
4379,2405,300,29,2,0,60,54,0.9,31,58.16892564072185,8.45783393711472,14.325765747605775,1380,5909,1,1
437,7297,2872,15,14,2,181,90,0.4972375690607735,19,299.47210391441564,6.759963502341588,10.183116962286027,160,3941,0,0
2,3558,946,15,14,13,219,101,0.4611872146118721,14,176.1835153422699,6.986980958047201,10.936673615467566,180,3656,0,0
194,1689,2839,6,5,14,210,100,0.47619047619047616,14,253.3495358612436,6.0159392177041,9.826406603803374,475,3837,0,0
4421,9706,1918,48,0,3,51,45,0.8823529411764706,31,63.44931816688643,9.238878801185392,15.4935524606981,1174,4450,1,1
2773,5023,884,13,11,7,157,43,0.27388535031847133,8,264.24815401229955,3.377661576879796,5.154828363147102,384,2524,0,0
1342,5005,1291,20,15,14,181,26,0.143646408839779,15,235.29881308794404,4.755973177490162,7.993739535966983,187,4681,0,0
4014,4093,1917,52,4,9,91,84,0.9230769230769231,73,64.43734127515415,8.08668788124226,14.50897891838149,1318,5560,1,1
4733,7093,1683,37,1,8,107,103,0.9626168224299065,93,105.6825549349482,10.712064212847757,15.274175096968772,1057,5456,1,1
3239,2847,1617,2,16,2,123,49,0.3983739837398374,2,233.4818148372695,5.837621782746638,7.431944776391939,157,4764,0,0
2314,1058,1496,6,16,6,144,35,0.24305555555555555,6,335.9532751455182,6.149331810054839,8.59355344990173,440,2825,0,0
2527,4300,1567,21,11,7,214,80,0.37383177570093457,17,182.19139694025162,5.012533174541016,6.512938395653521,448,2561,0,0
811,7683,2581,2,3,14,255,118,0.4627450980392157,19,171.0186273722412,4.908698553303462,6.529209885153287,154,4988,0,0
2892,7879,1041,21,8,7,104,17,0.16346153846153846,1,304.93122930768,6.4641700317756365,8.892927258558954,175,3540,0,0
3648,8571,1485,13,7,5,253,102,0.4031620553359684,13,299.9859329044209,6.388945262136186,9.57814261384586,80,3834,0,0
3489,5902,375,11,9,10,158,115,0.7278481012658228,10,287.9961610670654,4.431411930356536,6.976652395222864,177,3657,0,0
3471,9578,2855,11,13,8,67,52,0.7761194029850746,9,257.97385937519954,4.598245459730619,6.7690829148194105,378,1659,0,0
761,2995,542,19,2,9,192,30,0.15625,0,213.7615770877263,4.624639638915203,8.034038905723941,477,2852,0,0
4319,8300,642,36,2,0,109,89,0.8165137614678899,80,82.04125654448991,9.876015063065969,14.167403261663603,595,11296,1,1
2794,4281,514,10,11,6,297,56,0.18855218855218855,16,226.51525478402402,3.4962616202181627,4.615600215728241,365,3992,0,0
3209,7531,2885,13,12,0,147,55,0.3741496598639456,16,232.8938415177018,5.075594677069135,7.736536663670053,87,730,0,0
1340,9406,1925,17,14,8,188,67,0.35638297872340424,11,252.42132286075423,4.571613545893008,7.732757478492191,270,2527,0,0
191,8462,1987,0,3,5,291,44,0.15120274914089346,8,267.73892410851,4.402137641650777,5.808199888483833,80,1719,0,0
2644,7078,326,5,8,4,296,31,0.10472972972972973,4,298.5574528783337,5.512697096172114,9.15207680188753,455,1607,0,0
4712,1406,3089,26,4,8,97,94,0.9690721649484536,74,59.251850827614234,11.311871100362517,15.009948010174208,1029,6987,1,1
4903,6917,2188,50,0,7,130,129,0.9923076923076923,94,71.77798425823147,8.302690546920003,15.469043792876256,1072,10591,1,1
2574,5191,754,21,10,6,296,19,0.06418918918918919,17,228.81018587920684,4.978770122629891,6.157275684062979,180,4996,0,0
270,5444,900,12,12,9,244,117,0.47950819672131145,3,212.1003888740663,3.9336502670359073,7.6922433410040565,178,3843,0,0
4565,4773,2712,48,1,6,59,48,0.8135593220338984,32,64.11374964759335,11.190460446673455,17.950504214325086,688,6114,1,1
4744,2132,2840,36,1,2,222,215,0.9684684684684685,134,80.57532430246341,8.8721646247981,16.06815876758155,753,7624,0,1
4604,4957,2601,35,2,0,211,205,0.9715639810426541,142,73.74047505448794,10.93202119603074,17.351703655028665,588,9066,1,1
1,9322,1382,1,11,13,199,62,0.31155778894472363,5,323.1189060173009,7.038714967614598,8.059913883273751,394,574,0,0
3418,1331,851,24,3,5,237,34,0.14345991561181434,11,287.20886194845167,5.766040828873739,7.177181621190231,105,1434,0,0
4390,1903,1414,24,4,6,203,176,0.8669950738916257,99,85.8316505441583,8.787669487474057,13.507762738243503,777,7889,1,1
4583,6745,1719,45,3,5,94,83,0.8829787234042553,72,67.77271262096198,8.469673170502674,16.462401439238597,1320,8766,1,1
2427,2343,3117,18,16,12,269,85,0.3159851301115242,14,249.26497406841727,6.237146808959271,7.566508978084094,171,4797,0,0
2686,2299,1019,4,17,7,248,84,0.3387096774193548,9,228.27890720562095,5.83480063934828,7.631220204266553,155,3694,0,0
4331,5165,2639,53,1,7,167,157,0.9401197604790419,149,95.52875470342401,9.63028615957178,14.569914536439331,688,7821,0,1
3412,7334,1240,12,0,10,68,42,0.6176470588235294,1,315.17133341193477,5.568919164927217,9.545478975664341,276,1731,0,0
3479,7480,355,10,9,4,144,10,0.06944444444444445,0,245.07919557025915,5.368754759655866,7.072785831691519,473,911,0,0
4560,8048,1559,29,2,1,75,72,0.96,53,77.47802257324507,12.803658820482267,15.954516573859477,828,10699,0,1
99,5278,792,6,14,7,264,117,0.4431818181818182,16,352.11982113570366,5.985175105229589,9.198742405949165,210,4211,0,0
1397,3599,1993,15,5,7,134,55,0.41044776119402987,1,259.23794063942205,5.133263921482977,7.305371573547305,459,1526,0,0
3930,8645,1574,21,16,9,189,20,0.10582010582010581,15,264.9883018445485,8.25937077235806,9.393761674904358,437,2115,0,0
2227,5378,2143,4,10,3,87,28,0.3218390804597701,8,297.73334080146935,6.755323189530938,7.774179827136711,309,1341,0,0
2222,9422,1872,20,3,4,240,15,0.0625,8,297.80645206466284,4.4791182980084905,7.768951952789422,53,2589,0,0
4226,5977,1273,25,4,0,98,93,0.9489795918367347,82,97.25376280630564,9.02953822823412,16.572945932453226,1367,10170,1,1
4824,5567,1511,50,1,8,208,198,0.9519230769230769,134,85.30068098081324,10.424751561175208,16.74632395211888,876,9692,0,1
4785,5180,1128,34,3,8,150,121,0.8066666666666666,85,43.459632101168935,6.017376091969506,9.096082388211903,1323,7275,1,1
691,6392,3470,12,3,9,117,53,0.452991452991453,2,163.48686347578274,6.833885745500573,9.339692487843156,331,811,0,0
4802,8845,349,32,3,0,177,162,0.9152542372881356,159,71.15301809897309,10.78223799465662,17.962584526122107,645,4777,1,1
661,8593,3146,22,14,12,218,109,0.5,1,208.26124103533053,5.0352057960817165,6.827132355211206,218,1072,0,0
2014,5177,3424,5,16,3,97,52,0.5360824742268041,13,270.96709362308127,4.701479607815972,7.138560484743174,493,2523,0,0
1676,7754,2357,16,17,11,215,78,0.3627906976744186,4,213.24188449665166,7.442078010165201,10.534055321118949,242,1497,0,0
3391,4392,1253,23,18,7,250,31,0.124,8,303.60225224645757,6.13470325573233,8.537741709140583,115,4360,0,0
1770,5901,2148,3,12,2,210,76,0.3619047619047619,14,178.42738543854776,5.8979903585471005,7.01832229983427,310,3896,0,0
3668,5416,2434,21,1,1,234,24,0.10256410256410256,6,257.0912359289643,7.286206000090816,9.469030267889789,53,2434,0,0
814,3292,2336,6,14,2,271,62,0.22878228782287824,5,263.0412800317195,5.980745827556292,9.012064926145126,327,3165,0,0
1898,6429,865,16,4,1,137,49,0.35766423357664234,11,178.79495751361168,5.083504288940507,6.572897033885821,434,4777,0,0
2877,6363,2582,7,19,0,293,84,0.28668941979522183,5,278.1926602530497,6.459716177831136,9.308058885322708,71,4420,0,0
733,8829,2516,15,11,0,193,61,0.3160621761658031,4,247.06397864476855,5.946536506940712,9.529636706857433,310,4463,0,0
4383,4592,1336,29,0,6,70,63,0.9,50,86.92328248692915,8.2311693070531,11.701275030073374,1043,4940,0,1
1360,6462,2364,9,10,2,54,12,0.2222222222222222,4,268.1271545546481,6.662648058686193,8.223376663167425,231,4361,0,0
1300,2607,702,18,17,5,144,57,0.3958333333333333,13,202.89230724051993,5.693032628832447,7.338850948701461,112,913,0,0
4385,9395,486,40,0,7,102,82,0.803921568627451,62,76.71320949065657,7.692832126096926,12.696786851019393,704,4898,0,1
1496,2584,730,10,8,5,72,71,0.9861111111111112,14,236.3810188457387,7.255524980070087,8.51505278688933,57,3388,0,0
2245,8591,3071,7,13,6,97,65,0.6701030927835051,17,287.8663341052852,4.858272984057373,6.2559052994326,438,2278,0,0
2915,1220,3534,23,4,12,194,99,0.5103092783505154,3,206.4653522309474,5.420792732149731,8.811988300954892,97,1939,0,0
5,1995,2564,15,14,7,63,40,0.6349206349206349,13,199.54573285674462,3.9167057864631127,5.730752881784801,102,4987,0,0
1191,2952,1325,4,8,11,209,68,0.3253588516746411,8,262.95378685571677,3.990641409433385,7.8557261962311635,80,791,0,0
4407,5627,2464,56,4,0,162,132,0.8148148148148148,96,108.18032276424773,6.905162547179794,12.75577675460687,1184,8822,1,1
999,5491,2578,2,9,5,51,26,0.5098039215686274,8,236.2986884627611,5.749434304214054,7.678060279800318,221,4200,0,0
4318,2004,1492,22,4,6,162,134,0.8271604938271605,100,93.14198801157025,11.352377555829937,17.21040052726628,1082,4172,1,1
755,6520,3515,8,2,9,175,87,0.49714285714285716,12,246.9451245997066,4.751200203979947,8.213407726427137,433,4121,0,0
1422,8617,2072,6,13,4,234,48,0.20512820512820512,7,181.6828520080379,5.60178632820265,6.910333244388064,387,1300,0,0
4958,8824,2256,31,0,6,53,45,0.8490566037735849,42,72.31657575570902,10.245343598214083,15.001205891858978,1074,11310,1,1
4032,5904,2074,37,2,5,160,142,0.8875,111,66.47279552793499,9.705941416698376,14.824362442909784,511,5432,1,1
1055,5507,829,19,10,2,273,34,0.12454212454212454,0,330.8522462260841,4.729575200862121,7.400772998913872,277,4389,0,0
2998,5570,851,7,8,0,61,54,0.8852459016393442,4,204.33418027642597,3.7384926022186757,7.449665279472814,59,3104,0,0
3611,2925,1058,14,17,6,147,88,0.5986394557823129,16,292.95858863368886,5.790784992124041,8.689125922099429,149,3544,0,0
2843,9103,1429,20,2,11,170,65,0.38235294117647056,9,250.8459899583375,4.753878987414964,8.631592701465168,334,2769,0,0
3192,9977,883,10,0,10,91,82,0.9010989010989011,0,272.2465961733701,5.795906310626208,8.379810288422792,254,3838,0,0
2134,8418,1344,8,11,13,225,28,0.12444444444444444,6,255.724307920362,5.729793941554557,6.916770448706789,305,742,0,0
768,6789,2438,16,8,4,52,16,0.3076923076923077,8,295.9935757977215,6.518923240089898,8.119942703379225,270,1094,0,0
2105,8805,1228,20,11,5,50,12,0.24,4,247.88012958501534,5.374054834116736,8.616605524359255,301,1119,0,0
3889,4158,3521,18,17,8,273,119,0.4358974358974359,2,345.7542687062889,5.348664456645463,8.899728804966273,466,988,0,0
4713,8825,3194,34,0,9,106,104,0.9811320754716981,53,70.01989564167829,10.837346535352818,18.63086121307254,570,4763,0,1
1607,2632,3240,3,14,10,242,91,0.3760330578512397,9,317.8593400400201,7.1946256085102895,10.777748412089185,229,3247,0,0
3500,7351,3463,16,5,1,89,70,0.7865168539325843,17,211.56654063965448,5.698395661681371,9.671106639140955,378,1571,0,0
291,2988,1837,19,8,0,131,99,0.7557251908396947,16,175.17353724549605,4.8499760655931015,6.465974881713501,394,307,0,0
3605,9532,555,24,9,13,214,109,0.5093457943925234,2,149.53419472782753,6.8752753419219585,9.646808823233876,187,3458,0,0
2818,2535,1988,6,13,9,133,20,0.15037593984962405,14,176.05046304264977,4.028170441494868,6.099949042782638,74,4733,0,0
1384,9103,1947,2,4,1,297,74,0.24915824915824916,11,230.59130132279626,5.454284993320143,6.575128767818957,250,532,0,0
2221,4576,2609,15,13,7,288,68,0.2361111111111111,7,222.62731021280513,6.140400229408174,9.179201404883425,362,4271,0,0
2140,8234,1490,2,1,1,99,57,0.5757575757575758,9,250.884163502157,6.337841104385896,8.23176476142583,323,1774,0,0
659,4185,2949,10,10,3,196,47,0.23979591836734693,19,183.4647434334537,3.3220322678053122,6.119065400446015,383,2855,0,0
1456,3840,1358,23,19,13,175,17,0.09714285714285714,3,233.43803455608025,5.779240101220999,8.56536020086768,67,3066,0,0
2771,9846,609,16,15,0,152,56,0.3684210526315789,15,306.25854249394496,5.0185377080565114,6.565732066800929,464,4773,0,0
511,4626,379,11,9,14,226,45,0.19911504424778761,5,253.1338025080989,5.5898561629133825,8.052075072215805,141,4322,0,0
271,5422,984,19,19,4,290,76,0.2620689655172414,2,245.7718500428096,4.827721727812401,6.654365545470851,66,4469,0,0
2186,9737,1571,17,9,13,189,28,0.14814814814814814,4,150.7195770593658,6.795017136802375,10.407100643570836,384,4113,0,0
259,7091,2402,9,14,13,76,62,0.8157894736842105,8,232.2979644529488,4.926398227103099,5.979055317202985,202,132,0,0
2387,6291,421,21,13,7,183,35,0.1912568306010929,7,262.66197822022133,5.753288507508109,8.166962761132885,107,1418,0,0
567,6738,1692,10,17,1,72,42,0.5833333333333334,15,253.47695544465543,7.401635770831969,9.726147540675493,290,2569,0,0
1600,8821,3344,15,5,0,179,70,0.39106145251396646,13,226.45873027126373,4.932375185320187,6.396808907110665,188,3793,0,0
4624,9514,836,39,4,5,129,127,0.9844961240310077,95,60.90653617524033,7.545144688927196,15.368657044227273,1214,4438,0,1
4556,7051,1079,51,2,0,200,183,0.915,104,79.9442910142206,9.973497977117685,13.951646220634649,746,6782,0,1
4791,8032,3410,36,0,6,139,131,0.9424460431654677,94,78.04412380016623,7.491309643516653,10.69504703162626,797,10751,1,1
2982,8204,3364,4,18,3,278,26,0.09352517985611511,6,274.2950003093522,4.74301367581191,7.918241407344615,463,1347,0,0
2248,2060,2166,8,13,2,141,52,0.36879432624113473,4,273.9293663401001,4.189385315052044,6.6945999780601415,491,168,0,0
2461,2054,2808,10,10,14,219,53,0.2420091324200913,5,287.7144835199642,5.597398946060706,8.73662963219755,129,3792,0,0
2414,5313,2190,24,15,3,102,40,0.39215686274509803,16,256.97381976345156,6.224784007174829,9.560220314354478,477,2272,0,0
2986,9934,1563,7,9,6,107,24,0.22429906542056074,18,217.2720476442072,5.273042581116966,7.621754235968756,93,452,0,0
3914,7097,2594,5,7,7,213,95,0.4460093896713615,19,317.2349765736816,5.236597030876241,9.148075709172481,472,1590,0,0
2598,6772,2026,24,16,9,62,26,0.41935483870967744,5,112.33120331095586,6.452875403137646,8.118173625844305,373,1690,0,0
4184,6729,1828,56,1,7,118,110,0.9322033898305084,109,75.70079120278822,11.665905145546343,17.321233337564973,614,7948,1,1
662,3463,2324,7,8,1,231,107,0.46320346320346323,5,279.3398688992363,4.825585685589873,6.622348480511953,154,1828,0,0
1655,5691,2592,8,4,5,295,31,0.10508474576271186,5,255.24325165393066,5.998530192155672,8.90743820761284,385,4606,0,0
1103,4475,3107,21,18,4,167,46,0.2754491017964072,1,255.80841424426924,5.901381446151318,8.563962535997513,436,2748,0,0
1742,2656,1398,0,7,9,173,32,0.18497109826589594,12,203.10820477242697,5.126987619518326,7.322197864299742,265,3361,0,0
3732,1343,437,6,3,12,194,101,0.520618556701031,12,322.5828650759369,4.407471838188566,6.460363151340671,334,485,0,0
1090,1868,3181,9,7,8,65,49,0.7538461538461538,17,293.61587079434355,6.727322438138098,8.119268933228042,396,1739,0,0
2702,7679,391,0,0,13,212,39,0.18396226415094338,0,221.9786588891726,8.26642163951555,10.879559197344419,128,3072,0,0
3132,9984,1543,22,16,7,140,76,0.5428571428571428,19,286.80502779204824,4.49158610994233,5.58048756765241,200,3131,0,0
2855,3674,2598,21,16,14,246,72,0.2926829268292683,18,305.03300670425546,4.296100937023033,6.817873589447123,186,4441,0,0
3765,3684,2210,21,13,3,232,80,0.3448275862068966,16,300.8605572645411,4.471555782576245,6.949519239106641,139,1940,0,0
4110,4076,419,34,0,4,54,44,0.8148148148148148,26,94.21938813221465,9.641609010427553,15.651562595100287,1328,5851,1,1
1915,9971,2329,11,5,1,82,67,0.8170731707317073,18,317.233741959912,6.224356819307866,8.109151282591496,100,776,0,0
4131,8844,656,49,3,7,190,157,0.8263157894736842,88,60.722236213651186,11.376340683037686,14.731021580240789,1328,4905,1,1
339,5134,1589,3,12,3,77,58,0.7532467532467533,4,292.5534607010307,7.000571368962668,8.468513960059468,241,4681,0,0
4027,5155,524,27,4,9,59,51,0.864406779661017,29,92.5176936435386,10.699702267747341,17.658122095288164,739,11271,1,1
4867,8933,3546,41,4,8,75,70,0.9333333333333333,41,81.41215821221964,8.603826445498392,11.80568417269267,1288,10232,1,1
1249,7995,1665,23,16,8,96,61,0.6354166666666666,13,257.0739670741902,6.832031811631234,8.847473342735167,369,2047,0,0
2589,2268,3075,15,3,13,221,82,0.37104072398190047,19,305.63437188077535,4.452253714950623,7.404669442531125,89,1867,0,0
3449,3612,1532,3,9,3,278,116,0.4172661870503597,12,218.58439131318758,6.17110110959361,8.582356788521954,71,2543,0,0
4146,7911,1984,25,4,0,97,87,0.8969072164948454,81,66.12155562154885,8.908999530457276,15.683550264454801,585,4057,1,1
1204,6350,1064,15,1,3,71,27,0.38028169014084506,19,208.5909718063246,6.185656392513711,8.365962860824292,276,3197,0,0
1775,1016,1302,22,6,1,112,20,0.17857142857142858,18,265.042094615807,5.033358294855436,8.14028726480903,385,2836,0,0
1929,5037,2413,11,15,2,164,44,0.2682926829268293,15,161.4783048731888,5.7940729628189445,7.283270564899135,472,2639,0,0
2338,3899,3523,16,11,8,185,76,0.41081081081081083,17,197.0240932246927,3.181408925425693,7.0749504257140075,116,1242,0,0
1588,5031,1895,14,10,9,149,78,0.5234899328859061,16,307.3235938743951,6.29068621002584,8.028097778859438,372,2710,0,0
2179,9023,3348,2,10,13,181,114,0.6298342541436464,14,339.8806856871903,5.343646310568048,9.158805873968223,336,2068,0,0
899,7406,2064,5,7,14,99,23,0.23232323232323232,14,288.7093663242747,5.265894837171801,7.856241532277746,177,284,0,0
3034,7297,3433,15,18,6,210,67,0.319047619047619,8,207.71545901175256,6.251920999627915,9.987981012071824,198,2458,0,0
2904,3661,3122,21,6,9,67,10,0.14925373134328357,5,264.75314318661776,4.773643085309859,6.647388811120031,76,3340,0,0
4587,2710,3295,57,3,3,210,200,0.9523809523809523,130,62.93977382780717,6.494984032876761,11.894603062287793,893,5347,1,1
4380,7774,1112,50,3,6,169,168,0.9940828402366864,129,61.898941892130786,9.495500321913363,17.264017488720448,981,8449,0,1
2129,7905,2138,15,9,0,291,89,0.30584192439862545,10,296.3548739445568,4.634923077365882,6.892017328618264,343,1618,0,0
1726,8115,2659,8,16,7,209,13,0.06220095693779904,0,241.09451341790913,3.9596289790676313,7.386585181081196,213,1699,0,0
4430,2222,848,27,1,4,82,81,0.9878048780487805,54,54.2806902674111,7.8619085976118335,13.01874504661956,500,9286,1,1
2767,4983,1886,6,17,14,61,16,0.26229508196721313,10,247.29790913598956,6.02862022221844,9.311202249482168,205,1995,0,0
3875,2890,3486,11,9,4,152,60,0.39473684210526316,1,259.15350550567985,4.702442107126535,7.437089151245648,229,2215,0,0
2977,7336,2629,22,12,10,174,11,0.06321839080459771,2,287.388973965655,5.9345626066596235,9.166272902598719,327,275,0,0
2676,5762,603,8,6,12,64,54,0.84375,11,212.92036804529718,5.12589547243608,8.925798617141664,209,1164,0,0
870,5617,2703,7,17,1,114,105,0.9210526315789473,15,226.10800746481044,5.455393467816998,7.647076056515695,399,575,0,0
2522,8578,2334,8,4,10,65,54,0.8307692307692308,7,214.055550689426,4.379560029875267,7.937885642370955,267,2018,0,0
3468,4983,3034,10,14,9,75,40,0.5333333333333333,16,305.6477669105335,5.640043071711892,8.695408988163482,166,691,0,0
3451,5819,1561,5,12,0,280,81,0.2892857142857143,7,315.36944102521136,5.025224292152535,8.539497273207544,423,3704,0,0
3457,2905,2052,23,4,4,80,11,0.1375,10,204.93736499156404,3.5532401645401372,5.821042018380911,348,3734,0,0
3721,9146,1139,1,12,12,265,108,0.4075471698113208,8,180.68116758205312,5.519073790956853,8.192632851525186,179,1523,0,0
3861,4999,1351,3,17,12,281,28,0.099644128113879,6,238.15940626053376,4.124144398082833,6.613756868330654,384,4488,0,0
1549,7351,2342,17,5,1,149,16,0.10738255033557047,11,190.74304854705628,5.7146874896975195,8.923602537640251,408,3826,0,0
3720,9651,3130,19,2,6,243,52,0.2139917695473251,9,218.6247907510922,4.212044775111388,6.0673316443312455,219,4441,0,0
751,7034,3093,0,3,9,174,69,0.39655172413793105,2,200.7581135958813,6.0684807718062705,7.876559873796884,73,3596,0,0
2524,9330,3096,6,17,2,296,69,0.23310810810810811,4,296.19312855795647,4.168840681507359,6.244407217915898,332,4953,0,0
1587,1201,570,20,12,14,139,98,0.7050359712230215,5,227.10204284218844,4.500205704968948,7.960145129216259,179,154,0,0
2683,3309,1145,16,11,11,278,11,0.039568345323741004,5,246.52338964783152,5.715474615528663,8.2282661736585,223,3658,0,0
3623,8814,2829,20,2,7,58,16,0.27586206896551724,15,207.25617783256308,5.291394835788468,6.734420191616601,92,2923,0,0
3912,4267,984,17,4,10,104,56,0.5384615384615384,10,285.7670986846304,6.069142579957097,7.99237803350155,176,573,0,0
2298,5978,2750,12,7,14,299,87,0.2909698996655518,4,193.15644091827923,6.247186590125093,9.35016527209254,171,2720,0,0
4254,2565,1969,45,3,0,94,78,0.8297872340425532,44,76.80414895264484,9.220924778453664,16.183747982941938,870,11345,1,1
2155,3850,3390,1,11,9,223,93,0.4170403587443946,9,205.04514336944013,5.236875473039564,8.764238086157107,327,1390,0,0
3278,3933,2099,11,14,13,220,93,0.42272727272727273,5,306.98143773078806,4.286970171041953,6.287422296350417,94,783,0,0
3135,5492,3448,0,11,2,215,83,0.386046511627907,14,268.2055055237052,5.280003918832984,7.894201892598634,282,4644,0,0
2668,2346,410,15,9,3,166,72,0.43373493975903615,4,278.52334203087156,6.026583326850201,7.9552347458486,299,2466,0,0
3189,6383,2227,24,2,5,175,114,0.6514285714285715,18,271.1163900011509,6.95349307042572,10.756066879665592,489,4550,0,0
4823,4669,1560,52,0,3,114,97,0.8508771929824561,95,112.63067454686166,9.066908468277825,14.660984092962387,1139,11838,1,1
936,1999,2622,5,15,11,106,35,0.330188679245283,3,270.4842671873275,4.903006411579067,7.311969182433938,495,4073,0,0
1598,3909,807,24,9,4,289,48,0.16608996539792387,6,242.34581334951721,5.917329301660439,8.836572437773478,250,3937,0,0
344,3032,1995,18,12,8,278,15,0.0539568345323741,11,360.9390116724067,5.340954789599949,7.030434966992804,88,2992,0,0
4591,9251,380,22,4,1,51,40,0.7843137254901961,23,82.16266884574932,10.898784074719098,15.368945494874254,1057,6665,0,1
1101,4851,3272,14,9,0,134,12,0.08955223880597014,10,313.5666719792549,5.615453465622868,7.7105905460512085,402,2471,0,0
460,6077,2749,22,2,13,112,66,0.5892857142857143,10,249.2041077498879,6.4160103197910905,8.406478170737904,147,2259,0,0
2523,9166,895,14,5,3,201,19,0.0945273631840796,5,327.55735406990095,6.2694573108029035,9.749290209858803,225,4662,0,0
4075,1827,1971,25,2,8,228,220,0.9649122807017544,209,110.88018348988662,11.755590362720868,16.917756184135726,1475,4978,0,1
3102,4443,2065,11,8,11,256,32,0.125,18,316.21388815648356,4.280069100009785,5.6722951183171855,52,3139,0,0
451,7924,1220,14,11,13,50,43,0.86,1,242.9165107321698,4.240567389562436,5.340371303070511,241,2912,0,0
4772,3566,2112,59,0,9,226,183,0.8097345132743363,141,86.12617680449696,9.738753696886942,14.264848716109338,980,11151,0,1
3328,6696,1854,21,9,1,280,34,0.12142857142857143,12,231.8554400640814,6.086151590325668,8.95143323572896,146,1094,0,0
63,4735,417,22,2,2,104,18,0.17307692307692307,7,258.6983164584785,6.407871947242428,10.160058786499022,384,745,0,0
1157,5996,1530,2,7,8,242,24,0.09917355371900827,8,302.27301202411263,5.298580099923027,7.645446412357739,126,3577,0,0
4574,8256,899,21,0,2,103,100,0.970873786407767,85,82.0815169661585,9.289517219000661,12.414126304611969,1472,5024,0,1
2010,1223,807,2,15,9,284,21,0.07394366197183098,13,261.3555247762115,5.455099870556621,7.002140288189789,482,4704,0,0
4878,8979,871,56,1,5,220,182,0.8272727272727273,167,88.76394223656978,10.789290481493431,14.263898894377881,862,5164,0,1
3704,1799,2422,15,18,2,149,93,0.6241610738255033,12,117.16130024430012,5.46210574288394,9.226699556446192,165,238,0,0
1454,1902,1632,20,17,7,137,78,0.5693430656934306,12,243.82613585641977,7.43011470215693,9.525765567558885,245,4794,0,0
1832,3089,947,6,0,5,279,54,0.1935483870967742,10,318.42040092793377,6.5155948097511045,8.989957240455261,107,4144,0,0
1007,4052,3186,12,4,13,186,72,0.3870967741935484,4,229.5329712390688,4.443888430812914,6.715756969202699,210,3011,0,0
2566,2809,1406,13,17,13,131,80,0.6106870229007634,19,289.0233394323401,5.440505033519528,8.748496799993433,118,4795,0,0
3848,7735,1506,17,13,7,89,47,0.5280898876404494,17,273.4842240545412,6.298451421859454,7.67423840992405,79,4962,0,0
2322,2798,2379,7,0,14,276,96,0.34782608695652173,0,284.5005080981604,7.138600221180429,10.493160820292154,83,698,0,0
1337,2081,2358,12,7,14,108,85,0.7870370370370371,12,292.1895012940788,5.816087822108933,8.02253925069372,358,2148,0,0
1035,5407,3317,18,5,11,270,113,0.4185185185185185,6,253.11583063373195,4.191940727873408,5.976419439056267,91,4397,0,0
1150,1518,780,15,4,3,62,36,0.5806451612903226,9,281.4880365936826,5.829699604589016,9.577371508799125,381,2435,0,0
3045,4309,3113,8,18,13,164,35,0.21341463414634146,13,201.93536265261992,4.759740639379669,7.883456386899889,341,1016,0,0
1669,5655,2473,6,12,8,76,24,0.3157894736842105,9,229.73982995664161,7.078162484693596,8.408056969088715,79,3511,0,0
399,2986,2478,20,14,0,242,67,0.2768595041322314,16,307.3555963554118,5.465020249885877,8.241924363072165,161,3094,0,0
4829,1199,2823,21,4,3,128,123,0.9609375,96,130.81984265526046,9.993855708298772,15.084783318096235,1165,6072,0,1
4013,3086,450,25,1,9,248,244,0.9838709677419355,194,85.40661906145725,12.512913602404728,16.035959415915425,526,10816,0,1
19,8400,1743,15,15,2,148,28,0.1891891891891892,19,262.52464251729384,5.846448209496976,8.772543147959839,124,1748,0,0
735,3273,2820,4,13,2,95,76,0.8,6,303.5757967790519,3.993465969809601,5.16246580320732,103,1261,0,0
4627,2778,3597,58,4,4,230,218,0.9478260869565217,173,77.5000266778809,10.970538242662384,17.180348862389177,993,4086,1,1
3689,5512,2945,3,10,13,277,35,0.1263537906137184,0,219.49808110801726,5.574251958148502,6.68397786712965,106,1413,0,0
4117,6003,3340,33,4,1,84,71,0.8452380952380952,45,124.93746236753097,8.656113962479063,14.955634562606514,712,7312,1,1
4217,8867,1091,36,1,3,62,59,0.9516129032258065,58,111.68857845274275,9.155285368326362,17.006053207933945,681,6968,0,1
383,2909,2788,21,19,3,270,109,0.40370370370370373,14,199.88914905366377,4.747564762646965,6.981476678845659,119,3506,0,0
287,5068,1335,13,2,1,121,16,0.1322314049586777,15,251.35270203444756,5.601860706379853,7.344390925801088,377,212,0,0
2261,1293,2421,19,14,4,203,108,0.5320197044334976,19,169.71832984686063,5.423951092302957,8.73294455779893,89,4090,0,0
3649,8775,2649,23,2,5,66,52,0.7878787878787878,7,250.01451463940282,7.521698176554703,11.024559242333341,376,4987,0,0
341,7324,2298,8,12,8,233,107,0.4592274678111588,15,260.90377543263617,5.520947365525143,8.513552504740499,155,1394,0,0
1136,7668,3004,11,4,7,186,29,0.15591397849462366,11,261.0094657102566,6.532389398126397,8.821958505460033,413,4948,0,0
354,8538,2073,21,16,10,293,77,0.2627986348122867,3,299.56293290960446,6.538377654765149,9.406446277614542,132,1478,0,0
1868,8288,1494,7,0,6,82,46,0.5609756097560976,1,293.98693371099426,4.600976886275238,7.2551903109929405,312,2128,0,0
1713,7069,1334,6,14,8,227,88,0.3876651982378855,2,159.23146051516272,5.812813316743698,7.866759952503225,116,4840,0,0
4671,4732,1980,30,3,4,153,130,0.8496732026143791,108,30.828272663635616,8.949446009768057,13.529130540469637,1032,11920,1,1
1301,8925,3548,8,6,13,241,92,0.3817427385892116,4,313.53053953677704,6.588568213994142,10.20331038975759,309,3772,0,0
4942,4427,3384,36,1,9,153,149,0.9738562091503268,117,109.60593007556974,8.55529412685578,14.835798959467528,908,4824,1,1
380,3851,3144,11,4,13,77,56,0.7272727272727273,15,310.64863646130937,4.248242313638258,7.860143958088729,430,3464,0,0
4940,3275,1367,52,2,0,223,194,0.8699551569506726,192,103.76811106870971,9.536587429452391,12.558827319946538,992,10573,1,1
785,8044,990,23,14,8,171,79,0.4619883040935672,18,197.80180187240336,6.092832615925989,9.779791374675519,337,1499,0,0
4353,2852,3069,55,4,7,197,173,0.8781725888324873,167,97.85101653506084,7.185899191063517,12.975609099381444,1249,6743,0,1
4790,8885,2525,36,4,2,87,78,0.896551724137931,58,61.02245430730859,11.200693280332505,14.31712046238766,1115,8328,1,1
4639,9961,1627,58,4,5,52,45,0.8653846153846154,35,85.83790793960411,11.118154635689631,16.517673853439742,714,8038,0,1
1892,5071,3021,12,11,2,185,111,0.6,5,254.65664786961628,5.336374551226912,7.350362645162681,64,2324,0,0
4908,7358,3355,45,0,9,120,109,0.9083333333333333,73,53.591366822282936,9.460306630334479,13.344523402962906,588,10303,0,1
3440,9634,3171,5,12,6,171,76,0.4444444444444444,17,259.6835285940455,6.8176372766281865,10.573878081027061,138,3771,0,0
289,4104,1849,15,8,2,111,59,0.5315315315315315,4,258.2371893732192,5.459481649964208,8.81406711884085,440,4410,0,0
1420,6743,627,10,1,7,130,41,0.3153846153846154,4,209.78192491186914,5.725788034085522,7.789491497433974,321,3656,0,0
4756,8603,2137,48,4,6,145,122,0.8413793103448276,108,60.874363050472255,10.105844086676038,17.453124696103686,1033,8252,1,1
2060,9813,811,0,13,6,182,45,0.24725274725274726,9,320.2812560297573,5.439274094561166,8.55850569311185,347,401,0,0
239,8929,381,10,0,13,277,111,0.4007220216606498,14,287.10414849346677,5.687419880523437,7.77422414181921,228,3902,0,0
3591,6257,1428,20,4,12,279,79,0.2831541218637993,7,279.3159854457455,6.244960810949404,9.072404025502163,64,3169,0,0
4210,6945,2775,58,3,7,86,83,0.9651162790697675,44,92.3971717038862,9.656955010118788,14.65491608355638,603,8561,1,1
241,4935,2827,5,2,10,121,28,0.23140495867768596,4,366.66222021426506,5.692282674399041,9.4714304945893,257,1237,0,0
1743,6805,1509,20,15,3,116,102,0.8793103448275862,16,279.99911012877794,5.190715430478245,7.104924032101481,499,1206,0,0
4821,7582,2079,38,2,6,161,158,0.9813664596273292,83,106.45550496850227,10.966003850487347,18.431251976677167,1139,9203,0,1
1376,1415,1620,12,11,6,203,31,0.15270935960591134,0,222.33794990801002,4.926296855707348,6.4874673637864895,113,3101,0,0
3544,1545,1442,18,3,3,94,10,0.10638297872340426,2,183.8617334000278,5.167311820355948,7.205368818678899,355,1736,0,0
2418,4722,501,16,18,11,275,92,0.33454545454545453,19,217.02865563918428,5.5040012602365955,7.167657228468964,417,1828,0,0
1258,9022,559,9,0,5,114,64,0.5614035087719298,6,271.3327905296238,7.487806564762085,9.820239171422443,496,3204,0,0
2456,1073,1598,21,14,10,90,72,0.8,6,245.8580810787699,5.050133699289832,8.501910132331473,124,1084,0,0
1639,3910,2425,20,2,5,132,60,0.45454545454545453,1,187.47629281982566,6.229421938350336,9.940170894255262,356,1774,0,0
3929,8306,1413,15,7,4,184,56,0.30434782608695654,16,218.86849232607136,6.0934433741756955,8.324544241501117,424,4828,0,0
4451,5441,3064,27,0,9,143,115,0.8041958041958042,111,90.91399375030707,8.068362450167806,15.013092145297557,1245,5516,1,1
2503,8396,2894,13,13,4,118,23,0.19491525423728814,10,259.22444418009894,5.289556115560256,8.625275913433992,335,3067,0,0
2839,8951,2226,20,3,9,237,35,0.14767932489451477,8,277.39225743213115,4.473217537401672,5.497146039426149,188,3362,0,0
1264,2212,506,8,12,7,105,11,0.10476190476190476,7,242.4312961016184,5.0414487297540225,7.327392252090168,133,1049,0,0
4667,3337,2382,31,2,8,230,191,0.8304347826086956,168,59.31186353123006,9.810692048978487,16.990678258203165,1082,11465,1,1
1731,3862,1398,1,9,3,147,31,0.2108843537414966,14,221.19970397523804,5.350653271337218,7.493004475113547,399,4315,0,0
2923,8738,1212,23,13,13,287,70,0.24390243902439024,14,226.69036281393954,6.159263609044708,7.193397778043205,184,450,0,0
4991,7692,2251,53,2,6,124,110,0.8870967741935484,106,87.77621834116974,7.193511826501172,10.648583903251726,1252,4046,0,1
3836,7660,315,13,8,0,146,67,0.4589041095890411,11,219.36848811543746,3.391243225538009,6.430850921466427,253,3762,0,0
1202,1061,1185,2,14,10,291,119,0.40893470790378006,4,277.98495321104883,6.6602584746082645,10.00463891210018,247,381,0,0
2196,6981,2746,22,3,8,259,85,0.3281853281853282,15,294.47818375285783,5.606914212769939,9.345094091035133,472,2779,0,0
4463,6314,3224,37,2,3,113,100,0.8849557522123894,88,57.1249377151608,7.117679372549588,14.571641892752094,604,5449,0,1
795,8494,1084,13,10,6,165,63,0.38181818181818183,9,265.72002103635907,6.312610303893278,7.803247364365696,233,2242,0,0
4497,2674,2839,51,3,6,85,79,0.9294117647058824,41,135.60404427010704,8.801683350956472,12.571430124207003,1222,5257,1,1
641,2079,813,14,12,3,112,84,0.75,9,182.55241328471203,5.191530666790095,7.5055960558410835,154,699,0,0
1308,3935,3537,24,13,5,251,93,0.3705179282868526,11,178.4405833382124,3.576783713790248,5.257092373842548,233,759,0,0
1080,9631,475,15,11,3,266,102,0.38345864661654133,17,232.81217402449448,5.621461064199546,9.131242401592399,460,3956,0,0
4198,1054,425,48,4,7,227,202,0.8898678414096917,186,87.41643810355882,11.321341601642201,15.16616922500086,682,5236,1,1
3103,3856,1218,0,2,14,87,78,0.896551724137931,2,308.09976337907494,5.722071116667942,9.686423847855718,207,625,0,0
537,8718,3018,13,1,10,272,111,0.40808823529411764,3,274.3652618522497,6.571929865211797,9.513956268331071,148,3462,0,0
1987,4745,2238,10,0,14,70,47,0.6714285714285714,11,322.0257436112756,6.391145460619381,10.05897858712018,169,2136,0,0
1992,2760,1634,8,6,6,60,46,0.7666666666666667,1,219.73532144246667,5.992165829384312,9.389882100195676,417,3904,0,0
4922,9394,3233,38,3,4,227,196,0.8634361233480177,168,50.66125347456799,9.731192498628625,15.171344031909449,979,7204,1,1
3674,6288,636,12,18,1,69,28,0.4057971014492754,0,247.87758269484857,4.886449134733492,7.6463613074876395,437,4367,0,0
749,5182,877,21,0,12,111,63,0.5675675675675675,15,285.12754488590895,6.842670109412602,10.091468432774889,222,4333,0,0
2130,1870,2249,8,2,5,212,87,0.41037735849056606,19,256.2695485903369,4.8918464483795905,7.93568203932399,110,2964,0,0
4605,9901,3591,33,0,3,83,77,0.927710843373494,68,81.72053269197916,11.49519165095171,17.07464056425357,1231,4408,1,1
1637,6983,3410,20,14,9,127,114,0.8976377952755905,6,268.54523581329266,6.152645142790568,8.725355112480049,320,1925,0,0
208,7450,1023,10,15,5,224,91,0.40625,16,244.8488399301392,6.725132348167874,10.662447162213338,468,4484,0,0
4152,7090,2019,53,3,0,169,167,0.9881656804733728,165,97.0733932071249,10.172067180885222,14.34762512007697,893,6630,1,1
128,9946,703,21,14,0,84,70,0.8333333333333334,6,304.5523051082334,5.389266570919304,8.570773780218229,494,2171,0,0
3977,1237,1431,18,12,9,93,75,0.8064516129032258,0,230.09761375107644,6.302064759215488,7.435157486875269,414,1756,0,0
3408,6621,642,5,3,13,220,80,0.36363636363636365,2,155.35157835415106,6.164924922908139,9.08463643400079,77,2243,0,0
3320,4229,1837,0,9,11,156,43,0.27564102564102566,8,202.7135965722738,6.9175477826473015,9.010418525072804,231,4781,0,0
3497,5892,2665,24,7,1,55,46,0.8363636363636363,15,332.1161672336262,4.658035983055004,8.476111684146279,374,2738,0,0
570,1600,1357,8,9,4,190,94,0.49473684210526314,8,233.82602890616863,4.34158682742721,8.121342977082353,100,1309,0,0
3360,1498,2599,0,6,9,253,67,0.2648221343873518,6,272.8038848736071,5.89911868206469,7.479374479495339,105,4507,0,0
2477,2581,2646,1,5,11,167,14,0.08383233532934131,1,228.0610056602611,6.693667197192372,7.780288149200212,193,3363,0,0
3015,5368,693,21,8,1,247,88,0.3562753036437247,4,245.1324502854702,5.136499755634494,7.659771403211545,373,978,0,0
4858,4494,3225,49,4,7,160,157,0.98125,118,88.72310760004953,10.936025353818202,16.168195817730044,707,5367,0,1
796,3696,2133,1,12,7,286,106,0.3706293706293706,8,276.95265252029105,6.063597453239967,7.44630190733282,110,861,0,0
879,5300,396,15,19,0,60,19,0.31666666666666665,16,345.9780042984822,5.855554185335978,8.893295189308802,187,2559,0,0
4290,5416,2750,50,4,7,97,83,0.8556701030927835,62,69.62328141068001,11.182951606141739,17.45452195789841,641,11153,0,1
920,1590,2461,16,11,4,261,17,0.06513409961685823,11,248.5434475757503,5.265517763373118,8.795303891838412,242,3870,0,0
404,4957,1952,10,6,12,224,16,0.07142857142857142,3,279.936950799657,4.579761470223623,7.249155382270089,476,3734,0,0
1257,7125,2903,15,19,4,68,48,0.7058823529411765,9,269.46511902613196,7.100646956883123,9.994816001726559,188,4190,0,0
4312,5034,377,47,3,1,179,171,0.9553072625698324,116,35.55190420787071,10.714277238882653,15.385411740772074,895,9695,1,1
59,3797,2276,17,5,2,156,118,0.7564102564102564,18,209.47470765103907,4.595458116212929,6.727310605526797,251,1162,0,0
1986,3078,807,24,7,13,265,64,0.24150943396226415,3,167.70305511157193,5.474297767490813,8.220325610136552,227,3425,0,0
4382,5041,2387,31,3,9,226,206,0.911504424778761,178,94.7615750337323,10.202928238033989,15.262929154659508,569,8798,0,1
3656,7502,2284,22,11,9,238,53,0.22268907563025211,0,193.51565579783795,5.377048372034288,6.920632097844632,56,2258,0,0
4125,1512,1763,36,1,0,232,187,0.8060344827586207,100,111.942419499643,8.129488493958526,13.188532190332547,783,6194,1,1
3584,5067,2542,4,17,5,272,40,0.14705882352941177,9,220.9496483293564,3.6717940128026205,5.313966176810839,77,3357,0,0
377,8905,2401,10,10,4,59,44,0.7457627118644068,12,196.07314637440015,4.605062646458634,6.444740603197915,307,1077,0,0
4724,9333,3049,37,4,9,153,144,0.9411764705882353,107,115.19511197062498,7.956215918668816,12.81017381956013,1465,4207,0,1
829,9411,2458,18,17,3,234,12,0.05128205128205128,11,173.79265464769924,6.214236482693928,9.801241232013123,280,345,0,0
3247,7825,1110,20,18,7,104,101,0.9711538461538461,16,252.01026112627085,6.4158323963792,9.360522741947335,116,1502,0,0
4843,1745,2229,58,0,8,67,65,0.9701492537313433,53,89.22652664719688,9.36453941582734,14.208471897989439,1476,8268,1,1
946,5379,2398,9,3,13,242,14,0.05785123966942149,12,235.47792589944254,5.944145171087257,9.13324405342742,81,435,0,0
4504,9819,1576,57,3,5,185,166,0.8972972972972973,134,56.1872678559963,8.256459579137005,13.872045570091881,638,4423,1,1
1146,5880,1080,12,2,3,198,69,0.3484848484848485,3,314.7858144236647,5.747470810823158,8.823113949374406,315,2888,0,0
677,5243,2653,11,10,11,282,118,0.41843971631205673,17,229.25876458637353,6.143505174052112,8.915952798738635,60,4321,0,0
2954,1201,3423,22,7,2,225,32,0.14222222222222222,10,218.07477591948768,5.471282786268337,6.555056645571592,173,4337,0,0
3858,9828,1976,5,8,11,133,80,0.6015037593984962,9,226.55973373945938,5.141385399841247,6.858851596632922,459,2735,0,0
2052,6036,1401,8,15,2,255,110,0.43137254901960786,6,253.2256963780805,5.577186510815788,7.975288869315898,78,4197,0,0
1056,3892,3196,19,1,14,292,14,0.04794520547945205,10,262.34530317083056,4.374802172262276,7.347284862217102,379,569,0,0
2544,2643,1538,23,8,9,79,16,0.20253164556962025,4,291.5162331939303,4.785042501751213,8.276967236648842,120,2840,0,0
4294,5542,984,23,1,9,119,107,0.8991596638655462,78,92.53015731883382,7.93107276238524,11.88061029622277,885,6088,0,1
2069,7230,2617,7,9,0,248,103,0.4153225806451613,19,263.5842009133541,5.613585545763418,8.300686541627048,467,976,0,0
2975,7305,2996,3,3,7,265,27,0.1018867924528302,10,289.1423350444408,4.3999508231498545,6.279872911620294,446,384,0,0
3013,5993,1821,15,0,5,144,37,0.2569444444444444,0,258.97390272704644,4.280120037888404,5.6581746571898135,333,471,0,0
2462,9821,2888,24,0,3,67,62,0.9253731343283582,9,256.8366327935755,4.620086595276863,7.905332086063519,402,1970,0,0
1327,4577,713,0,8,1,216,24,0.1111111111111111,16,177.85192799266312,4.676890992884486,8.259501363548502,281,395,0,0
2379,9564,1311,9,6,6,112,61,0.5446428571428571,10,290.9204396715759,5.739971590552678,9.109055128763641,97,3443,0,0
1739,6368,3270,23,17,7,281,59,0.2099644128113879,18,208.40144459607342,6.09450900263147,9.310158625741797,279,4860,0,0
3734,2606,3022,0,3,12,132,25,0.1893939393939394,9,168.0332101027268,7.4434065732411785,9.844914506037567,243,4685,0,0
4338,9860,675,26,3,6,208,190,0.9134615384615384,105,88.91728488714351,10.336565978132779,17.996850720092652,1080,7321,1,1
1455,5651,3114,22,9,13,129,119,0.9224806201550387,6,243.96784829350827,5.150114650876997,6.3806630364606995,470,4748,0,0
3402,6606,2391,4,0,14,112,109,0.9732142857142857,9,287.9980901431223,5.108388406236845,7.7270390619682185,71,3471,0,0
91,4028,3091,13,1,11,269,71,0.26394052044609667,10,238.74970483148124,6.707592170430262,10.454133202306004,236,2954,0,0
4233,8263,1457,41,2,6,195,193,0.9897435897435898,168,72.4850709306985,11.223703483098948,15.870038835456317,1464,4156,0,1
2922,9545,1400,11,9,2,167,54,0.32335329341317365,14,265.3171419685216,6.311667362960001,9.750378926910674,365,4957,0,0
3022,9531,3207,8,11,13,147,114,0.7755102040816326,12,241.18937954498796,6.002511684437542,7.136786751788492,280,2275,0,0
3538,1759,1071,4,12,6,239,96,0.401673640167364,16,286.8693754655473,6.273447600382574,7.697551013914499,422,1272,0,0
1426,3552,1837,16,19,3,77,11,0.14285714285714285,1,254.43833429272274,5.831329252060808,7.985464201656518,249,3206,0,0
2847,1757,2742,1,6,1,203,32,0.15763546798029557,6,148.97027337300707,3.9359480066194257,6.9282746780685125,321,1720,0,0
4959,9037,1761,21,4,7,129,117,0.9069767441860465,62,115.59950398322435,11.166091220091849,17.313920418227116,1495,5980,0,1
2306,8842,516,6,18,7,137,61,0.44525547445255476,2,267.98581148063295,4.197754704404308,6.968704313901254,131,3105,0,0
975,8750,2393,23,8,6,259,73,0.28185328185328185,3,248.0887899421468,4.437621032920517,7.313272208879074,393,183,0,0
2949,8974,1242,8,8,10,69,10,0.14492753623188406,2,171.369497201066,7.484620140802908,10.103703473790492,346,4417,0,0
989,5968,3448,19,16,9,204,37,0.18137254901960784,0,268.6823340297347,6.820687281997506,10.811752695682596,232,2173,0,0
2022,3090,1680,12,9,6,278,64,0.2302158273381295,16,327.1938580528001,6.433180772362211,9.592358279164337,325,1269,0,0
2121,9151,2041,4,12,1,78,71,0.9102564102564102,19,295.8793523970967,4.307455486246401,6.417076102087435,322,2807,0,0
3840,5688,1550,4,4,7,223,99,0.4439461883408072,5,258.34200564249693,5.294212229718745,7.481012580434089,146,1784,0,0
2605,9391,2530,6,2,8,268,59,0.22014925373134328,13,181.70978801162448,5.26604562580609,7.244686197048084,123,2015,0,0
702,4216,3549,3,16,0,237,119,0.5021097046413502,11,243.8619106631056,5.284051753865823,8.425754554055617,99,1076,0,0
638,9940,552,0,5,1,86,15,0.1744186046511628,5,298.1725611142771,7.239323140242075,9.507430848823592,100,3017,0,0
2857,3134,1698,18,7,12,179,103,0.5754189944134078,13,228.1654498344194,6.646183063142852,10.083655733386514,413,2572,0,0
290,7358,1648,23,19,12,196,63,0.32142857142857145,17,248.63550301801496,5.232743885576974,9.164056584731693,371,617,0,0
1495,4948,3255,12,12,14,57,56,0.9824561403508771,16,296.98144234638653,5.717470061391776,7.811687149711142,281,1525,0,0
3504,2571,731,23,2,8,151,101,0.6688741721854304,8,256.0260299927103,5.627098878016854,7.802552560956478,250,2008,0,0
4435,3523,3261,38,3,2,198,185,0.9343434343434344,160,39.04717599785628,11.13467046702024,18.733042178688464,840,8307,1,1
175,2827,1080,13,8,8,175,77,0.44,17,210.94897853675548,5.129493698310481,7.552502028029123,307,2521,0,0
851,3365,2219,6,12,4,67,54,0.8059701492537313,7,305.8340637533761,5.732094637928538,7.457877822286248,74,2853,0,0
2596,7733,2873,22,16,2,239,53,0.2217573221757322,5,309.01589195888124,4.25198941110634,7.5479281797822395,208,2869,0,0
3324,6163,2043,20,11,11,75,45,0.6,3,288.0302253829518,5.26056489674501,6.522770554423867,335,614,0,0
4298,3004,3301,22,0,7,97,94,0.9690721649484536,88,83.60158148433956,9.802044179298013,15.537533919180596,1409,9714,1,1
50,3000,350,4,5,2,246,104,0.42276422764227645,4,296.20761915427676,6.312856464238099,8.446408112065459,134,2148,0,0
4167,4647,1168,49,0,0,143,123,0.8601398601398601,96,84.99564796343708,8.866394122924756,12.164563034911737,1217,8106,1,1
3350,8097,3349,10,3,9,208,46,0.22115384615384615,9,309.57832832536087,6.1574016330747,7.432456125941758,476,2724,0,0
4121,1290,2115,41,0,7,223,199,0.8923766816143498,131,53.70451361496676,12.171373946309258,15.919369392133767,1385,5314,0,1
2738,7374,525,0,0,11,193,71,0.36787564766839376,15,174.22196658452603,6.929000707191537,9.624814328633235,221,3260,0,0
1205,9833,2551,19,1,1,292,65,0.2226027397260274,19,327.80522187635415,5.746730451086932,9.266961930150103,495,3658,0,0
3514,1695,1230,12,12,9,95,45,0.47368421052631576,1,304.91911646986586,4.979784974105246,6.504518645855158,233,4754,0,0
4137,4454,917,59,4,7,116,92,0.7931034482758621,65,57.17817279599052,9.300307364362679,16.906350386216292,1274,9000,1,1
948,8053,2836,12,5,4,179,81,0.45251396648044695,4,295.1878810568634,3.4746913068904512,6.471219533162092,431,1226,0,0
801,5606,982,23,10,0,53,17,0.32075471698113206,10,280.9044008103716,5.884195492103061,7.178369037790434,358,1521,0,0
766,1493,507,18,1,3,251,64,0.2549800796812749,18,257.55164545275676,4.859681240820584,6.031079398850574,180,4450,0,0
2332,1175,2613,0,5,9,152,100,0.6578947368421053,5,210.66135691229,4.979678996641766,7.342886373457871,223,3910,0,0
452,5645,1345,21,1,0,63,17,0.2698412698412698,4,299.7790757001015,7.203172609918038,9.448609571896275,134,4952,0,0
2535,1854,1795,16,5,10,127,43,0.33858267716535434,7,184.9190026391522,4.342295258452706,7.0598758762434315,184,337,0,0
1408,7236,969,7,2,0,201,39,0.19402985074626866,19,218.91034282886326,3.802301809821163,6.334011058667023,328,1833,0,0
3048,9940,3110,1,19,6,174,82,0.47126436781609193,17,227.93131931515353,5.365734326560579,9.276714344472488,344,1876,0,0
3369,3123,2546,7,12,0,280,22,0.07857142857142857,15,181.59201688291301,5.01538884130694,6.808391402234894,139,256,0,0
1062,7734,2310,6,18,11,106,79,0.7452830188679245,0,292.4149089652434,6.1482526563258695,9.983821939706889,391,1871,0,0
3031,4938,3405,9,1,11,285,77,0.27017543859649124,10,218.9912188242622,5.3101648719365375,8.083248259813914,142,3866,0,0
4052,1935,627,35,4,4,151,122,0.8079470198675497,98,53.14600539634413,10.080321837943314,15.610228628705475,804,10648,1,1
3068,7002,3268,21,3,3,218,22,0.10091743119266056,5,159.61145942296014,4.638466623170377,8.033195042988647,305,1028,0,0
3431,7537,1745,15,11,11,95,79,0.8315789473684211,3,352.04735300577454,6.498789471966612,8.119284215162049,256,4962,0,0
201,7744,784,10,18,4,172,59,0.3430232558139535,18,223.63570278798898,4.987670325577696,6.269778638880495,346,2311,0,0
3590,1710,2819,11,11,10,172,47,0.27325581395348836,3,210.4586649915068,5.670058142570596,9.106546974606255,493,1658,0,0
216,6154,1276,17,4,3,60,55,0.9166666666666666,4,203.63234329047128,5.7383689827347855,7.019940837204854,494,1158,0,0
1976,7332,3088,11,7,10,157,115,0.732484076433121,5,339.86759363083536,4.3374027120521275,7.897997041351539,227,3183,0,0
2836,4315,1509,6,6,6,267,65,0.24344569288389514,13,311.09174530027593,6.227113763338743,7.5672360075670335,265,3612,0,0
679,5725,1495,15,0,1,143,59,0.4125874125874126,13,144.01802624765924,6.73420882462079,9.114560374230766,256,3090,0,0
2268,7777,3284,1,18,13,169,50,0.2958579881656805,7,326.93109370131015,4.578234906199069,5.98261416534663,64,3911,0,0
818,2193,418,11,15,12,88,78,0.8863636363636364,17,210.08480588131442,4.184582091196567,5.672910394272674,381,673,0,0
1324,6757,762,24,13,2,95,87,0.9157894736842105,2,229.90637692620376,5.175779215076484,7.449691434247536,252,4242,0,0
3851,9748,2619,16,10,3,173,31,0.1791907514450867,13,317.73843954095,6.553533067136121,9.378858662827694,173,3911,0,0
2805,8697,1317,12,3,8,155,74,0.4774193548387097,11,290.7493727398132,4.623065418125473,7.83127149419442,129,1532,0,0
1153,6718,2954,20,11,14,82,77,0.9390243902439024,11,236.59386454910762,5.0573325393567625,8.312729372912887,418,725,0,0
90,9041,3269,24,5,10,135,94,0.6962962962962963,7,285.58113252354116,4.167255529211715,6.650077079626529,443,1808,0,0
1254,1929,3206,22,7,13,260,29,0.11153846153846154,14,249.28654112027212,5.30350829992074,6.377476467041419,251,113,0,0
2443,2619,961,21,5,10,51,31,0.6078431372549019,5,198.59887357049118,6.370896913917049,8.218414617740383,474,2113,0,0
340,2447,1124,23,2,11,177,119,0.672316384180791,15,255.8219120331697,5.398961223118077,7.724200698031198,272,1090,0,0
727,3901,2691,23,13,2,177,99,0.559322033898305,4,266.89777770725124,4.907759155187185,7.40867462425073,317,3182,0,0
3018,2681,1409,19,0,11,110,101,0.9181818181818182,10,304.36757054582404,6.384971544146956,8.82297599911725,106,4059,0,0
1346,8257,2049,11,0,9,153,61,0.39869281045751637,3,315.87870461669826,6.589359396001727,9.64493121704482,269,4574,0,0
2811,6764,3060,2,19,4,139,15,0.1079136690647482,3,201.31116855240734,4.821540447969449,8.679133363693431,349,3065,0,0
3304,7460,2839,17,19,11,187,112,0.5989304812834224,13,258.2372612508378,7.095629820762479,8.981853860959294,416,940,0,0
223,2356,2792,12,0,7,176,55,0.3125,11,278.9589009645857,5.848272226402725,8.861101240630248,158,3439,0,0
2117,6590,547,23,19,14,216,98,0.4537037037037037,9,92.30049722841477,5.998922015200146,7.7149593358232895,252,4590,0,0
3896,2572,360,9,4,9,54,17,0.3148148148148148,14,257.19984489832865,6.6505115705557065,7.874618053243789,281,2065,0,0
2293,9714,798,13,6,2,241,101,0.4190871369294606,19,213.76588787950374,4.48532237471027,5.778207093535843,199,2864,0,0
1995,9187,316,12,3,4,114,18,0.15789473684210525,17,236.82443105208145,5.022405516859735,6.637808059518116,395,2480,0,0
2242,3076,499,5,9,10,188,62,0.32978723404255317,14,246.38354993488466,4.762373734729145,7.975535943233713,344,1998,0,0
2137,8993,2332,19,15,10,133,77,0.5789473684210527,14,226.8212776616696,4.629268357269542,8.202209721536102,372,3099,0,0
1833,3797,2082,11,8,13,100,32,0.32,5,212.58084096544832,4.223381799755339,7.441832556619322,280,789,0,0
1436,3144,3447,24,3,3,169,34,0.20118343195266272,8,249.51922608181783,6.2056420432559705,7.462215595984294,376,259,0,0
736,5648,2689,4,16,6,147,64,0.43537414965986393,3,349.00515271864697,5.324051376025337,8.66106755779745,227,4318,0,0
1619,4006,765,8,14,5,158,60,0.379746835443038,7,213.53159316760903,7.431702079084779,9.49343455313398,90,4755,0,0
75,7166,2163,10,11,9,96,55,0.5729166666666666,12,293.3924518331591,4.563485982503264,7.342374698279729,405,3035,0,0
1113,9215,432,24,3,6,265,64,0.24150943396226415,9,246.54335301494268,4.718018259918034,6.622808082255804,458,4403,0,0
4589,3224,3084,29,0,6,166,149,0.8975903614457831,88,75.49595157943554,8.4082688292421,15.737907878438033,1309,7820,0,1
2092,6261,2876,14,16,14,105,15,0.14285714285714285,7,251.56842080498544,5.563537955156817,6.810681711220652,115,2003,0,0
2937,8166,1315,16,19,4,71,28,0.39436619718309857,11,199.40061103288315,4.007163138196116,6.46285629794315,151,944,0,0
3396,7495,653,11,3,11,126,91,0.7222222222222222,6,261.406168835623,6.083642405087446,7.6115721078531395,492,3789,0,0
3153,8747,854,20,18,14,256,25,0.09765625,5,214.8868871096179,5.866204538236972,8.323771369858994,52,2089,0,0
3599,2061,3274,1,13,10,104,64,0.6153846153846154,1,277.2542878205605,4.704947910190529,7.208585257102648,412,2395,0,0
4761,8842,3002,59,0,3,94,82,0.8723404255319149,65,75.17389404721213,9.251704129492392,16.994864136299476,717,10346,1,1
820,5650,3056,24,9,14,218,46,0.21100917431192662,13,246.22450137165964,6.500932679195668,10.135278270152773,457,1015,0,0
1192,4359,3476,7,10,8,187,114,0.6096256684491979,19,225.76857176999593,5.643417630681476,8.46948391226943,64,3012,0,0
3014,7998,2405,1,11,14,178,116,0.651685393258427,1,301.7638283090128,7.552395492121206,9.25186948773102,421,2467,0,0
4458,7650,2201,42,4,6,68,64,0.9411764705882353,43,110.53990351993143,12.135393731721226,17.17853143749872,1436,4034,1,1
3532,1283,2479,10,0,1,230,24,0.10434782608695652,7,284.27884671716225,4.942314330964465,7.922310929938017,165,1143,0,0
3000,3835,3332,23,4,13,127,29,0.2283464566929134,10,259.69462580509736,4.821157455634452,6.564275119606727,144,3968,0,0
4112,6847,945,41,0,1,98,86,0.8775510204081632,61,84.77688489223547,7.079698979232216,10.305011145783686,1454,7160,0,1
2540,1370,1835,11,16,4,246,36,0.14634146341463414,1,221.44276631462796,3.1130999587430424,5.377828670854949,78,1720,0,0
866,7764,1392,12,19,9,66,49,0.7424242424242424,4,291.5891636700618,5.94808082414671,8.625638464086254,69,3486,0,0
1464,9396,2555,18,17,8,292,77,0.2636986301369863,5,320.02200423991627,5.419576750144013,8.83454091832378,171,2906,0,0
2375,3594,1185,23,14,10,157,59,0.37579617834394907,10,277.1916583371515,4.821495826224574,8.567006905606643,313,4018,0,0
4747,7605,722,26,3,1,191,187,0.9790575916230366,142,48.99378828761598,10.035941837552327,15.17573041490449,911,8721,1,1
2919,4721,3562,18,17,3,72,65,0.9027777777777778,19,275.5762836058944,5.581247076239802,9.162813494714603,282,552,0,0
495,4159,1492,22,7,13,253,25,0.09881422924901186,8,298.09935945359206,5.262988029987373,8.209036890059465,379,2992,0,0
4674,7859,2931,50,3,3,163,150,0.9202453987730062,94,48.98054869165547,7.259080847402306,12.003135265524024,1459,9665,0,1
2296,2813,2797,6,3,9,194,19,0.0979381443298969,6,251.54569411874664,7.3692812869874125,10.086144368820184,435,278,0,0
3506,3155,346,5,2,12,95,67,0.7052631578947368,18,230.63502950991563,4.602952864286767,5.769625351712456,463,2641,0,0
2894,5038,2316,21,3,8,105,87,0.8285714285714286,6,263.174125531348,6.379329026548271,8.848258535690313,333,2619,0,0
1378,2982,3421,21,14,6,148,32,0.21621621621621623,0,285.41331098287,6.275675299615689,9.716583371021182,118,2580,0,0
2226,1136,2361,0,12,1,165,104,0.6303030303030303,14,233.39011419290333,6.926234258079765,8.530848069042765,384,233,0,0
4047,8546,453,40,1,9,137,114,0.8321167883211679,74,72.65769030066953,10.522490187931764,17.26723112919505,545,8782,1,1
4857,5648,498,52,4,4,125,106,0.848,66,75.96155750539825,10.070248570513975,16.81418621097027,1436,11111,1,1
3740,8223,433,16,14,3,132,18,0.13636363636363635,4,205.12766012321907,6.288387804822633,7.639771597049563,399,1770,0,0
2832,4289,2220,0,2,3,263,82,0.311787072243346,0,207.1250167169187,5.5946454064304065,7.922946514541198,263,4560,0,0
4316,7183,2336,43,4,8,235,228,0.9702127659574468,198,69.98153229643668,10.12059259285584,16.31126555608536,1157,6307,1,1
4555,7441,3041,31,0,3,92,86,0.9347826086956522,60,70.45896616011011,10.500983778476506,15.251848999727121,1268,7086,1,1
2747,4395,1703,20,3,13,281,32,0.11387900355871886,15,357.71137040526764,5.02313319727653,8.277981984573458,233,4720,0,0
2413,2778,421,6,19,10,166,46,0.27710843373493976,15,228.36540434177374,6.63403827764814,7.647518018134901,181,1426,0,0
3047,8740,3231,14,13,3,266,65,0.24436090225563908,5,267.4538345910609,5.502304673123394,9.38987940133721,132,317,0,0
2415,4907,2204,8,9,12,141,51,0.3617021276595745,0,259.32922372396627,6.612716223023157,8.762166232056959,223,3543,0,0
429,6014,1789,12,10,1,145,39,0.2689655172413793,14,244.82843878548582,4.260947297473358,6.9213626261029075,350,3087,0,0
3421,9191,1258,11,4,1,199,68,0.3417085427135678,3,193.76514056715996,4.639407478107231,7.08813813315812,66,1559,0,0
4669,7796,666,37,2,0,66,64,0.9696969696969697,55,70.0912073524752,10.52121298453685,17.558197071213513,513,5371,1,1
4335,4093,1571,49,3,8,148,119,0.8040540540540541,80,90.24892340262858,8.42966018110793,12.136303539244818,1163,4737,0,1
55,4818,3566,18,14,8,92,84,0.9130434782608695,15,194.9374047576444,5.987673274923294,8.024675124894884,244,1987,0,0
3636,9173,804,2,2,12,194,82,0.422680412371134,19,303.6106517216578,6.518056674059098,9.808064314938045,112,1888,0,0
2096,3620,963,8,5,3,282,58,0.20567375886524822,11,205.95000933345563,3.635697017038032,5.413270080361097,238,2919,0,0
3494,4487,1014,18,6,14,181,50,0.27624309392265195,2,289.2699740715245,4.799277160524913,7.926382884502228,233,4394,0,0
2703,1607,2870,9,10,5,277,39,0.1407942238267148,9,234.29947894298226,6.232325242762986,9.81412255331118,110,634,0,0
3258,3255,1015,9,9,8,283,111,0.392226148409894,18,214.0497611387484,6.262733046131995,8.549470890954156,311,4716,0,0
1212,9116,2076,2,13,3,114,12,0.10526315789473684,9,277.1935791294197,5.208334951433205,6.600925529263341,191,1566,0,0
409,8657,2310,16,17,0,56,31,0.5535714285714286,8,221.5174282920837,4.733807528736554,7.309582785081304,355,4937,0,0
4881,6048,2764,30,4,3,120,118,0.9833333333333333,94,43.85920777764632,11.568828086804942,14.791649766241967,1260,4925,1,1
3701,3477,2519,14,9,4,294,98,0.3333333333333333,7,276.48432787076854,6.580339807953846,9.764432227845198,167,1116,0,0
3313,5493,3512,7,0,13,262,114,0.4351145038167939,12,204.0232907756102,6.3044705829791265,7.52624731265338,237,1581,0,0
4179,6647,1344,21,2,1,90,80,0.8888888888888888,71,66.23975041690885,8.830837053782167,14.257809352603108,880,7294,1,1
3980,2530,3364,8,6,2,102,89,0.8725490196078431,19,103.64700787457156,5.782553650742499,9.46511689665957,427,2727,0,0
2675,2526,1485,20,6,13,76,12,0.15789473684210525,1,289.75774122525354,4.386613636070436,8.088475391013137,53,3162,0,0
4200,7934,1667,28,3,2,82,80,0.975609756097561,77,90.09253291192073,7.782526119545704,12.264282649596133,1269,7628,0,1
574,5601,1132,15,0,4,127,34,0.2677165354330709,2,289.43924915636507,5.763080801712222,8.63431197997501,198,4956,0,0
4492,8423,777,47,3,8,79,77,0.9746835443037974,38,89.02713839509968,10.620380313092365,14.580389759023145,936,11513,0,1
667,1076,1765,5,9,12,97,35,0.36082474226804123,6,198.18453763131149,5.296538858919695,9.139409834481697,126,3248,0,0
4778,8280,3243,34,3,8,62,60,0.967741935483871,50,66.40983274976485,9.667452220695042,12.740546784028655,608,9020,1,1
1601,5392,2790,13,15,5,248,66,0.2661290322580645,15,350.00762562464547,6.015457697924836,9.469079888696253,498,1349,0,0
1179,2368,1207,0,2,0,247,91,0.3684210526315789,15,219.44574687616412,5.259275696010949,7.910162265560338,495,1676,0,0
1005,2935,3322,5,1,7,171,111,0.6491228070175439,7,205.04707381471005,4.636764967019509,7.477348619510229,479,4108,0,0
1296,2671,3069,21,13,0,198,94,0.47474747474747475,12,306.73198499105285,4.82808268953501,8.39433115342855,122,2832,0,0
2549,4278,941,15,10,6,296,66,0.22297297297297297,5,221.38894208628525,3.5705834739900064,5.13179831959172,395,1487,0,0
4074,3854,1251,22,4,8,127,115,0.905511811023622,59,88.44300973426382,10.897836939501609,16.598112724114284,1177,4101,0,1
3995,7616,2435,3,14,12,275,22,0.08,11,247.33124590050383,3.909403723672453,6.1506711932660405,359,4075,0,0
4941,1929,2636,23,0,5,77,63,0.8181818181818182,59,90.5314307497686,10.024571714764173,16.752679880415112,955,8802,1,1
3804,9142,676,3,13,10,130,11,0.08461538461538462,10,146.48948865779468,5.875986972169875,7.623134289677212,456,2079,0,0
4569,7156,2461,23,1,8,228,196,0.8596491228070176,164,73.72725653640528,8.44013978871837,13.59749137704617,1387,9788,1,1
643,8740,1593,23,3,14,264,30,0.11363636363636363,11,217.07950324408296,5.962453986127127,7.3534079504009995,402,3963,0,0
981,7238,2528,12,17,4,266,114,0.42857142857142855,15,350.1603474634672,5.722822633858502,6.980075786591815,390,4951,0,0
4310,1584,1187,24,2,6,206,200,0.970873786407767,136,107.61517097357329,9.475681557774731,14.882116745440282,1002,11833,1,1
2865,8496,2526,20,7,4,269,81,0.30111524163568776,12,340.4721160732163,7.227776037446084,9.378927969062183,150,730,0,0
3631,7759,2825,8,16,1,294,74,0.25170068027210885,6,248.99727875020375,3.6506023031489905,5.13336627085612,354,4509,0,0
3657,8299,619,17,4,14,57,38,0.6666666666666666,5,239.69956872027643,5.496438814128347,7.287419470947008,89,2927,0,0
3129,6994,2111,11,5,11,195,48,0.24615384615384617,9,292.1831250983127,5.716617394606796,6.858186347804445,224,2167,0,0
4085,3426,3079,27,4,7,141,126,0.8936170212765957,116,87.06712101467281,10.55264787235646,16.669557414702084,588,6924,0,1
2796,9359,2945,12,17,6,148,85,0.5743243243243243,10,209.37607337248073,6.084530585647421,9.552964091256106,430,1397,0,0
4109,6479,1546,31,0,2,144,142,0.9861111111111112,114,110.01234977559474,10.617133207995364,15.344212030472173,1298,9299,0,1
1333,9428,3489,3,8,3,67,56,0.835820895522388,15,327.6414660099421,3.8866605982505362,5.611289036398469,429,1350,0,0
3610,7101,3447,22,1,12,119,39,0.3277310924369748,5,241.66969404265896,5.423308651740397,9.019120070197836,190,4642,0,0
1686,7687,1295,23,16,7,175,28,0.16,17,135.65075872341038,2.9796515256629763,4.93561578786503,497,1843,0,0
1670,5691,827,19,6,7,103,36,0.34951456310679613,7,145.41740483178125,7.35160907703945,10.780961157254392,195,629,0,0
2908,5416,2121,2,16,2,240,84,0.35,12,290.41837150289615,6.082047080577416,7.241566940606878,328,2390,0,0
685,5394,2135,19,4,7,256,94,0.3671875,11,282.97657347945693,7.266511800327634,10.98890132936691,366,3339,0,0
901,7274,2181,10,3,0,267,57,0.21348314606741572,15,316.8657590682503,3.4466156164590784,5.131842501161394,104,3428,0,0
3220,8637,1584,18,7,12,59,35,0.5932203389830508,8,146.88929152079004,6.734434973531793,10.675884869891094,279,2775,0,0
2050,4948,953,18,0,6,164,114,0.6951219512195121,7,329.19682204817417,3.7437697655204234,6.861776994221997,117,2978,0,0
1646,4654,2377,14,3,2,199,68,0.3417085427135678,12,291.10554236414066,5.6404669757348564,8.219015406049436,157,1899,0,0
2327,2236,3506,16,10,0,211,68,0.3222748815165877,18,230.97657319413327,5.667650155386656,8.884272836525774,197,1673,0,0
2993,3908,2534,22,8,14,181,91,0.5027624309392266,15,241.2235968701476,3.403085820774821,4.407480799982391,462,4232,0,0
1723,7192,1687,4,18,4,137,87,0.635036496350365,14,246.02510270657,4.44513657017641,7.327147901452369,298,4464,0,0
680,5559,1287,23,14,6,63,38,0.6031746031746031,14,249.86069446665493,4.966909597984166,6.431437642844848,404,596,0,0
810,2074,2307,12,15,0,172,14,0.08139534883720931,12,269.12166578462677,4.187836798804482,5.379967370398847,473,2179,0,0
2609,5739,644,18,10,12,201,115,0.572139303482587,4,212.7862645062966,6.923437923444234,8.909328698390741,260,4120,0,0
4567,2256,2135,26,0,0,122,109,0.8934426229508197,84,74.5825705186518,6.348934345891555,12.93630818253383,503,4764,1,1
4081,1136,3464,35,2,9,228,205,0.8991228070175439,112,79.89834452015864,10.056468181158621,13.602708596938935,1432,7845,1,1
3778,3224,2403,0,12,3,166,78,0.46987951807228917,7,218.48964630195678,3.86785236506754,6.256783973815695,186,2720,0,0
2091,4086,3279,9,2,12,155,99,0.6387096774193548,5,340.8018933181495,6.773045984317736,9.693149856144128,203,2133,0,0
4391,3831,926,38,4,0,162,138,0.8518518518518519,90,70.37631602717539,10.752046205905526,14.794910010223292,1144,5096,1,1
2380,5328,2149,4,2,4,97,89,0.9175257731958762,12,193.87594916378356,4.028681487706487,6.414603604377328,240,640,0,0
2421,7395,3368,3,9,11,254,101,0.39763779527559057,13,297.47478276403666,6.94118556680592,10.766113780018104,272,4693,0,0
1216,6122,1759,3,3,9,279,13,0.04659498207885305,8,359.80447796484077,4.465230221946434,8.151790583088912,191,4985,0,0
3983,3704,2268,15,0,14,91,41,0.45054945054945056,2,301.64338869350183,5.369766409848236,7.285785226284415,54,429,0,0
2713,9957,1534,18,5,7,117,62,0.5299145299145299,8,219.3601481769419,5.2416850634264165,9.208322421191458,341,851,0,0
1476,2688,3579,3,8,0,257,25,0.09727626459143969,4,219.79850572626145,5.719204187633588,8.530009948297302,275,147,0,0
505,6287,3351,10,1,6,97,60,0.6185567010309279,16,280.94431490115767,7.138359732270941,10.531773776294159,448,4673,0,0
4577,4805,1832,56,4,6,145,123,0.8482758620689655,84,69.62005105494367,9.301050633628275,15.895609701991164,1101,6043,1,1
3726,7942,1472,22,0,3,275,22,0.08,14,338.23289919814965,4.127583275350086,6.917877297860302,65,2264,0,0
4062,6530,2879,49,0,5,207,170,0.821256038647343,113,98.21508197543095,11.200109598673505,14.466848220753961,569,6793,0,1
157,4374,2974,15,9,13,298,64,0.21476510067114093,15,248.99905503277856,5.883611970787932,8.031190811519956,328,4543,0,0
1602,8843,1560,5,16,4,76,64,0.8421052631578947,10,265.3664583140687,7.642707631482418,10.466467806877057,233,1734,0,0
4372,3807,2547,54,0,3,153,150,0.9803921568627451,107,96.22397795604125,9.785058154130962,16.104102325648043,1280,6574,1,1
2697,7375,3041,1,15,4,239,93,0.3891213389121339,17,273.6570452707964,7.114564760756927,10.122113841875898,279,4937,0,0
862,3340,2597,9,4,1,117,107,0.9145299145299145,9,227.54981898142333,6.1736363657086235,8.732141930003568,250,1742,0,0
2578,6493,701,10,3,1,86,41,0.47674418604651164,16,245.69111896063728,4.951962951487204,7.930828455916044,270,4553,0,0
890,8050,3303,20,11,1,145,36,0.2482758620689655,12,252.4436607597208,6.734850537734538,8.152330570458423,195,258,0,0
4631,6617,2346,47,4,3,50,45,0.9,22,103.63619891516201,10.131043504563912,13.302912229749811,1035,7222,1,1
4701,3131,2662,38,0,7,195,191,0.9794871794871794,105,76.91693098908472,8.499000696695468,15.082539054529654,1256,7336,1,1
4128,3645,2265,42,0,2,230,208,0.9043478260869565,194,54.06136328997502,10.858931765180799,14.837511478925222,768,9302,0,1
4681,4571,603,27,0,4,229,195,0.851528384279476,168,70.30967181815807,7.295644686763259,15.222117538994311,1454,10793,1,1
2255,7469,663,7,1,7,124,10,0.08064516129032258,3,248.70876954974617,6.497827607592276,9.127696572713251,155,4894,0,0
4640,8477,1127,30,3,9,212,192,0.9056603773584906,145,67.9796263608304,10.285458455401944,14.146300102458826,685,8229,1,1
550,3096,3372,4,15,14,75,42,0.56,1,247.53975419133158,5.989083878150742,9.826229203473815,77,1456,0,0
284,2151,1058,16,18,10,245,27,0.11020408163265306,19,262.80274321416294,5.17676203547791,8.024497782508073,211,4896,0,0
2021,1671,1881,15,8,9,138,104,0.7536231884057971,13,281.2614235436551,6.664475847050006,8.965336102988303,116,3134,0,0
779,5027,1057,8,15,3,58,45,0.7758620689655172,15,126.68916055851894,6.392287009725122,9.943417767624238,385,1191,0,0
1403,1719,759,3,13,10,292,110,0.3767123287671233,5,262.5111957060003,4.2475504238163095,7.984150125304914,339,2256,0,0
3709,1677,1612,23,7,9,256,117,0.45703125,0,212.94730583259692,5.8174951239201285,7.014718209237789,202,1034,0,0
1067,9171,830,14,13,7,212,22,0.10377358490566038,8,198.26946262954422,3.446938750435974,5.857643629263817,308,3141,0,0
2984,8230,1665,18,6,11,149,75,0.5033557046979866,1,224.93069554613547,5.782633856259892,9.049234459277912,91,2389,0,0
2853,6997,2409,9,6,9,183,36,0.19672131147540983,13,230.66186056341746,5.8340693621613875,8.277050280424245,121,4502,0,0
2003,3988,923,22,6,0,202,76,0.37623762376237624,10,291.58665691740885,5.309514302194894,8.58011440806835,302,3632,0,0
1853,6515,2346,15,12,5,204,110,0.5392156862745098,15,280.06183940758365,7.361914878150173,8.739742127207741,466,4045,0,0
2664,6191,2923,24,12,7,110,30,0.2727272727272727,11,250.261989230363,6.52374129005306,9.472667206884559,425,4908,0,0
2081,6383,3575,21,9,9,259,20,0.07722007722007722,14,313.1352308436424,7.0441834539565225,10.439238600348453,141,307,0,0
4553,6308,529,55,4,5,98,89,0.9081632653061225,86,100.13089824781561,9.57006794091478,15.172693630985291,1121,8627,1,1
4960,8911,937,55,0,8,185,183,0.9891891891891892,162,91.26043289810634,10.75152371639832,14.105546596041272,870,11082,0,1
2064,5832,2579,13,15,11,213,39,0.18309859154929578,6,233.31586765463433,6.230729682082087,7.974045168788592,262,772,0,0
3180,4912,2420,2,6,8,151,10,0.06622516556291391,7,253.54625153514098,6.157760908544667,9.265096641745014,100,3227,0,0
847,7163,914,19,14,1,161,75,0.4658385093167702,0,273.3043467736712,4.896647190104976,7.374670181037985,311,3535,0,0
2202,6156,2409,5,14,12,76,33,0.4342105263157895,3,246.4391897588592,6.249955466154348,7.982434434846214,59,2791,0,0
4244,7657,2949,49,1,5,192,178,0.9270833333333334,117,41.986823716539675,11.331082283666165,15.939863535154402,881,5366,1,1
788,2291,2811,16,9,14,210,80,0.38095238095238093,5,168.2653240622802,4.459590058128258,6.081437625777465,290,3033,0,0
3305,3805,2829,9,9,1,259,116,0.44787644787644787,0,160.40691298636426,4.544185817408449,6.884352189930463,203,316,0,0
3183,8817,2066,14,2,10,122,26,0.21311475409836064,2,249.27287490484656,5.185091641194518,8.872865069912045,93,3871,0,0
1606,2573,1103,18,11,8,149,45,0.30201342281879195,1,237.39311736752944,7.972999926768086,9.260927016856424,496,2135,0,0
1224,4536,333,21,13,14,117,31,0.26495726495726496,11,327.2420731209129,6.104097426355567,8.648939480898902,298,2668,0,0
4271,2096,1394,21,2,7,229,209,0.9126637554585153,204,87.42536411230861,9.015242064650627,12.84991655828529,1138,6841,0,1
2112,1166,3033,20,3,13,189,103,0.544973544973545,4,254.18449099884435,5.151078273558987,7.061084420743948,130,1635,0,0
3705,2383,2352,16,5,13,73,31,0.4246575342465753,8,271.8412358596194,6.537890914767742,8.592859082303281,218,3188,0,0
724,1897,1395,18,14,5,248,30,0.12096774193548387,10,223.2902036390544,2.4355431312417726,3.5454322240382306,433,2615,0,0
183,9505,3582,16,13,13,103,21,0.20388349514563106,1,288.691637182114,6.622175028801685,9.890969002476043,272,3995,0,0
4972,1722,463,28,3,3,64,60,0.9375,33,90.99226537169397,10.176277763118971,16.51386220832958,978,5888,1,1
4914,1436,2944,44,2,8,104,99,0.9519230769230769,62,33.439877576762186,10.559721593696276,15.867624903312484,1171,9441,1,1
4955,3301,2311,44,2,6,64,59,0.921875,47,103.56960219623068,6.616184933303116,12.22426597194027,1117,10129,1,1
3164,1937,2374,9,6,13,235,102,0.4340425531914894,6,238.028665204814,7.886990907933635,11.164214448126467,430,4592,0,0
3351,7283,2697,1,14,13,111,33,0.2972972972972973,19,213.77555693083954,6.69010964561974,8.009889421132398,100,2673,0,0
3581,7436,3496,16,18,9,133,68,0.5112781954887218,7,297.2345970053303,5.717244115589982,8.574535065607762,259,3915,0,0
4096,6196,1776,40,3,3,63,59,0.9365079365079365,39,64.9966275075488,8.676243097334709,15.63243422283357,1387,6096,1,1
4912,2454,580,58,3,0,216,191,0.8842592592592593,109,77.99504820202729,13.735595411418334,20.674320881759815,1427,6000,1,1
418,4854,888,14,2,2,248,38,0.1532258064516129,9,226.11772086979974,4.244864628026605,5.398315244887797,160,3465,0,0
1104,2858,569,17,9,6,128,102,0.796875,6,117.90223707282661,6.354082622940158,9.298430155794245,241,2039,0,0
1474,3832,1129,3,8,9,205,59,0.28780487804878047,1,333.95123992519143,3.1559211026506233,6.382198880325356,178,4088,0,0
3756,4920,3131,17,2,1,162,29,0.17901234567901234,14,232.22198907138267,5.624614104964041,7.505359629917192,346,1284,0,0
2368,5110,3152,18,16,3,115,24,0.20869565217391303,17,273.156923998752,5.143698682267938,6.918307560673646,263,4154,0,0
3522,1504,2987,4,14,11,144,95,0.6597222222222222,16,256.46974249418037,5.231969322083077,6.807467888916686,363,4415,0,0
374,1808,898,21,5,2,260,14,0.05384615384615385,5,234.4816810903965,4.531070651751418,7.3891010141621525,300,2223,0,0
4079,8819,1027,29,4,1,69,68,0.9855072463768116,65,65.82932195925831,9.508218892589765,15.01186065163629,864,8764,1,1
3044,6764,1882,0,12,9,281,53,0.18861209964412812,8,317.49150099563053,5.59893023127711,8.265986859648962,109,834,0,0
4036,3254,2615,20,1,7,89,83,0.9325842696629213,72,93.83510664200627,5.304395698678014,13.0138720590679,1098,9426,1,1
1595,3614,1337,12,10,3,137,94,0.6861313868613139,6,273.8502263507522,5.403909824002597,7.970597708313583,321,2025,0,0
4162,8539,1112,49,4,2,228,190,0.8333333333333334,102,47.63465621899405,12.182323459974468,15.592143087634938,546,8925,1,1
2074,8196,3065,13,12,1,259,88,0.33976833976833976,18,219.6263227680428,4.729371635057108,6.103899134483491,69,4248,0,0
2783,5068,2052,23,12,7,167,55,0.32934131736526945,11,283.685896930564,3.9024424204861137,6.055342900816528,55,2852,0,0
1097,7416,2858,21,18,9,187,27,0.1443850267379679,0,219.66845863389312,5.475281443376727,8.927878691251088,208,3458,0,0
4371,2460,2433,20,4,4,165,137,0.8303030303030303,93,136.46124061259047,10.171953882713742,13.28441847461794,996,11998,1,1
3837,1125,917,21,13,11,136,91,0.6691176470588235,10,345.5337485292751,5.310162667884483,6.5248811995033655,277,4320,0,0
2559,2547,3255,8,1,0,256,61,0.23828125,14,281.9461511187276,5.717420642436296,8.206803277787532,497,437,0,0
3033,2408,1211,23,2,13,82,79,0.9634146341463414,5,298.5042993088657,4.598862609268384,7.704932773835515,465,4986,0,0
351,6048,723,11,0,10,185,81,0.43783783783783786,7,345.6204704958399,6.364154213470886,7.996498561534951,270,1848,0,0
4038,4622,1451,28,2,4,235,202,0.8595744680851064,192,94.81279179057069,11.436007693363091,18.675859925151606,503,6690,1,1
760,8313,2728,15,15,0,160,110,0.6875,8,232.4146421809855,5.313909021717561,8.437260956805009,84,3530,0,0
3583,5058,2805,9,12,13,133,71,0.5338345864661654,0,246.06315720663767,6.146171860326857,9.770808748499716,386,1227,0,0
1537,7018,328,22,6,7,55,54,0.9818181818181818,3,266.72353525292425,5.738978418063762,9.523374976110095,405,4770,0,0
1457,7773,1554,23,14,10,75,70,0.9333333333333333,11,345.57975060021795,6.166089741826487,7.24616921758705,204,2098,0,0
4262,5488,698,52,0,7,120,105,0.875,65,90.35615936227872,8.54706454831975,15.221465281806971,1244,8986,1,1
3162,6388,2099,6,19,1,230,102,0.4434782608695652,17,283.30584188175266,6.623866495691926,8.799557993653295,377,4524,0,0
3287,1903,1647,18,13,13,206,53,0.25728155339805825,18,217.24603240562408,5.062213938022841,8.97878912368635,71,4790,0,0
3366,4831,951,14,7,10,125,99,0.792,17,355.2987837082768,5.882882122595564,7.085850249890168,372,3639,0,0
121,6463,2358,12,16,7,121,20,0.1652892561983471,17,203.14889978000372,7.118802025020598,11.042901580632668,215,1667,0,0
1336,4042,1829,3,18,10,83,71,0.8554216867469879,4,197.484143283893,4.4027077302773066,8.057116973157894,296,4968,0,0
2473,1560,1309,7,1,3,172,75,0.436046511627907,1,257.7333535037225,4.845153647045226,8.839543994816701,197,1298,0,0
1395,8670,3514,4,10,13,206,56,0.27184466019417475,13,276.25846566310844,3.111468537522314,6.855916464817256,320,4616,0,0
311,7318,1756,17,1,2,283,74,0.26148409893992935,12,266.39105864215423,6.42427013953783,9.021782338785776,254,2707,0,0
950,7139,3038,24,10,0,254,96,0.3779527559055118,1,312.6199689814379,5.789805741998394,8.47781436405132,263,2472,0,0
1790,2759,2384,19,16,3,140,103,0.7357142857142858,18,305.8028327640225,6.10368744131318,7.18653561309999,334,4085,0,0
400,6594,952,19,12,3,157,85,0.5414012738853503,8,233.80400917265354,6.829996837546657,10.814049333136118,222,270,0,0
219,1193,561,22,8,0,265,43,0.16226415094339622,7,218.8675319132774,5.694607455237243,7.457782197762784,450,4975,0,0
1416,8873,527,0,6,6,229,45,0.1965065502183406,10,260.24504289885624,5.2240178568932505,6.72832550630879,220,3999,0,0
4193,4423,3374,50,4,0,171,166,0.9707602339181286,158,75.47728268705693,9.815517211000943,13.659976662103976,1228,7990,0,1
321,3891,1929,12,10,5,219,70,0.319634703196347,15,218.48437603735093,4.491944522888052,6.216446406866552,492,2533,0,0
2182,1778,790,22,4,4,137,92,0.6715328467153284,2,312.65318634644564,4.462558303591674,6.8836769266596,177,4306,0,0
1572,3608,1207,10,3,10,299,107,0.35785953177257523,8,262.17797071381926,5.220050567006657,8.428033669202765,401,3999,0,0
1358,5779,2014,12,3,12,279,38,0.13620071684587814,16,261.2661108700454,6.847617085802308,8.797863031752943,473,3663,0,0
1593,3122,466,20,13,4,151,29,0.19205298013245034,12,254.95274386477104,6.396353542625505,10.169836618216381,370,4085,0,0
984,5636,3479,22,9,2,163,88,0.5398773006134969,4,251.71666942844178,5.1375009971179315,8.257872510308374,300,1045,0,0
2463,1321,3464,1,19,8,252,62,0.24603174603174602,18,283.52893174071926,5.166192210079379,6.7641895892220205,109,1447,0,0
2758,1611,1879,11,6,3,240,63,0.2625,2,253.39628216597228,3.000040689396184,4.560089350319729,263,1123,0,0
315,5008,2881,2,10,4,222,24,0.10810810810810811,13,311.87190673420696,5.04269834491321,8.748020430551897,97,293,0,0
2991,2501,650,19,3,1,178,107,0.601123595505618,1,304.3285952465261,7.1001290994404656,10.430828067079215,288,282,0,0
2653,4477,2680,14,0,6,262,116,0.44274809160305345,18,218.74171058554805,5.220160924157061,7.1283479060728965,283,4847,0,0
3718,3421,3453,21,0,12,73,59,0.8082191780821918,15,204.7639231836953,6.383240727115673,9.128500592918169,246,267,0,0
3148,4841,3207,2,12,2,192,38,0.19791666666666666,0,221.57652493127904,4.97455700856581,7.533292463869467,153,4093,0,0
1288,6479,607,18,1,0,244,22,0.09016393442622951,15,321.18205350183644,4.340952123559469,6.682136790181939,396,670,0,0
2150,2783,2399,16,19,0,149,106,0.7114093959731543,15,259.73772036069477,6.922243839131772,10.223757829647198,107,3025,0,0
3761,2313,3548,2,1,3,283,84,0.2968197879858657,7,245.06676082543672,4.802796573661291,7.559507094105121,398,298,0,0
4769,5183,3568,54,3,0,95,90,0.9473684210526315,58,46.84455566517455,7.835172659006334,14.39547489879676,1249,5616,1,1
4213,7673,337,50,0,1,136,116,0.8529411764705882,114,71.99428695175132,9.434259774881395,15.185989389673821,1142,6464,1,1
190,9738,937,18,4,12,95,35,0.3684210526315789,4,114.29463497544566,4.700501666836513,8.512561549484106,405,1725,0,0
2526,3440,1928,6,19,12,178,116,0.651685393258427,13,174.55756581852518,5.0856132838909645,8.362977062529037,452,1737,0,0
1947,5016,1251,24,18,14,104,81,0.7788461538461539,8,224.28655142146795,6.399829496132957,7.589145170708992,362,1561,0,0
4547,9581,2025,33,0,2,212,200,0.9433962264150944,117,79.98116269012009,8.593274437183055,12.491250844181154,729,9625,1,1
941,8463,3263,20,3,0,191,112,0.5863874345549738,4,328.7802279577867,4.636542762811606,8.450203691096256,397,4245,0,0
174,9754,1262,4,4,13,284,67,0.23591549295774647,7,299.80238429029083,4.7432049114305395,7.617195617993331,499,3093,0,0
4309,8622,3551,29,1,1,158,147,0.930379746835443,111,68.61212255541027,11.145356084635285,18.917994682918252,633,6925,1,1
3529,7523,777,6,7,10,80,56,0.7,15,265.23573758751405,5.224710300456686,8.474822913078668,106,285,0,0
4130,6127,2922,57,3,7,106,105,0.9905660377358491,72,104.76969363818634,6.940399542534955,11.931423080339535,582,5268,1,1
3824,9307,2266,23,3,7,173,92,0.5317919075144508,10,271.29137643854483,4.600465234653956,7.082530501877468,207,2875,0,0
3620,3733,617,10,11,5,158,69,0.43670886075949367,10,193.7712891422292,3.822571694880165,7.1694415597605285,314,4629,0,0
4411,6299,2667,47,0,3,224,198,0.8839285714285714,138,71.67576044336046,8.351686483506265,14.045039008830432,1389,8196,0,1
4107,2079,1282,22,1,8,99,83,0.8383838383838383,58,60.10219167392226,7.6836763930510354,13.420306779567873,1043,6772,0,1
4000,1448,308,29,4,4,118,106,0.8983050847457628,88,61.52595291119691,9.0138190655761,16.681230356981345,1423,5076,1,1
4800,9725,3270,31,1,6,248,233,0.9395161290322581,124,99.35657621342088,9.032869009778409,14.591639440742325,1019,4362,1,1
2241,1104,1847,17,7,10,256,64,0.25,4,244.03096490568808,6.285099031350965,9.41594588482267,397,2927,0,0
3487,4672,357,15,14,2,89,14,0.15730337078651685,12,236.10897492452685,6.015586845353519,9.910555777876237,181,2968,0,0
3322,2593,310,14,5,8,243,95,0.39094650205761317,11,259.2379323426835,4.718509132764879,5.800134284193769,108,1581,0,0
4459,8885,1261,22,2,5,141,129,0.9148936170212766,67,65.76741045796044,7.768211228506006,11.974424396695412,1006,9064,0,1
2353,3542,1664,16,7,11,148,95,0.6418918918918919,7,352.94928478971684,4.644666597213975,7.554448680068877,471,4072,0,0
3642,6919,1922,17,10,7,50,33,0.66,11,309.2348691709218,5.6233330467551355,9.612987799511554,363,3118,0,0
2846,8811,2048,11,17,7,272,72,0.2647058823529412,19,221.72395423598633,5.981428403296497,9.417418631093323,148,2826,0,0
925,4098,2320,16,4,13,242,43,0.17768595041322313,5,167.75043322542126,4.9280523594151235,7.34081483866803,170,4720,0,0
3390,4476,804,6,1,2,283,116,0.4098939929328622,17,248.21051441083347,6.446408712974975,9.432041129498973,106,3711,0,0
1880,5015,2874,8,16,5,267,28,0.10486891385767791,6,322.85509131137024,4.3760988750771155,8.191088210806672,446,802,0,0
2754,5224,1605,12,4,5,197,101,0.5126903553299492,19,237.81913630265504,6.946520115422653,9.975361488521282,381,1475,0,0
2164,2844,3497,19,14,8,132,56,0.42424242424242425,10,277.73616513254603,4.433331262225239,6.161864171226582,52,895,0,0
2408,3859,678,3,11,7,139,98,0.7050359712230215,2,203.31511544342015,5.897446657552763,8.682266474534746,65,3851,0,0
1625,9720,3399,2,13,0,103,53,0.5145631067961165,15,178.19697525818336,5.633135646249905,6.995201049788626,441,2451,0,0
1094,5686,2330,7,14,10,228,100,0.43859649122807015,6,276.68476240030964,6.992952622753828,10.300512992741613,131,2791,0,0
2564,7842,334,10,5,3,290,95,0.3275862068965517,2,261.1021774073036,4.510857919919379,8.246339712049854,292,4690,0,0
1033,9636,3204,7,0,14,269,36,0.13382899628252787,0,180.12576935847784,6.878490222152729,10.43558626993886,429,3541,0,0
3204,9185,2703,9,9,6,102,59,0.5784313725490197,9,319.64323448756886,7.973759157112562,9.079548211428003,221,1887,0,0
2264,5983,711,17,2,2,299,41,0.13712374581939799,3,301.89761158130887,6.569608493701617,10.550710063866232,108,2276,0,0
609,4232,414,19,15,12,224,119,0.53125,8,195.64282498813503,4.938476142785269,7.624320472764986,235,2925,0,0
2472,5838,2566,14,6,5,263,79,0.30038022813688214,0,255.02944137043326,7.739721929999064,11.611500598506165,195,1954,0,0
394,8189,1723,3,0,12,255,89,0.34901960784313724,3,315.20442300234976,7.338768423766373,9.099675090308487,414,4318,0,0
438,7915,675,9,8,7,219,118,0.5388127853881278,2,236.16820654192767,5.950891375212515,7.6128445540777605,347,1287,0,0
734,8938,1340,24,17,7,276,42,0.15217391304347827,11,235.73848420637756,4.423262646372344,5.761283226276714,396,3344,0,0
2961,9674,3310,6,11,11,193,17,0.08808290155440414,3,220.7093347378748,5.320468251779429,8.231226767926959,121,4627,0,0
4076,4102,2856,38,4,7,219,207,0.9452054794520548,194,59.89269604933215,6.403974090806995,10.107787324010708,1423,6293,1,1
70,6984,2270,0,16,0,72,24,0.3333333333333333,14,291.47027905917446,3.288864690992115,7.008281023885756,484,3210,0,0
1174,6438,384,8,12,11,169,57,0.33727810650887574,18,265.1898907680377,3.04939032242197,6.478152134850628,432,1511,0,0
4090,8824,684,29,4,8,170,139,0.8176470588235294,100,87.08200384052417,9.798471097809484,14.913094164943828,1422,7967,1,1
2935,5589,1395,21,13,3,247,114,0.46153846153846156,0,224.90625993627262,3.9552579246790636,7.28848798815714,137,1156,0,0
4447,5461,980,36,3,2,214,210,0.9813084112149533,108,86.41191082779898,10.098568540315762,14.593277929967975,962,4930,0,1
1684,5909,820,17,9,1,141,45,0.3191489361702128,11,246.87859312624346,5.73059801889391,6.798282971165893,255,485,0,0
3707,7619,1834,13,10,6,258,71,0.2751937984496124,13,244.261416956558,2.3921801266720273,4.827329719585402,475,3312,0,0
2313,3261,3190,5,16,12,292,22,0.07534246575342465,8,242.8869984666817,6.761385458082873,9.065215582840189,459,293,0,0
4031,5724,471,23,4,7,56,45,0.8035714285714286,43,59.07245881448088,10.383145053286007,15.784562747732362,1384,8688,0,1
3941,7819,2782,16,2,1,146,31,0.21232876712328766,17,203.11901971416404,5.6030269973227,9.078083014884857,301,365,0,0
247,5727,1604,21,6,4,175,64,0.3657142857142857,6,281.77090151046133,4.260741605146528,8.197684950670954,70,3958,0,0
2657,8057,592,3,15,10,136,31,0.22794117647058823,17,234.07982129729535,6.22727937593716,7.265249686572748,212,1628,0,0
1867,1558,2869,15,1,14,142,114,0.8028169014084507,14,339.2878457860029,5.496010570518733,6.745823214442955,194,2734,0,0
2071,5860,1044,22,16,4,231,118,0.5108225108225108,2,225.70839518089264,5.101454266958505,8.955419615694026,366,4336,0,0
4775,2254,1462,57,0,7,175,151,0.8628571428571429,138,73.09927625250846,7.597418983479129,10.873365502310225,980,8766,0,1
2481,1782,3487,21,5,12,272,17,0.0625,13,201.50710686323205,2.6973892095714618,6.52521062901744,135,3896,0,0
3331,6545,3246,6,6,3,147,40,0.272108843537415,11,318.82084493974935,4.923679741442676,6.281317445759209,293,129,0,0
278,9533,3049,11,5,2,96,77,0.8020833333333334,3,283.3156250454606,5.9625912928539515,8.23047888389478,355,3713,0,0
4573,5821,1361,56,2,9,211,168,0.7962085308056872,159,84.84628514902762,9.474592125641676,17.13296411681257,1200,6653,1,1
2507,5655,1383,22,18,0,248,80,0.3225806451612903,18,265.9965846068916,6.028196723667313,9.738402289044513,404,444,0,0
1689,4214,3065,23,9,13,119,70,0.5882352941176471,15,170.375639717754,4.371971592968516,5.437525724591852,308,1957,0,0
4865,6382,3094,30,1,8,161,128,0.7950310559006211,120,105.99453735250165,7.061151429477878,12.033367541254812,1332,10598,0,1
198,4137,910,15,15,2,123,107,0.8699186991869918,6,214.46199482254107,5.573770107886886,8.11127805419788,493,4766,0,0
304,3761,2487,17,6,2,141,30,0.2127659574468085,12,239.55357565602114,6.767922133331887,10.185455731185387,178,295,0,0
138,8595,1818,12,19,1,87,32,0.367816091954023,9,213.36579043711905,6.005427146624818,7.570474397921623,313,4712,0,0
4588,2537,2848,30,4,6,124,113,0.9112903225806451,93,60.64009256301832,10.039955516438912,17.978641577116868,596,8460,1,1
240,5699,1180,14,3,6,228,56,0.24561403508771928,12,258.1530533714708,5.4922707777452615,6.6706854843471035,478,2484,0,0
2267,4671,3527,6,17,12,212,84,0.39622641509433965,17,226.99064755510605,5.960422267984389,7.129097015456969,409,2718,0,0
2000,7720,3148,20,3,9,199,73,0.36683417085427134,15,328.48637696205384,3.8475954146072304,5.709028226911625,53,3197,0,0
2575,2609,1435,7,16,13,157,68,0.43312101910828027,16,359.99150668510407,5.527720182183277,9.396994055800956,121,2768,0,0
693,9741,1186,23,14,9,163,92,0.5644171779141104,6,199.65363195274278,5.547825319784683,9.349787575322534,335,1384,0,0
4354,3915,380,53,0,3,68,58,0.8529411764705882,34,35.12832417146406,11.144186819595312,14.706926903501204,962,11680,1,1
689,1117,1861,14,13,2,275,73,0.26545454545454544,10,307.3341150058682,4.598516057421138,6.461671360891226,403,3081,0,0
1887,3058,993,11,14,5,209,68,0.3253588516746411,0,141.9260563307779,5.092413405411783,8.22380625620114,410,1931,0,0
2009,3798,2250,24,8,5,229,109,0.4759825327510917,19,143.9938901854212,4.56167079596325,5.923691144767996,342,1819,0,0
4683,8956,1873,52,3,9,50,49,0.98,34,82.67534694141985,10.784339666895878,17.955094512608,1288,10947,1,1
1054,6667,3305,9,13,8,209,54,0.2583732057416268,10,285.8707056615454,5.23777730490774,9.182830822718888,80,2495,0,0
3156,8796,1097,4,19,4,173,37,0.2138728323699422,12,318.196457690314,3.0099873120339558,5.902412116966985,215,3227,0,0
2045,8275,365,3,18,1,226,52,0.23008849557522124,1,258.0994171828105,5.218629464472757,6.627690849805029,456,4440,0,0
1006,6265,1236,18,12,6,61,32,0.5245901639344263,9,241.3063089842707,6.838592138295606,8.593957498336259,462,3785,0,0
2541,6982,2162,16,8,8,107,61,0.5700934579439252,7,176.09390548045792,4.988777579394798,6.915714740209827,186,4408,0,0
3427,6871,805,5,15,14,271,77,0.28413284132841327,1,178.4529505689145,7.034367014198286,8.684950412586291,381,729,0,0
1351,9774,2626,1,13,5,208,97,0.46634615384615385,4,267.26401949690387,4.287713101187969,6.908063229276429,459,2720,0,0
803,6592,3073,15,5,4,193,61,0.3160621761658031,3,234.56612951626084,7.044984795382366,10.414578658488981,447,682,0,0
624,7371,2110,9,10,5,240,96,0.4,5,251.6249931443931,6.305593834995176,7.656787073940764,487,4747,0,0
3932,8977,1880,22,16,14,296,118,0.39864864864864863,18,176.85425565109605,5.135998765452105,7.397364763026278,490,2956,0,0
3405,1581,929,24,18,13,256,102,0.3984375,2,358.4338278817661,6.819429700237557,10.144573335669396,472,568,0,0
2440,1780,500,0,17,12,103,53,0.5145631067961165,3,298.8450866212221,3.574028217140651,7.2106447822104975,430,4122,0,0
3029,2254,1671,24,11,2,269,79,0.2936802973977695,15,289.18680282974816,4.755208187780141,6.883673903419076,185,1417,0,0
597,5749,1613,16,13,5,221,39,0.17647058823529413,18,238.89450190337072,5.125346032188352,6.402895895737635,425,1993,0,0
4499,1770,1469,21,2,8,79,64,0.810126582278481,33,88.43125805006775,11.261966551926182,15.727135283658445,1027,4793,1,1
187,9623,1270,22,16,6,222,109,0.49099099099099097,0,245.86596570786503,5.378252491616716,8.172928373807933,300,1426,0,0
1695,8663,2955,7,14,0,133,34,0.2556390977443609,18,242.5635206091303,5.980611215248595,8.536550083513603,414,3411,0,0
1281,1098,1959,9,11,13,132,52,0.3939393939393939,17,201.6013804812264,4.9882182758749725,7.792143367319085,459,3079,0,0
1518,6502,693,10,8,6,234,119,0.5085470085470085,14,272.2515720278654,7.024650865290839,8.169908782722583,469,2429,0,0
2251,1864,2521,9,6,0,216,66,0.3055555555555556,16,261.7495100088679,5.569208249089033,9.408726235281407,383,2497,0,0
1311,7315,1160,11,0,8,116,71,0.6120689655172413,19,315.68503058959675,3.3721542780664784,5.102516313981775,300,3693,0,0
4054,7142,888,56,3,8,203,179,0.8817733990147784,125,104.6352541883843,8.942491722336555,13.033944346047104,862,4179,1,1
4361,5170,600,21,0,6,102,99,0.9705882352941176,92,62.23371916474268,9.118482841320338,12.689262361263754,868,8465,0,1
4512,9038,3403,59,3,8,91,89,0.978021978021978,75,89.2852798312796,9.608604008474371,16.25052618024172,1370,10536,1,1
4774,9658,2311,36,4,8,81,78,0.9629629629629629,62,106.05497528386452,8.006761475024637,14.417370967673767,815,10289,1,1
2100,3027,426,21,13,2,53,50,0.9433962264150944,12,299.35074180318884,3.9771027535141945,5.12617900402252,321,1319,0,0
1473,4754,2545,18,5,9,205,103,0.5024390243902439,19,169.50483993281563,6.765014234071698,10.021947146092065,426,763,0,0
4735,1653,3520,54,3,6,87,73,0.8390804597701149,46,91.20659384501698,10.287337054881558,15.112131558829464,1082,11950,1,1
4803,1375,1172,46,0,9,72,68,0.9444444444444444,36,61.78914561733721,10.762904511049902,15.965098788528419,1082,8119,1,1
1471,4571,2528,15,16,10,170,99,0.5823529411764706,14,227.64268760588595,4.6028683128442704,7.350735387379009,126,704,0,0
2790,1240,1795,14,17,9,128,97,0.7578125,5,286.97262963075934,3.4684542036791317,5.774289531559051,145,2048,0,0
1909,9333,1634,6,10,14,137,117,0.8540145985401459,16,223.50726447031295,4.844945289726337,7.57073425687885,225,904,0,0
4897,3977,3326,52,1,0,82,81,0.9878048780487805,43,64.99241064616474,8.44276417567975,11.645383875966283,602,8777,1,1
1159,3555,1350,10,2,1,115,105,0.9130434782608695,0,309.85472631294783,4.748611497317126,7.380292586795049,204,4627,0,0
4172,3613,1901,53,0,4,168,147,0.875,73,74.86561662278109,9.038383933900644,12.670500212448886,618,11806,0,1
4716,1154,3377,45,1,7,81,70,0.8641975308641975,63,108.92559414488093,10.54699766644043,14.45378690947956,640,4869,0,1
4377,2480,3115,21,2,4,70,62,0.8857142857142857,31,83.0777546555185,11.129545723730837,16.902686570061565,1248,8389,1,1
3446,2770,688,6,2,12,72,10,0.1388888888888889,2,129.7740807696843,5.269660460899496,8.159141353644241,128,4743,0,0
2938,8449,2785,23,15,0,191,118,0.6178010471204188,13,366.38596601004434,6.201122358098616,7.759876988299494,123,1585,0,0
4487,8430,3534,45,2,4,224,202,0.9017857142857143,190,79.46487328022117,12.048006959350241,15.403116344075467,934,8387,0,1
2419,6985,768,17,0,4,81,64,0.7901234567901234,11,255.90138569719093,4.891371712533935,8.55325974404656,231,2918,0,0
3903,6187,2626,5,16,11,150,47,0.31333333333333335,7,220.03341976802224,6.19950175567669,7.382466377273535,329,468,0,0
867,6733,409,16,18,0,169,87,0.514792899408284,0,238.9990986170163,5.37259312761004,6.683917253514262,402,2497,0,0
4063,2415,3178,58,2,2,169,167,0.9881656804733728,154,73.95267177632304,11.102576809871259,19.07488604859252,1098,11275,1,1
1241,9977,2774,0,14,6,61,57,0.9344262295081968,16,146.99007263916502,5.841921610589304,7.465586672904295,320,1322,0,0
1363,8020,2772,15,15,5,143,95,0.6643356643356644,3,266.5205661181389,6.05106382956822,8.733845567701005,150,4158,0,0
855,6434,689,14,12,13,288,115,0.3993055555555556,16,254.7535718446538,6.348203171497215,8.416837123258823,425,841,0,0
1963,4958,2835,21,14,11,138,46,0.3333333333333333,13,298.73045557110856,4.199066569235941,5.319452936470709,335,4818,0,0
4579,1969,1839,27,3,6,131,109,0.8320610687022901,94,89.80866834495755,10.661211974516585,17.768320365635734,1099,10354,1,1
770,7922,2197,1,1,2,51,50,0.9803921568627451,15,205.98615230839448,4.480476585976757,7.596396513584539,202,3637,0,0
4471,5680,1271,42,0,6,100,98,0.98,76,80.8433564321978,8.948663102336926,13.812910145862087,553,11643,1,1
3887,8892,2522,9,18,12,227,42,0.18502202643171806,2,255.08642222711168,5.900050757277209,7.669741315962071,443,3491,0,0
1544,6180,2953,21,6,5,126,41,0.3253968253968254,5,365.24261699114777,7.937886057011667,9.159015513028399,390,1621,0,0
1099,9486,3327,17,8,5,169,81,0.47928994082840237,3,269.0804714028894,6.5241463731336164,8.990264878308423,378,1420,0,0
4192,2749,3164,51,0,9,188,153,0.8138297872340425,142,108.24530959930152,10.383267443518044,18.24415163947856,1211,4290,1,1
780,2941,3306,19,5,9,126,89,0.7063492063492064,10,279.49688161641905,5.243426590361638,7.4711030309370265,237,4449,0,0
4913,3510,416,39,4,6,165,149,0.9030303030303031,85,110.41407881378788,8.74073936295045,12.90709366167146,1471,10780,1,1
4517,1739,1087,51,3,2,131,120,0.916030534351145,114,80.16821253562517,10.647133751633843,13.738670905734562,604,5592,1,1
3407,9021,3353,14,8,6,101,50,0.49504950495049505,6,140.5782561428755,4.084118526042614,6.055504241224378,458,986,0,0
2907,5361,2278,8,12,10,181,83,0.4585635359116022,9,308.7720322477933,4.07525409065382,5.56454810910868,425,1987,0,0
2534,5921,3539,1,18,7,135,59,0.43703703703703706,9,345.06923327931577,5.488162853759675,8.803752246761208,495,3695,0,0
2510,5410,2786,16,14,12,70,25,0.35714285714285715,0,260.9421346942865,6.454381330418167,7.58982131721246,271,3443,0,0
832,3196,2821,18,11,11,188,53,0.28191489361702127,13,242.5689470698074,4.526739089515669,6.963650773876083,421,2010,0,0
3593,6615,718,17,19,5,128,48,0.375,15,229.65147374471792,1.882060645696376,3.186917377471705,378,3834,0,0
4143,8317,1983,38,1,4,55,53,0.9636363636363636,38,68.83407940370385,10.90291586559162,14.995343101790256,1385,7494,0,1
4287,1729,2541,32,0,0,245,229,0.9346938775510204,114,73.73247477959252,7.9162165394784605,14.529215239395878,1326,10630,0,1
4373,4424,809,34,4,3,124,118,0.9516129032258065,64,89.64752721177753,11.334437745195935,17.17197041390644,1044,4870,1,1
2170,7291,3277,5,9,0,130,101,0.7769230769230769,0,239.00379751658699,5.667945226379966,8.374932730490979,58,2611,0,0
3818,7707,2886,3,2,1,275,103,0.37454545454545457,17,346.19775878666456,5.946935314906678,7.197731524802579,185,4134,0,0
1690,8731,1711,21,14,2,142,62,0.43661971830985913,0,250.13875249160117,6.578551746319691,8.572080988622895,378,2405,0,0
2371,7199,900,12,0,2,217,37,0.17050691244239632,1,208.59308688371334,6.417110469640674,9.306642159664417,313,3521,0,0
2328,6492,720,10,9,7,254,48,0.1889763779527559,9,256.93448124310163,7.316368812026224,8.339285795903542,91,1687,0,0
591,4870,2245,3,18,11,226,112,0.49557522123893805,14,208.26398452750968,4.050849476887113,7.319779767827995,163,3790,0,0
1231,4299,880,19,13,9,194,62,0.31958762886597936,7,136.9331024890902,5.73238090257094,8.922966701055604,214,4928,0,0
3010,7641,834,23,7,5,211,92,0.43601895734597157,19,307.1897243336179,5.154742152554555,7.635386544766016,82,3792,0,0
4444,7740,3265,36,4,5,118,111,0.940677966101695,99,65.4294959264785,7.783469927176641,15.127630842178522,639,11415,1,1
2989,4269,1221,24,3,5,91,85,0.9340659340659341,13,222.73920688018214,6.611377770498223,9.239042262344254,470,3728,0,0
2203,6507,316,7,15,7,176,15,0.08522727272727272,11,255.10255786564255,5.749708806407423,9.529657030601133,132,3605,0,0
753,3015,3492,1,6,6,67,26,0.3880597014925373,9,306.77581454815186,5.681598769095616,9.470348052888323,316,4512,0,0
1541,2745,791,7,1,3,203,63,0.3103448275862069,17,221.41987616784922,7.172730316293359,8.743264722865337,302,4600,0,0
3236,6318,3363,5,2,10,273,22,0.08058608058608059,12,258.72043742805437,6.104913827183569,8.5559830209312,333,4917,0,0
611,2469,3192,6,13,6,167,45,0.2694610778443114,7,323.2788192182355,5.0221716226259305,8.723108341349404,317,2950,0,0
3795,7642,2553,8,16,3,142,84,0.5915492957746479,5,212.7026265589946,5.6046577701325555,9.39578996983001,331,4980,0,0
1705,7251,3074,22,19,9,285,103,0.36140350877192984,4,242.54946918406995,4.23500584373896,7.055309219650622,214,536,0,0
3107,6825,3465,6,15,14,154,49,0.3181818181818182,8,195.7636881354225,3.0038199780236337,6.58786995131952,235,686,0,0
2148,9120,324,8,15,6,210,58,0.2761904761904762,1,281.9781465427216,7.196176888556797,8.950771059801724,337,4672,0,0
4907,6423,541,29,1,1,176,159,0.9034090909090909,125,84.54823223534092,8.114364382382567,12.183023373938035,742,4209,1,1
1410,7028,2848,2,12,11,121,89,0.7355371900826446,18,315.817241875976,2.5913392555194963,4.589630401526534,426,395,0,0
192,7868,3553,11,9,13,207,33,0.15942028985507245,6,267.75112272107583,5.278886904711499,7.027525504260017,385,3571,0,0
4817,9190,2589,33,0,0,176,143,0.8125,120,97.64514523459559,9.333417533593147,14.391796099825008,829,11587,0,1
4968,5595,2540,33,0,0,181,148,0.8176795580110497,126,92.58189628211754,11.776242061776603,15.357026119750635,854,9292,0,1
1749,5720,2667,8,5,11,227,104,0.4581497797356828,19,291.1691964545439,5.339628513620637,7.386986324053392,492,2040,0,0
2490,5137,2811,6,2,14,90,59,0.6555555555555556,11,313.21771827515664,5.282535546963635,7.299317127034238,255,4038,0,0
3527,9475,2433,23,14,3,106,50,0.4716981132075472,19,202.04060189520433,5.108116970379049,8.999734787316331,88,2780,0,0
3653,7040,808,18,4,2,194,70,0.36082474226804123,17,212.69137966641,6.039050328762064,8.455626287672729,407,2215,0,0
1127,9724,3141,5,11,8,270,34,0.1259259259259259,8,308.8500318395169,4.18753269655145,6.026315808121146,321,2479,0,0
1230,2223,2672,6,5,3,217,55,0.2534562211981567,0,253.05938823949444,5.423618981327165,8.911859473072122,212,4826,0,0
1693,6391,1881,19,17,1,182,14,0.07692307692307693,4,215.59633326593303,5.408106811276741,6.824324372605975,319,3279,0,0
905,6769,1070,20,4,14,291,80,0.27491408934707906,6,205.1666752833309,2.468806167509911,3.536515257230239,475,3942,0,0
4108,8051,2540,25,3,4,111,90,0.8108108108108109,64,85.827233025818,9.467656490368153,17.353685475508627,1060,6155,1,1
3510,1622,2826,24,10,12,83,20,0.24096385542168675,0,259.0266575405801,4.33836530419146,8.200803897101153,414,2344,0,0
2434,6067,3428,14,12,11,229,93,0.40611353711790393,7,308.87852070747317,6.412726813119809,8.482935619796132,386,2270,0,0
4251,9407,673,39,4,8,173,143,0.8265895953757225,81,61.03131649363886,7.689551984424956,12.369782904495109,611,7184,1,1
1313,4116,3221,17,11,11,292,68,0.2328767123287671,11,181.5392877078974,4.806921212328427,6.149621279854976,482,2270,0,0
1306,6240,1196,15,1,2,183,59,0.3224043715846995,0,288.76209959320295,5.82427654247887,8.97614858689058,97,1722,0,0
2674,8967,2845,21,9,7,234,50,0.21367521367521367,8,195.1275211786791,6.797544637964865,9.702449056963651,403,4523,0,0
4122,2895,1833,48,1,9,89,71,0.797752808988764,60,83.36173561375814,8.47644176678267,13.86588422417434,1397,10552,0,1
3666,8911,407,14,7,1,259,73,0.28185328185328185,10,271.3792189002913,5.204616507666955,7.080710741933849,342,2404,0,0
4561,3034,1261,27,2,4,56,47,0.8392857142857143,25,83.54707315509833,10.432640663184664,17.72826430444217,686,4749,1,1
231,4273,1763,2,10,14,237,27,0.11392405063291139,10,305.5151180991382,4.316593811733469,7.13393156009154,467,3859,0,0
4905,2695,2577,36,4,8,164,149,0.9085365853658537,130,84.50033965542374,9.597898842319848,13.93439786386955,1174,4688,1,1
3195,7022,2773,21,15,2,117,89,0.7606837606837606,3,180.87978294876626,5.8125549459649815,7.398135883121708,229,1433,0,0
959,7118,2546,13,4,1,243,70,0.2880658436213992,10,311.1979954953568,5.750359817075813,9.547835156408851,154,3848,0,0
4439,6931,1169,47,3,9,211,172,0.8151658767772512,97,64.8202164304953,10.076410951762242,14.935934378820908,692,9580,0,1
4825,5101,683,56,4,6,197,160,0.8121827411167513,150,77.76473627474928,9.82486783633377,13.074721781661353,1017,11142,1,1
3016,7270,599,4,12,3,79,33,0.4177215189873418,8,299.61610833352705,6.521766988989759,9.305763565829118,218,1248,0,0
1002,4603,2438,0,19,3,254,118,0.4645669291338583,3,277.0596503650215,6.3910705409104915,7.637770205442293,256,1031,0,0
2695,3602,543,24,10,11,185,83,0.4486486486486487,0,222.39209947253144,6.798288803426287,10.253714907032812,95,2815,0,0
4995,4054,3597,47,2,0,82,65,0.7926829268292683,46,50.8161197648468,9.407257728357695,14.95356297160343,557,11614,1,1
137,6178,1218,16,18,13,118,42,0.3559322033898305,11,256.9671296810632,5.952534891821335,9.556289775381401,272,3349,0,0
413,7365,318,20,6,12,85,27,0.3176470588235294,0,200.84389327090793,3.881194691142321,6.691197279778425,201,2745,0,0
2918,2554,2848,17,4,8,257,13,0.05058365758754864,5,208.1875547367204,6.351394002816997,8.774101438906879,323,3491,0,0
844,7805,3377,4,12,4,198,10,0.050505050505050504,8,223.58929925751087,4.789667509785108,6.579406034276741,103,4899,0,0
3917,6654,2993,11,8,9,158,95,0.6012658227848101,9,201.87848138422768,7.048317705383413,10.34174513187373,160,1626,0,0
3685,5695,2774,5,10,1,146,103,0.7054794520547946,7,321.3679029733292,6.078316159892646,8.57081165834398,69,684,0,0
1717,7575,3160,4,4,13,221,117,0.5294117647058824,5,242.11736604582683,3.5901048316549846,5.803900830158338,272,2553,0,0
131,1525,803,22,4,4,127,11,0.08661417322834646,5,167.4754394981119,5.449577148278513,9.061826852096047,160,113,0,0
462,2916,3335,20,5,4,178,61,0.34269662921348315,0,239.85412684947775,5.720351829273546,9.282180475699104,217,2995,0,0
4787,1386,3312,35,3,8,153,146,0.954248366013072,140,90.89300929684264,8.072763395823532,11.985463656987731,1289,11544,1,1
1129,9699,866,23,0,1,181,91,0.5027624309392266,1,209.67400837717193,7.177200509966096,8.795638990806587,146,1500,0,0
635,1519,2224,24,18,0,137,12,0.08759124087591241,1,231.55302804842688,5.713808793941063,8.721271260545617,95,2288,0,0
4023,8888,1871,51,4,8,155,136,0.8774193548387097,130,58.51762137084967,8.71004983743876,15.24463037885265,732,9908,1,1
1886,3156,2226,7,15,14,141,101,0.7163120567375887,17,206.82389334926435,3.842823639698432,5.569740690697696,267,3430,0,0
4869,9357,1944,36,2,1,219,202,0.9223744292237442,159,118.82341183022922,10.241670584903138,14.60056850725448,1383,10399,1,1
4216,9578,2399,31,0,4,126,108,0.8571428571428571,74,86.39496270423145,9.19439804262757,13.680719318870299,1447,6238,1,1
1553,9567,459,10,9,3,87,34,0.39080459770114945,8,212.66802191713867,5.05783233465784,7.504469179926469,439,4149,0,0
2178,5720,794,0,4,13,71,29,0.4084507042253521,19,306.2454721461419,5.805982552157864,8.059197081489152,396,2640,0,0
3950,9752,845,14,16,5,55,15,0.2727272727272727,2,267.5142173102714,6.079569921913136,9.936602887405094,106,1289,0,0
3749,3951,1587,6,1,0,103,98,0.9514563106796117,0,207.77353112237424,5.822341635406172,7.735375210891627,174,3505,0,0
4225,9648,723,47,1,4,196,175,0.8928571428571429,102,66.12820638753347,9.301954261224417,15.769455025103502,1143,4055,1,1
2480,1069,2375,17,2,9,253,85,0.3359683794466403,6,289.96013596210713,5.863891362150054,9.847324095272922,183,4203,0,0
93,8674,1362,1,8,9,158,116,0.7341772151898734,1,248.25057547515192,7.27080063563551,10.336007824918719,91,4220,0,0
14,1698,1739,1,4,0,162,11,0.06790123456790123,0,221.26453961933004,5.078501779660116,7.546860060492805,209,1833,0,0
4999,2909,1372,39,3,8,218,211,0.9678899082568807,203,76.64674193568887,6.980762384961284,11.802552797495373,786,10938,0,1
521,3594,3530,13,3,6,131,14,0.10687022900763359,3,286.0546398243048,5.171884666831458,6.65378550468711,255,1273,0,0
4670,1735,1984,47,0,4,78,62,0.7948717948717948,54,74.16331790455773,12.39645635563447,18.909262098019404,1335,10799,1,1
3760,9714,1276,21,1,8,100,72,0.72,11,243.06858957171826,3.4676631255601014,6.534074117771648,257,2333,0,0
2200,6243,2023,2,19,4,269,31,0.11524163568773234,6,302.68676588244665,6.327464801249512,10.27587242036457,209,4142,0,0
731,2461,1192,2,4,6,238,17,0.07142857142857142,7,275.2316810463026,4.929436307193471,6.867067263903637,160,1269,0,0
485,6204,3242,17,4,2,263,13,0.049429657794676805,1,268.28242933279523,4.873998873861201,6.425352869184904,174,2454,0,0
1424,9131,894,15,4,6,119,70,0.5882352941176471,12,298.86316851515613,5.679695381106207,6.731861609882508,485,4473,0,0
544,7575,1026,13,0,8,215,40,0.18604651162790697,8,246.882267901561,5.990915348926659,7.772124675290384,269,2987,0,0
2208,5312,1141,13,14,12,245,82,0.3346938775510204,13,262.4868033931906,5.0690561995147725,6.197716479033005,230,2983,0,0
4199,5127,3420,27,3,7,122,120,0.9836065573770492,77,89.03644315065588,9.305207687688858,17.06241881141137,712,8262,0,1
1538,1364,1268,9,2,6,145,34,0.23448275862068965,12,245.62232267732801,5.266922807949178,8.93201385635297,116,2804,0,0
1546,7209,674,20,1,14,255,110,0.43137254901960786,14,218.7435311087717,6.552758219963624,10.123664725950523,132,1821,0,0
3093,8494,2503,16,5,3,198,74,0.37373737373737376,13,243.3170133368789,7.1193220763233045,10.329192679304793,144,642,0,0
3982,9925,3536,20,4,6,70,12,0.17142857142857143,8,263.1577172509816,5.340911617183058,7.755614610627385,281,983,0,0
3592,7766,2432,3,9,6,156,96,0.6153846153846154,9,253.96406472431067,5.730182676103732,9.076732156844496,197,1457,0,0
4538,2242,2693,56,2,5,214,191,0.8925233644859814,105,117.98121534123733,8.606013103354822,15.493822734409221,997,5315,1,1
554,7073,1714,19,1,2,288,60,0.20833333333333334,8,256.3546374421399,5.586970217575358,7.735470401880663,189,640,0,0
3988,7754,1188,17,19,4,85,66,0.7764705882352941,14,266.87420045774314,6.449545061910081,8.83092809196042,268,2514,0,0
3266,9868,2239,20,16,10,183,98,0.5355191256830601,3,309.62599900199604,4.341185474912578,5.476611696498935,244,1390,0,0
3099,8854,3075,5,18,3,246,65,0.26422764227642276,16,200.17036408724303,3.6371826325444134,7.597642787237159,413,669,0,0
2594,2568,1640,5,8,5,92,76,0.8260869565217391,7,215.33349988431218,6.222409167962448,7.747306087634688,488,2318,0,0
1933,1683,3363,16,8,11,181,85,0.4696132596685083,14,191.0180282827658,4.229243545078303,7.915928736058936,85,4766,0,0
282,1166,1838,16,1,10,175,66,0.37714285714285717,8,222.08491230269848,4.399845767028305,6.406677129837833,357,2392,0,0
246,8913,1273,5,1,1,173,25,0.14450867052023122,12,194.9169042310299,6.13629316843861,9.726495469009615,441,1338,0,0
4029,4172,3183,59,2,8,94,83,0.8829787234042553,64,96.9065138284146,9.66103607075566,13.283237488741214,637,4098,0,1
261,9835,930,8,1,1,153,76,0.49673202614379086,12,241.20727977839644,7.161470165728018,8.3350035140695,139,492,0,0
2821,3628,2057,3,6,13,50,24,0.48,11,238.91675468538517,5.680386067128783,8.064088303571681,473,1637,0,0
4974,9470,1173,53,2,1,156,146,0.9358974358974359,119,78.10107689515952,9.426424505756854,13.614459439960633,1488,6422,1,1
3217,8690,1709,24,13,13,91,12,0.13186813186813187,2,296.30106548927404,6.7047695643885366,10.102668091412292,75,2724,0,0
299,2184,2734,17,15,6,124,25,0.20161290322580644,9,236.46897102360316,6.392589517114352,8.873092493577577,368,3857,0,0
892,3419,1829,14,2,9,264,102,0.38636363636363635,14,277.1767113732957,4.84173985727677,8.200705275685001,225,424,0,0
12,6864,1931,5,7,10,52,48,0.9230769230769231,8,347.2557807243393,5.34666354248386,7.154900543879425,201,2098,0,0
4549,8973,797,27,0,9,141,126,0.8936170212765957,121,97.64883114513229,9.658076501703116,13.736725997954096,1068,6186,1,1
3384,2818,1323,24,7,11,216,111,0.5138888888888888,17,235.37598324407944,6.499072352853866,9.618968130745435,96,763,0,0
3931,1162,1039,9,5,10,191,103,0.5392670157068062,10,259.46505304237985,4.176655667875774,6.610663105950705,473,4940,0,0
1262,2264,1015,17,3,12,137,67,0.48905109489051096,14,275.80815114632344,6.56542472359758,10.083537314211252,357,1770,0,0
1893,5568,703,1,9,5,100,13,0.13,7,233.5443439162742,5.902618398009127,9.061952778476538,99,4009,0,0
3425,6487,999,5,7,10,127,83,0.6535433070866141,15,210.01650280947462,5.023353847543578,7.630278566469265,121,1214,0,0
4142,9908,830,33,0,5,150,139,0.9266666666666666,90,76.04793295618411,8.50498604457854,11.769359038998555,967,6758,1,1
3343,7647,3398,22,6,12,169,113,0.6686390532544378,14,296.7454791816622,5.298368959781411,7.3527438227175725,154,109,0,0
3309,8891,1571,17,9,5,245,105,0.42857142857142855,18,216.0758089511067,6.0109440912254755,8.458546059858845,112,2404,0,0
3873,9022,2275,10,14,12,55,24,0.43636363636363634,5,237.2217344814614,4.306372786892471,6.606003992036297,462,3311,0,0
4880,8921,1952,43,0,5,91,77,0.8461538461538461,55,101.13828037198434,10.885649961699784,15.151945831560582,1249,5234,1,1
540,6820,1247,5,11,9,262,118,0.45038167938931295,7,314.3583896574938,4.289842975769313,5.597430570452717,193,358,0,0
2752,5827,3096,15,0,0,125,113,0.904,5,237.14607679330894,7.076125957410655,8.603894745401501,433,4280,0,0
227,2628,3333,15,7,1,215,12,0.05581395348837209,0,265.84713085060815,7.400935612994575,9.747494828018699,360,2098,0,0
1824,2608,2987,14,9,0,75,58,0.7733333333333333,8,254.46803692981197,6.484569845957198,8.316442414762468,330,612,0,0
4495,9803,2485,46,4,9,104,89,0.8557692307692307,87,89.61492890059404,9.23958920120123,12.373525644003053,1056,6944,1,1
4278,4546,791,30,4,5,89,77,0.8651685393258427,56,60.6093648491,7.547884074143867,12.167829256740568,1413,9756,1,1
3071,4589,1160,11,6,1,260,28,0.1076923076923077,19,279.0342246853155,4.954321646249431,7.361497543141061,434,3597,0,0
841,8963,759,7,12,4,179,52,0.2905027932960894,14,176.18687279991104,7.305574432686815,9.601105509622904,179,1238,0,0
476,3349,2235,23,0,0,149,25,0.16778523489932887,9,242.06291366153138,4.88286482489761,7.633129381952916,397,3305,0,0
3957,8183,2747,20,8,10,262,20,0.07633587786259542,6,229.40738878704803,6.001095884773051,7.524307283710895,280,230,0,0
4853,3572,3122,43,2,2,103,93,0.9029126213592233,54,103.15060880612229,11.317203935973644,18.167996995035047,626,11848,1,1
2450,5311,2179,4,0,5,279,76,0.2724014336917563,13,251.57054490255294,4.6944711222274265,5.940187139940688,240,432,0,0
3860,5999,3187,21,18,11,263,114,0.43346007604562736,1,306.22003164326475,5.9726528758596995,9.436723968641608,76,1412,0,0
613,9587,2477,9,15,9,56,48,0.8571428571428571,7,199.26818125116432,4.841556833987704,8.387003463788924,477,4852,0,0
3237,2823,1941,0,16,7,152,62,0.40789473684210525,19,291.3417358936454,5.918826685704509,8.04325857995401,423,3945,0,0
3801,9075,841,9,6,14,126,113,0.8968253968253969,1,277.8235446888758,5.805907341083923,7.054075354547654,343,3178,0,0
828,2793,359,13,7,5,107,28,0.2616822429906542,11,253.58830087586713,7.119139071250437,10.051218382586269,302,4580,0,0
4171,3513,2835,34,0,0,109,108,0.9908256880733946,100,81.67032085973136,9.434303390377803,15.133908953985493,818,8313,1,1
2243,1673,2780,0,16,9,86,50,0.5813953488372093,7,144.9597539595465,5.904087044827657,7.247613402564431,260,3373,0,0
252,7091,822,16,0,11,228,46,0.20175438596491227,9,229.2770949114837,4.8914139139935795,8.517947593651428,150,1028,0,0
459,2867,382,23,18,5,91,60,0.6593406593406593,19,196.8105191948984,4.710152560950745,6.410854644156578,480,4138,0,0
2310,1459,772,4,17,7,238,104,0.4369747899159664,11,321.23376944365174,4.710689767803497,7.153442795529456,392,2630,0,0
319,1249,1588,6,19,0,107,54,0.5046728971962616,2,303.712361697233,7.026186317361661,10.252945878958922,120,3263,0,0
1481,4689,1103,5,5,0,221,33,0.1493212669683258,11,241.64444360506616,6.20219291164963,8.159478931268595,301,2139,0,0
2163,5000,3468,15,17,14,154,51,0.33116883116883117,13,264.5333246556525,5.8285347539139485,7.012743811800017,175,2096,0,0
3260,6833,2854,3,11,9,182,38,0.2087912087912088,13,276.65117734309734,5.303408075578582,6.476436296431539,113,3814,0,0
3347,9474,1454,5,8,3,165,41,0.24848484848484848,6,146.10193709139315,5.193014758075006,7.0413569087078045,395,2618,0,0
335,7582,2559,10,6,12,193,55,0.2849740932642487,14,199.3485245194925,6.992017869361056,10.39223816559166,305,4374,0,0
1013,1709,3409,7,14,5,205,54,0.2634146341463415,5,260.782407573833,5.6931146336900245,8.029490698802826,140,1848,0,0
894,2646,1327,15,3,5,213,79,0.37089201877934275,4,227.22664718751298,5.744957093172004,9.283911131514625,85,2560,0,0
4157,6477,1829,37,3,4,178,154,0.8651685393258427,138,110.77124191293777,9.35118725691362,15.4604757387356,535,9126,0,1
1928,8152,1734,10,5,10,244,91,0.3729508196721312,11,293.19136720778835,6.0974729338967615,8.173209550217496,475,1683,0,0
4477,2028,3410,47,2,4,228,208,0.9122807017543859,175,93.79604469795471,10.011916481196401,13.731313560515382,1128,6057,1,1
3600,7452,3435,0,16,10,166,115,0.6927710843373494,7,255.06058059499986,4.888619979026306,8.765254936381679,147,4588,0,0
1530,7376,1805,9,0,0,180,116,0.6444444444444445,12,275.5367774803637,4.48205055386485,5.955889671130155,425,2434,0,0
4285,5824,2518,30,3,4,71,60,0.8450704225352113,44,84.36213736068522,7.783689156810102,14.420221869373824,1155,10688,0,1
627,9728,2063,16,6,0,184,115,0.625,6,236.31353739166195,5.485729647050611,6.740028110329611,496,3623,0,0
1958,2591,1873,14,11,8,222,77,0.34684684684684686,9,179.15049301595045,6.081373059338924,8.658616801624706,292,2530,0,0
547,5631,3192,0,0,0,161,93,0.577639751552795,0,281.5487244915549,4.866503310795477,8.190219560318571,265,1936,0,0
4727,2734,3486,51,3,0,129,124,0.9612403100775194,89,66.40849453869639,10.009082813559665,14.76263054691245,994,5868,1,1
904,9075,1816,13,17,12,92,60,0.6521739130434783,3,224.7652655127227,5.6277345529443,9.265065224623195,385,166,0,0
3924,7104,3107,4,19,10,50,40,0.8,13,210.91304284541565,4.827354155036441,7.032278381932064,92,3688,0,0
4699,7346,3026,55,3,6,66,65,0.9848484848484849,47,122.02762747202085,9.282496238513367,13.998742327923447,1218,11736,0,1
4748,4971,2786,25,1,1,58,49,0.8448275862068966,24,82.99674340488139,11.365335311458646,14.935396867468238,589,9514,1,1
4714,8290,2216,58,4,1,56,48,0.8571428571428571,25,62.91312715073843,9.81487571549249,16.542646651299442,875,7743,0,1
3895,7312,1254,6,7,2,128,80,0.625,17,229.03139065416315,5.6365409515907166,7.7585301702738025,364,2046,0,0
2453,6112,657,7,3,6,245,44,0.17959183673469387,14,235.61317696332046,6.512112118716414,8.303706746836173,181,2453,0,0
2716,4442,1429,10,10,1,268,118,0.44029850746268656,8,309.9541869852609,4.350584526305302,8.193346725635424,122,3002,0,0
1256,4187,2900,23,15,2,197,83,0.4213197969543147,10,207.51175654835768,6.20329666394744,9.743228856945475,335,4464,0,0
1906,1822,834,13,18,5,207,91,0.4396135265700483,6,261.9458433549814,5.559574110980516,7.84009833908745,127,2259,0,0
484,4309,1720,9,16,0,83,50,0.6024096385542169,2,265.55549955715975,3.610350707903847,6.30360047124309,53,3085,0,0
4399,3470,971,34,1,3,119,97,0.8151260504201681,81,69.01515493413974,8.99573696719958,16.244067511226127,1048,9561,0,1
4084,8900,1749,32,1,8,54,47,0.8703703703703703,26,96.60322100884375,9.28985430412054,13.63186130298711,1089,10103,1,1
1472,9365,635,14,17,8,147,107,0.7278911564625851,2,249.85064148975806,4.4105784528017224,7.371487787531873,182,493,0,0
4649,1167,711,36,3,4,195,190,0.9743589743589743,139,89.41938325216816,6.6212510706566725,12.884645813495371,789,4246,1,1
46,2256,1671,14,0,4,98,23,0.23469387755102042,2,244.4534032185245,6.476309126481103,9.336706919885714,57,1245,0,0
2346,8723,2956,1,10,11,84,10,0.11904761904761904,6,237.97008212445246,6.298210407803584,7.385314395830422,371,2170,0,0
4227,5371,1356,43,3,1,106,89,0.839622641509434,70,43.94103558003142,11.572362554775816,15.723762138205196,859,5259,0,1
1236,9167,3202,13,4,9,66,54,0.8181818181818182,5,246.59542535539688,4.516527075295869,7.767586442520898,94,4309,0,0
3255,8547,1664,12,2,10,257,48,0.1867704280155642,2,253.5890820431862,6.641540382038186,9.170965589879657,60,702,0,0
1093,9523,2095,11,10,3,199,25,0.12562814070351758,18,236.34893912920361,5.199555062268836,8.787577273264503,242,1940,0,0
1829,7609,2329,17,10,6,195,47,0.24102564102564103,13,191.34025353362205,4.904495606534529,8.220944154596815,383,4117,0,0
964,9759,1211,13,9,9,87,30,0.3448275862068966,7,256.9551084920829,6.162633797546548,7.19882135101375,300,2658,0,0
4548,2680,1312,40,0,6,208,181,0.8701923076923077,126,82.59831795418103,10.22343089733901,14.06367789892663,563,4358,1,1
1068,1923,307,16,12,6,72,49,0.6805555555555556,8,239.2260408489742,7.217993055675225,8.852193609357926,320,4155,0,0
27,9716,1415,24,3,12,109,16,0.14678899082568808,3,316.5440663986043,6.4882026105041115,9.875580618812414,420,1266,0,0
2717,5996,529,16,9,13,58,19,0.3275862068965517,3,274.0471819137768,6.276652243192441,8.126202058535489,218,1635,0,0
1325,5503,1539,1,4,12,243,52,0.2139917695473251,0,258.7259034748404,6.052895607512385,8.145370202064033,477,496,0,0
4500,5637,2250,40,0,9,154,143,0.9285714285714286,107,106.94181786279958,7.289529228827087,14.522281987019376,1155,11684,1,1
575,2428,2649,3,12,0,76,53,0.6973684210526315,7,192.79254277914697,4.862205094883471,8.303335907155395,499,3419,0,0
4655,2449,3256,39,2,2,185,158,0.8540540540540541,149,77.63678265903135,10.006259569229519,16.57480070163791,1151,5380,1,1
390,2384,2509,14,4,5,167,51,0.30538922155688625,15,231.97950072150732,5.225714969287399,8.32986482596647,332,4531,0,0
3507,8904,2724,3,1,0,197,25,0.12690355329949238,12,203.94185122226776,5.058890348071758,6.139380800547069,478,1416,0,0
4956,7526,509,44,4,4,179,178,0.994413407821229,116,78.0827239956103,6.735994146257969,13.395586241225564,1488,7990,1,1
3226,1525,503,11,11,3,88,80,0.9090909090909091,0,239.7833268022615,5.048667305092633,6.3480393504484,276,1551,0,0
3062,8059,2683,16,11,0,67,15,0.22388059701492538,4,335.53293362954923,4.834664196566559,7.777362694700765,459,3911,0,0
4750,1245,3059,45,4,8,233,186,0.7982832618025751,104,62.31656731968414,9.912557942902543,14.519659148687378,1173,11024,1,1
1660,6618,1437,16,3,6,265,30,0.11320754716981132,4,235.29384098119152,4.41216245228638,5.721761888003888,171,578,0,0
718,5150,2421,0,0,12,100,48,0.48,4,125.10764402163596,5.8129963045348285,8.304498146687886,187,571,0,0
791,3770,1062,20,9,12,171,21,0.12280701754385964,1,284.6608800829352,3.4723227283291513,5.550952161889162,300,4281,0,0
2325,2913,870,2,3,5,58,41,0.7068965517241379,8,271.66749058622406,5.145918757892326,6.716598847141565,436,1237,0,0
4185,4804,1599,41,3,5,72,57,0.7916666666666666,41,49.807348668907785,9.993186942404703,13.654705855664178,562,8932,1,1
1380,2608,2463,7,10,13,97,27,0.27835051546391754,19,257.8817982636493,5.82016001172998,6.930541184621635,318,3808,0,0
3831,8870,1978,0,14,12,112,27,0.24107142857142858,0,245.50495441195747,5.327909418568779,9.062443046419983,481,933,0,0
2891,1446,780,7,19,6,196,106,0.5408163265306123,3,272.65941080666084,5.400884976831319,8.452930865706413,134,761,0,0
1053,7373,3477,19,2,7,276,109,0.39492753623188404,7,232.18014963396973,6.9653547075286175,8.54148068820563,390,2899,0,0
1879,5821,505,13,10,13,53,41,0.7735849056603774,12,410.8010084010584,4.625425273892097,6.017916559612755,493,1176,0,0
3012,9002,3061,20,15,5,209,45,0.215311004784689,1,224.60564628198694,6.861045597659923,10.582069961441785,290,2110,0,0
1354,5611,2480,19,16,6,286,47,0.16433566433566432,4,327.86950788248333,4.457302590816714,7.223377751906928,304,4473,0,0
461,4830,3485,5,13,6,171,26,0.15204678362573099,14,230.76022329134673,5.78863215089838,8.69335212835787,452,1605,0,0
789,3775,618,23,15,10,254,38,0.14960629921259844,5,238.94777761489146,4.582633670847806,7.895748781582371,497,1636,0,0
3128,3952,3542,15,8,6,160,97,0.60625,9,198.57126252356346,4.93526730511584,6.004717848695654,254,294,0,0
1917,7935,1580,4,18,6,270,54,0.2,2,228.94488304727082,6.104914888275517,8.189275863427419,278,897,0,0
4814,5850,1284,26,4,4,244,242,0.9918032786885246,150,66.25795436718658,8.357678326961206,12.573323268684682,1484,9146,1,1
549,9014,2354,10,4,2,267,77,0.2883895131086142,12,202.06107719066125,4.1474913105592774,6.841273554430241,364,4454,0,0
2849,3351,1269,15,15,13,161,94,0.5838509316770186,10,199.884436609751,6.258456142702849,8.429134736300217,346,669,0,0
2600,6869,470,17,0,6,103,97,0.941747572815534,8,217.89511157560068,6.693095155816585,8.375930220914025,478,3572,0,0
4472,2966,3398,59,1,8,110,95,0.8636363636363636,56,134.69224358365756,7.394102571201925,11.768549979703227,1404,11562,1,1
1861,5113,1455,24,9,12,254,52,0.2047244094488189,9,272.08356884112544,6.091676498357343,7.754416106747142,83,3076,0,0
4212,3074,513,29,0,8,107,89,0.8317757009345794,56,91.58170357806029,9.207236902602137,15.833907638972587,1007,4282,1,1
1372,8450,2002,4,1,5,198,50,0.25252525252525254,14,273.2612841346796,6.97483397021641,8.422467414105915,236,1945,0,0
4257,3537,543,41,0,8,216,180,0.8333333333333334,96,75.57145014473097,8.889275243309875,15.150586871303158,1330,10785,1,1
2948,6998,412,6,18,0,249,115,0.46184738955823296,1,222.95318966689717,5.340577298551739,8.682582448468493,108,1753,0,0
2326,6157,1550,10,9,3,82,24,0.2926829268292683,13,234.16533331378633,6.8443490834259,9.87418342791515,292,4736,0,0
2556,3227,2120,4,18,4,265,20,0.07547169811320754,17,209.98581625192145,5.828452822492972,9.314003303258275,334,2808,0,0
37,1417,975,6,3,9,164,114,0.6951219512195121,17,294.9799937716625,5.807299520876609,9.012512652288265,326,2908,0,0
153,5358,2635,2,9,5,134,27,0.20149253731343283,6,302.13044178182435,4.980146608451246,7.789804839091363,151,2701,0,0
3404,6071,659,18,18,1,289,13,0.04498269896193772,5,283.90531263901545,5.150318093979328,8.100328834770608,95,2537,0,0
4136,7412,2589,54,3,4,87,82,0.9425287356321839,42,63.861682777072545,11.202974633805622,17.82944622852024,1338,10795,1,1
2029,5005,2331,19,7,13,111,63,0.5675675675675675,1,277.8562073647492,4.085093241909831,7.027226028588306,167,3152,0,0
3419,5018,779,24,3,9,199,37,0.18592964824120603,15,335.45957879965624,4.268257860108821,5.3454537557200705,313,2263,0,0
148,4530,1407,11,9,6,56,40,0.7142857142857143,12,220.9382413458584,4.604490597854902,7.9847123722984135,494,135,0,0
720,9160,1931,23,2,12,297,78,0.26262626262626265,6,238.25378642395128,4.60648490748072,6.617028011822178,335,4085,0,0
1711,3751,2047,16,7,11,165,112,0.6787878787878788,12,200.84484264279254,4.489409396841405,8.20746776417087,496,2121,0,0
3019,7124,1100,3,2,8,87,63,0.7241379310344828,14,225.8384775023306,6.195366485376524,8.443477475209194,147,4664,0,0
3791,5934,764,8,9,3,156,31,0.1987179487179487,16,326.4587668666525,6.02651666708622,7.982539092702235,348,4361,0,0
2191,8966,2081,20,15,4,289,83,0.28719723183391005,19,334.9530376198484,5.6026451029737725,8.651458496071811,469,2051,0,0
3974,5188,1872,21,1,9,123,71,0.5772357723577236,4,247.1731237112892,6.620218497957607,7.773367633922071,137,3489,0,0
4195,8317,2070,29,2,6,106,100,0.9433962264150944,78,79.63018301933248,10.059126039591316,13.989061037569934,1102,7607,0,1
366,2015,1009,5,4,5,212,69,0.32547169811320753,16,341.8337315429702,4.0687176123619455,7.8800444471209765,69,4585,0,0
242,5117,995,10,2,5,142,95,0.6690140845070423,9,229.50197480736134,4.752921920698358,6.829068496949398,243,3852,0,0
2879,4959,1258,1,18,7,62,46,0.7419354838709677,13,309.770324946147,6.615124315494969,10.238630592343002,208,2505,0,0
4284,1223,2276,25,2,0,191,183,0.9581151832460733,98,78.5771348903512,9.811837186766034,15.906371807396864,859,4848,1,1
1176,4577,3027,21,16,12,183,58,0.31693989071038253,11,246.45462858023106,6.702778229325564,10.475024031597854,284,1771,0,0
816,8652,972,11,3,3,282,87,0.30851063829787234,7,229.74535421315295,6.2006936528099486,8.19995504682538,393,3448,0,0
4703,5875,1408,37,4,2,170,146,0.8588235294117647,115,117.54131913884237,10.02951072545036,15.778661729180486,1106,4516,1,1
3291,6868,3498,24,12,3,66,50,0.7575757575757576,9,323.4672369240265,4.638413352886799,8.426544682509935,338,3662,0,0
1666,4366,2734,24,1,6,86,12,0.13953488372093023,9,176.69304333541794,7.389307222378654,9.393790777044707,179,654,0,0
646,5811,1101,9,18,0,224,51,0.22767857142857142,9,279.91650869039273,3.77508310405819,7.011276321482809,357,2238,0,0
2254,2361,2616,0,5,2,68,53,0.7794117647058824,16,240.75096304038303,3.5739869331593885,6.7055188817526625,202,2507,0,0
3091,5216,1913,22,3,8,266,12,0.045112781954887216,6,220.22550037553566,5.165453971076377,7.868211415607407,284,3543,0,0
2901,8338,1185,13,14,4,108,15,0.1388888888888889,7,306.9835781168026,5.89802891392221,8.22411993023872,324,4904,0,0
4010,1577,557,46,4,4,138,122,0.8840579710144928,104,98.35039612567243,8.333009983137654,11.811593105384445,705,7649,1,1
1934,3468,665,16,12,3,173,97,0.5606936416184971,16,249.20670407732433,4.612198619662347,8.315314112864417,199,3836,0,0
4431,6361,3143,41,2,9,183,182,0.994535519125683,162,92.06400684661776,9.48092967843276,16.576226115376866,1470,5837,1,1
1692,8167,1571,13,6,6,66,59,0.8939393939393939,13,292.60963742480084,8.005685317702483,10.44812368559278,129,3387,0,0
4728,1707,1398,46,4,7,99,82,0.8282828282828283,54,72.98243630977504,8.407110660288645,14.62927343970907,857,8570,1,1
3484,4128,1849,5,5,13,173,34,0.19653179190751446,4,282.609504702852,7.088023030278867,8.80561238967426,274,3691,0,0
953,6707,1293,5,2,9,294,66,0.22448979591836735,19,282.0973564721851,5.229732395636111,6.5205887664330735,207,2845,0,0
3844,2571,464,22,9,11,249,104,0.41767068273092367,17,239.82388011409574,5.77866845619766,7.129748775552994,281,400,0,0
3993,7210,1230,14,11,3,54,23,0.42592592592592593,15,262.3053207891151,6.6163614518342975,10.215759893705739,331,2121,0,0
3524,6806,2605,21,6,4,227,41,0.18061674008810572,11,159.3494208730242,6.066605207479673,8.464797952019005,443,2802,0,0
993,7176,1739,21,16,13,72,22,0.3055555555555556,13,319.7011297971684,5.122869396222431,9.044502697353352,139,292,0,0
980,6497,2383,5,7,1,124,113,0.9112903225806451,18,300.88575248618446,3.1503757479732295,4.901705953234041,423,2194,0,0
2403,8807,668,4,2,5,54,36,0.6666666666666666,0,191.6777728275808,4.837416706772954,7.889023700287209,161,3585,0,0
3764,9451,2444,19,10,3,296,89,0.30067567567567566,19,184.12802955925127,4.271120226595129,6.25694716867995,395,3070,0,0
447,3330,2922,15,5,6,50,36,0.72,11,275.23561828252804,5.019042529583886,8.048976434043428,466,789,0,0
3442,3304,660,2,14,0,141,106,0.75177304964539,15,258.81845832836206,5.451055380739378,8.765046476819789,288,2911,0,0
1112,5522,1053,15,16,0,233,24,0.10300429184549356,11,218.7762078562449,6.679412613088388,8.352513096165527,309,1743,0,0
2302,8636,596,2,13,14,118,67,0.5677966101694916,5,267.6990966335503,3.070887662833354,5.591176234685683,240,4847,0,0
1110,5768,1298,6,10,6,299,114,0.38127090301003347,1,240.37079477734034,6.099275795221258,8.290071382374304,159,2982,0,0
2206,1782,2504,22,6,10,230,13,0.05652173913043478,7,293.53423947462005,5.745741668001842,8.07630222117409,462,4961,0,0
4939,4723,530,24,3,0,173,169,0.976878612716763,96,99.3386351904607,7.195694974953324,13.521462443603458,1006,9859,1,1
4668,6737,417,36,0,3,125,119,0.952,61,73.59743097472057,9.120350937802165,15.763157049049195,1092,8122,0,1
1962,1176,2175,0,8,4,67,60,0.8955223880597015,13,257.2803183926043,5.65611053171517,8.70006544385426,444,3621,0,0
1050,2810,919,18,14,8,120,66,0.55,9,280.6632772330572,6.637776780668663,9.464051756057321,54,2444,0,0
3327,9095,1438,13,14,13,188,30,0.1595744680851064,11,289.6810082851147,3.881257289487188,7.31284773635762,88,4380,0,0
1418,3403,3300,17,13,7,120,16,0.13333333333333333,9,342.69482228475823,7.10191986928783,9.210736192873636,143,4388,0,0
2800,1830,1681,14,2,1,119,47,0.3949579831932773,4,271.5927746730808,4.925397078465985,7.824054778527223,399,4226,0,0
4983,6651,3091,22,2,2,155,139,0.896774193548387,71,84.63281443572913,12.249553410887806,18.37086482200142,1040,10038,1,1
4813,8890,766,33,4,6,189,157,0.8306878306878307,128,86.28669589670962,8.163879386858499,13.168415543867694,1207,10415,1,1
2861,7282,1341,19,17,4,68,47,0.6911764705882353,19,196.65700791688477,4.405136507633148,6.566775495640132,405,4628,0,0
3359,1427,889,4,17,7,51,47,0.9215686274509803,4,225.15222592152563,5.221286426565595,6.926916204275945,107,2054,0,0
3463,8524,3590,16,14,7,146,24,0.1643835616438356,2,322.60166146152596,5.857479590808055,9.002849169116178,53,3169,0,0
3832,3069,1789,24,10,7,69,38,0.5507246376811594,1,295.6934451723676,5.690508982287627,7.82277416576333,488,3938,0,0
4736,7595,1705,38,1,1,188,159,0.8457446808510638,119,60.075896681530644,8.559785507496375,12.888820542037786,747,5485,1,1
2990,9302,1889,22,17,2,258,111,0.43023255813953487,8,213.16341485889316,5.558863590860889,7.337082461601533,185,2401,0,0
4250,9963,2530,49,3,8,98,80,0.8163265306122449,45,86.81322839958293,9.392488763128883,16.515880936908573,1057,7683,0,1
3076,3231,2932,18,8,3,83,39,0.46987951807228917,14,287.5854951965719,6.707063810019713,8.802573161468482,189,992,0,0
3560,4331,1928,7,11,2,99,12,0.12121212121212122,1,176.20731386317942,4.625451475850949,7.657584660623173,153,1585,0,0
1120,6362,2387,2,2,5,135,40,0.2962962962962963,9,241.44103151018004,5.433887606047993,9.187295226676744,464,698,0,0
2295,5540,1328,16,5,10,58,13,0.22413793103448276,1,356.1947357202558,5.20718977061845,8.676407320143493,404,3360,0,0
1428,2526,1126,10,8,6,245,30,0.12244897959183673,15,327.4004110409346,4.871557310844654,8.767931846164064,183,3108,0,0
1965,4598,3089,21,16,14,65,31,0.47692307692307695,0,251.74310880557277,5.656435867359311,8.158774340181115,367,2717,0,0
2828,6745,1221,21,8,11,54,11,0.2037037037037037,8,275.1055567966764,4.602555712961422,6.868255723341975,115,329,0,0
2002,3924,977,17,3,3,71,10,0.14084507042253522,7,295.4591562096989,6.390028986956423,10.351055237883301,301,4848,0,0
4491,6485,3061,47,2,4,149,146,0.9798657718120806,139,79.36180263745761,8.058454087856044,14.999836298430886,1344,9609,1,1
1183,6620,3264,2,19,3,256,83,0.32421875,11,279.58608006832077,6.6617146020295195,9.371191034025921,75,1516,0,0
1219,4819,2873,24,6,4,86,83,0.9651162790697675,8,269.04370536609457,5.55416336043548,7.372631367076086,145,1952,0,0
921,2546,1920,0,11,5,104,11,0.10576923076923077,5,210.60881261267807,5.9902760656667535,7.747083334469291,276,2333,0,0
4255,4774,3074,34,4,2,229,185,0.8078602620087336,118,88.67024413539986,9.312577078399523,16.939363565632846,730,9520,0,1
3253,5335,1520,0,7,12,267,63,0.23595505617977527,8,323.99912650434044,5.098654276477192,8.963854757334788,204,797,0,0
1142,5670,2810,2,5,13,89,24,0.2696629213483146,7,280.4619415444877,5.1681351381780205,8.81038086940059,427,1815,0,0
1009,9986,2360,0,18,6,225,28,0.12444444444444444,10,259.52169540053944,4.753362433979593,6.0645529276070755,441,4749,0,0
787,1442,1717,17,7,2,114,77,0.6754385964912281,5,229.899769183064,6.221226543748737,7.226662645356493,142,2008,0,0
3216,4793,3329,3,8,6,145,103,0.7103448275862069,2,320.71103363451635,4.3664291789525445,6.006797440953475,363,2818,0,0
4341,2941,2993,29,1,8,222,204,0.918918918918919,150,69.26215501897592,10.567061844781389,13.87224218777396,1318,10058,1,1
1082,1402,1168,22,14,9,151,38,0.25165562913907286,16,299.6626980663596,5.967718616976241,8.642894965962263,356,850,0,0
1451,3794,1556,4,10,2,118,18,0.15254237288135594,3,281.7011703021332,5.787529120153223,7.4809217109712165,482,260,0,0
2237,6427,2146,3,11,2,104,46,0.4423076923076923,14,315.40651955131443,6.458834533457143,10.24520818532644,275,2879,0,0
1402,6537,2125,4,8,12,186,86,0.46236559139784944,4,185.45700837015787,6.394557767576507,8.813338495668297,304,745,0,0
2183,6932,1893,20,6,0,83,53,0.6385542168674698,13,339.2983993285639,4.739288345967141,6.0711200298822305,389,2049,0,0
4365,8594,2983,34,0,1,154,133,0.8636363636363636,120,106.95618869661973,10.004376906466927,16.6815306294683,683,11297,0,1
4345,1183,958,21,4,6,70,63,0.9,59,87.93727010491602,7.515963071542256,13.34945836824907,682,8410,1,1
1285,6091,1316,15,3,0,262,94,0.35877862595419846,18,245.24375612232652,4.08792439368437,7.750691365840945,417,3859,0,0
4434,3334,1302,23,0,9,188,185,0.9840425531914894,107,75.95790927958562,8.272866241247488,13.247788617732079,871,6596,0,1
4898,3182,1071,30,0,5,174,160,0.9195402298850575,99,69.89103220205689,11.01564004286854,17.077505160688528,941,4026,1,1
4478,3091,1577,36,2,2,246,238,0.967479674796748,139,88.93545649696502,9.906721927774793,16.74681596460504,1396,7415,0,1
4762,8886,986,22,2,3,141,134,0.950354609929078,122,81.20354766525334,9.772134497009507,16.30814760611981,1071,7255,1,1
3534,1724,2967,16,15,4,58,21,0.3620689655172414,18,224.7703697161953,6.013555612718779,8.746591392639079,483,253,0,0
849,1288,2563,19,14,3,82,53,0.6463414634146342,6,158.07406883639646,6.398117324122348,7.649738539778384,263,2003,0,0
2124,6605,2805,24,17,8,69,58,0.8405797101449275,0,216.34990397750158,5.854035627210388,7.234946075662187,155,4592,0,0
565,7170,827,17,9,12,239,92,0.38493723849372385,6,218.5363604613043,5.937441077665587,9.571376225164563,146,466,0,0
255,5424,3520,21,0,3,215,84,0.39069767441860465,12,283.6443108158726,5.335583559538619,6.712756366515297,52,1039,0,0
3813,4447,2160,24,0,1,134,88,0.6567164179104478,19,292.8422847088743,5.350021467206284,8.05666361868355,129,1130,0,0
2504,2092,910,13,4,7,189,93,0.49206349206349204,3,251.07773760800933,5.281174773652421,7.073897659277422,71,521,0,0
3864,4527,682,12,15,2,143,35,0.24475524475524477,12,147.4853053737614,4.802905149237314,6.232501363013406,175,2932,0,0
1680,6573,759,1,6,4,266,51,0.19172932330827067,16,282.33702893488436,4.888315419492716,6.457961378170319,226,2102,0,0
3877,5496,370,20,13,5,201,81,0.40298507462686567,15,171.86547363415042,5.598964839044675,6.827916303069611,76,3519,0,0
1691,3741,2008,24,7,5,82,18,0.21951219512195122,17,111.35806284517659,7.570253084867195,10.38438246652937,284,1254,0,0
620,4928,2568,19,10,9,145,99,0.6827586206896552,11,259.5212677532642,4.814231592154683,7.811804890803515,328,3485,0,0
1715,2580,675,20,14,0,221,10,0.04524886877828054,2,222.0914069278798,6.947605572063477,8.976676890407647,173,793,0,0
1284,3569,2285,23,5,5,106,34,0.32075471698113206,16,269.11651638999433,6.607318186515934,9.50868344515094,53,4929,0,0
4732,6432,1960,45,0,8,234,226,0.9658119658119658,213,89.6802327063734,9.23170006038908,13.434823996741347,1277,6851,1,1
4480,5111,1254,20,3,8,157,141,0.8980891719745223,129,116.48756780958199,7.937217177550729,15.53228533549769,1042,7554,1,1
781,9000,1317,11,13,8,101,99,0.9801980198019802,7,246.03056801110463,6.009138793131875,7.601559544188924,395,2965,0,0
3697,7420,2037,4,18,8,276,73,0.2644927536231884,17,184.00667309061626,6.541318917592845,9.081567949050436,102,1349,0,0
2345,5843,2152,7,16,8,195,67,0.3435897435897436,2,244.63976439509256,5.931608522876597,9.635257915658968,381,744,0,0
129,4453,1741,17,16,2,69,33,0.4782608695652174,8,334.1963845728934,5.04111573713106,7.501122561405168,115,2482,0,0
992,9683,3479,8,16,4,189,91,0.48148148148148145,15,255.01448612535194,5.28604457081245,7.882377972323461,275,2091,0,0
605,1378,1450,8,14,1,271,11,0.04059040590405904,0,278.8790090165961,6.802985498716921,9.62336418618093,55,1359,0,0
3430,2704,1366,0,10,4,260,29,0.11153846153846154,6,128.59409715238004,4.9733006670653985,7.4318175854514115,57,4707,0,0
4838,3920,3540,34,4,3,92,78,0.8478260869565217,42,56.30201788247432,8.393998092097377,14.644102103853887,959,6566,1,1
4163,9982,2006,48,2,2,147,145,0.9863945578231292,101,83.89733971190999,11.068220141955223,15.15244090440029,1273,7269,1,1
2147,3685,2767,6,12,5,238,28,0.11764705882352941,4,300.3824497685655,4.7889336673874965,6.756920766879518,200,2921,0,0
698,3670,2335,12,8,10,267,30,0.11235955056179775,10,278.37443605649895,4.466265133291931,5.467469765367951,105,981,0,0
1967,4969,1791,1,0,4,94,52,0.5531914893617021,2,252.75641026820279,4.997609252279942,8.906188934199601,195,1947,0,0
2614,7041,3079,10,6,12,203,26,0.12807881773399016,8,280.84302175400444,6.55584291055012,10.304628862099525,362,434,0,0
4868,2293,2477,22,3,5,249,222,0.891566265060241,126,65.26730979833061,10.560491311689741,14.420418275550265,729,5729,0,1
932,2408,2142,16,2,13,139,33,0.23741007194244604,2,304.17915515549976,5.166539306818228,7.4472552687271385,52,2838,0,0
2365,5985,1319,17,19,11,212,51,0.24056603773584906,8,327.7021233434291,4.917466778471748,7.571098905881567,53,4883,0,0
2369,2613,3458,24,16,8,265,81,0.30566037735849055,2,220.33980325332627,5.29710538998848,8.3737837752272,474,1809,0,0
1087,7445,2560,5,7,9,69,41,0.5942028985507246,6,224.68179654609162,5.6288019921209465,8.466968147946218,420,2712,0,0
1943,8521,1470,15,9,14,63,38,0.6031746031746031,3,258.8024952761687,4.839842947595919,5.966900900259487,84,2589,0,0
3348,1047,2734,11,6,12,183,16,0.08743169398907104,5,272.14267469192436,5.8687963079583,8.761777821789387,366,2571,0,0
3119,2727,3311,8,10,6,290,65,0.22413793103448276,0,241.71390887138645,6.261469107553777,8.589761540171654,247,3730,0,0
4909,5274,1693,46,0,0,68,56,0.8235294117647058,39,44.87797283861902,8.390258960994288,12.700814857850482,1321,10913,1,1
1260,3626,490,18,11,11,231,31,0.1341991341991342,14,180.3761640084034,4.869044836920502,7.601273181801954,423,1917,0,0
4129,8963,3157,49,4,5,135,131,0.9703703703703703,84,57.040672708706836,7.673470090266696,11.425929903828674,1474,8319,0,1
2766,7613,1845,14,10,13,273,73,0.2673992673992674,15,237.93442727432046,5.430456195575009,6.780039027731265,491,4695,0,0
448,6603,1691,16,2,4,214,114,0.5327102803738317,15,276.66796223527246,6.339468504518405,7.655672636707791,165,546,0,0
1356,1599,1946,22,0,5,252,114,0.4523809523809524,7,283.511742029588,5.086737081073302,7.90871085784648,355,1844,0,0
1508,8771,3427,17,2,4,85,19,0.2235294117647059,2,151.0202862073736,5.08656119762349,7.912752645378036,414,1481,0,0
68,3560,377,21,7,10,89,73,0.8202247191011236,8,288.14236453990605,6.137966699020965,9.613364729099356,214,2998,0,0
1945,4384,808,17,6,10,277,34,0.12274368231046931,10,249.8668906008672,6.785693270572076,9.89131333393501,143,4311,0,0
1227,2104,1764,16,11,14,100,38,0.38,11,208.58531198258004,5.620198558746055,9.33143587057288,289,4556,0,0
2305,1284,2606,18,18,10,104,61,0.5865384615384616,2,195.9522112005742,3.780793172110597,6.90815799562718,237,2178,0,0
4996,2480,3507,57,0,2,75,73,0.9733333333333334,56,81.44080052069083,7.897517763525951,13.810462187328879,1025,6526,0,1
2180,9412,1326,20,18,6,205,117,0.5707317073170731,14,314.9005420042736,3.1773538111070274,6.601239003398309,148,957,0,0
2087,2797,569,11,8,7,125,21,0.168,9,258.98850968001443,6.411611463002773,9.380356297414117,308,4595,0,0
2077,9525,2597,9,16,3,54,36,0.6666666666666666,15,346.2867455063031,6.191821410140088,10.003015374102258,497,2695,0,0
1377,2523,436,0,8,12,164,48,0.2926829268292683,1,263.4470981374635,7.188095543613564,9.253287532108216,190,4778,0,0
3669,9577,2757,12,11,1,122,100,0.819672131147541,8,223.31762820037898,5.523056959324557,7.950472033791434,404,3666,0,0
3953,5566,823,7,17,13,169,118,0.6982248520710059,18,316.8437591547466,4.614049580977934,7.7599904762204215,181,848,0,0
4709,7297,2807,59,2,2,140,136,0.9714285714285714,111,116.72570349654714,9.706357203753283,16.674155329212944,1148,9909,1,1
1609,6182,1707,17,18,13,220,76,0.34545454545454546,10,367.14733712300506,5.949492499711428,8.133207595101144,443,3887,0,0
4237,6367,1374,57,0,4,165,152,0.9212121212121213,139,86.98355656793679,10.771507318943073,15.38815331099089,1215,9101,1,1
4609,1094,1760,35,3,2,82,76,0.926829268292683,51,97.471405689038,10.96285032659597,17.028964718123007,1360,10215,1,1
4301,9889,1228,51,2,3,189,168,0.8888888888888888,84,91.78303877614955,8.43843144018792,14.782112860864071,905,6161,1,1
3911,4513,927,4,5,6,166,88,0.5301204819277109,4,252.7675356366289,4.466929157032527,6.4551895654568305,296,2854,0,0
3793,2657,632,14,7,12,126,53,0.42063492063492064,10,306.1523885199424,5.76301078601533,9.353970248673903,354,1316,0,0
2992,4586,2195,1,19,12,77,47,0.6103896103896104,14,218.14366362685806,4.698907173363624,6.558466018748922,322,3588,0,0
3918,2036,1757,5,4,6,60,47,0.7833333333333333,18,223.56836688522463,7.1627674451978525,9.878725069426052,355,3755,0,0
610,1064,988,14,13,7,69,66,0.9565217391304348,9,188.54737762036902,6.623097361325811,9.670895200669726,443,1020,0,0
3947,4433,555,10,15,1,177,116,0.655367231638418,8,206.6783508758043,6.791534538634982,9.260538507640499,457,3304,0,0
2127,7069,1758,14,5,2,219,117,0.5342465753424658,4,277.6836150285837,5.9675485724730875,9.796180013933558,365,674,0,0
1940,8764,377,11,16,3,248,13,0.05241935483870968,12,281.05863161393034,4.596771718692401,5.822157043623856,224,2971,0,0
3379,2637,2416,4,5,5,274,61,0.22262773722627738,18,256.51820299809134,6.075038406746154,7.538878138805655,157,463,0,0
4719,5111,1230,59,1,7,161,153,0.9503105590062112,84,77.20537207977779,10.592733632171697,16.54289771249218,1179,7360,0,1
4848,2962,2151,34,2,7,170,145,0.8529411764705882,115,28.981618704749856,9.13578144846661,16.87371238061075,1498,8725,0,1
2678,1634,598,13,14,3,151,24,0.15894039735099338,5,327.5920792284293,4.536330421958302,6.108070478147606,76,1965,0,0
164,6777,2729,5,10,13,270,69,0.25555555555555554,1,201.67414870325035,5.917190464382564,7.101239345714569,467,4837,0,0
2048,8137,2247,10,7,11,144,57,0.3958333333333333,2,212.39476029517328,6.4048675092247525,10.326089610521946,327,1400,0,0
1644,4331,3376,21,16,12,53,45,0.8490566037735849,1,221.86423232141638,4.458382099872502,5.784769639015366,419,280,0,0
2085,4198,1615,12,17,14,86,16,0.18604651162790697,5,227.1343546721648,5.655675387688387,9.595496103405726,344,3288,0,0
2960,4563,712,9,11,4,185,100,0.5405405405405406,19,252.46294384080218,5.005839730981256,8.973981610362681,85,3175,0,0
3944,1904,712,12,7,3,200,41,0.205,10,207.26810042429474,6.835969990386838,8.488040808765739,115,4839,0,0
4061,2804,2059,23,1,2,164,152,0.926829268292683,105,43.57648615455801,11.819269694483697,16.03277129383021,1152,5070,1,1
1497,2315,711,10,8,8,174,59,0.3390804597701149,7,300.24651470339415,5.107198983118858,7.712099100115071,277,920,0,0
4852,2317,1408,55,1,5,183,165,0.9016393442622951,114,51.57795565314957,8.749993505906737,13.362771340950939,1446,8035,0,1
2972,6959,785,10,16,9,147,91,0.6190476190476191,1,270.94466045753785,7.006156614152968,8.672148777573119,339,4382,0,0
1528,8733,922,4,6,5,265,45,0.16981132075471697,12,260.124512550453,5.315585426304062,7.810030738007763,217,586,0,0
1613,8381,3597,13,3,3,113,74,0.6548672566371682,8,176.76410604912542,5.571508851645453,8.397219865236405,155,2541,0,0
4105,8683,3576,52,0,8,228,208,0.9122807017543859,187,53.76668196264221,7.8991174638956645,15.176252867183113,1206,11539,0,1
527,4395,365,12,5,0,95,87,0.9157894736842105,3,230.1802239911773,5.331034793337489,8.435730590146315,298,4375,0,0
486,7795,759,7,10,11,122,11,0.09016393442622951,4,290.8419354816126,6.09476491477693,7.867201843208105,341,973,0,0
2502,3184,1530,7,11,6,200,61,0.305,17,238.3251824386617,6.324163316849484,9.93151127698243,382,2519,0,0
4337,1057,876,37,3,4,217,210,0.967741935483871,150,94.49834331711456,9.317354180131021,13.673696122287122,518,6317,1,1
3762,2147,2728,2,14,3,206,104,0.5048543689320388,16,265.95671425308836,5.3476880157614,7.796211647315133,67,1526,0,0
2863,3301,697,2,18,9,298,105,0.3523489932885906,13,339.8459571965027,5.250359550173438,7.602763390866246,55,4246,0,0
1844,6014,3088,4,9,4,229,13,0.056768558951965066,11,284.9413542668103,4.992657546301232,7.8158217590871395,418,3960,0,0
2065,9662,1917,4,6,14,209,57,0.2727272727272727,2,251.74984030043447,5.366352798397762,7.919149273024077,347,1015,0,0
4596,4990,1428,59,4,3,194,178,0.9175257731958762,112,49.111451543589,9.755247601655869,13.722385471670362,1160,9287,0,1
3643,4551,414,1,9,2,132,85,0.6439393939393939,14,305.1719084891988,5.115851702175521,6.272857358994754,86,3439,0,0
1182,1064,3076,20,12,13,114,112,0.9824561403508771,0,166.96377524449912,6.3579485996243434,9.041278925929547,264,4623,0,0
4653,8368,1246,33,2,1,85,82,0.9647058823529412,50,110.80679658505485,10.535234557788835,15.50956588891566,1315,8932,0,1
1484,1975,2131,5,16,10,58,20,0.3448275862068966,11,245.32427518242716,5.154405109929548,8.050074126535112,233,4760,0,0
797,8692,2136,9,19,1,189,94,0.4973544973544973,3,278.94643242856176,5.960042323860466,8.813126082426239,217,3980,0,0
2301,1194,3045,10,16,7,123,104,0.8455284552845529,8,243.1159905061251,4.717181736428411,7.319541679504437,129,4940,0,0
2335,1804,1119,9,15,5,259,35,0.13513513513513514,13,263.25535472561216,5.039476578838686,6.382466562827192,416,750,0,0
209,7049,2538,7,14,6,115,108,0.9391304347826087,5,229.89666277416646,6.024264677643169,9.535388053371989,392,739,0,0
3387,7363,3445,11,18,9,188,101,0.5372340425531915,6,137.434535379843,4.44990738362014,5.656610026915718,325,2220,0,0
3792,5351,1034,20,12,13,216,79,0.36574074074074076,18,269.9415365602255,5.305642153324225,9.106115663431062,221,3273,0,0
3616,4213,963,10,7,7,276,58,0.21014492753623187,3,314.4345734578508,5.929718376671161,9.858833513117606,312,3555,0,0
1651,6404,1563,1,16,8,228,51,0.2236842105263158,12,178.53367645129677,6.786252086454859,8.01668516937462,109,3009,0,0
3835,7740,393,3,2,1,209,63,0.3014354066985646,18,258.1655697989117,4.145229944225127,5.931365507497868,98,1628,0,0
3830,8700,1490,5,19,4,214,11,0.0514018691588785,10,284.29376163540644,5.493162802235215,6.5627706939796955,191,4965,0,0
548,6577,2102,3,15,7,84,33,0.39285714285714285,15,209.01339390948579,6.343330109861451,10.028559787346985,320,4165,0,0
1765,2795,445,12,1,11,114,21,0.18421052631578946,8,278.15893948398156,4.8651726396231325,8.644649288725027,99,1258,0,0
440,2174,1957,18,4,6,206,87,0.4223300970873786,17,229.91961446714353,5.34546100577013,6.892835127727601,202,3184,0,0
3926,1617,2217,24,2,9,170,111,0.6529411764705882,12,214.90233503412065,4.982488726254322,7.4695531649060545,277,2306,0,0
4348,2892,2362,58,0,5,155,124,0.8,121,55.74905109183466,9.185282455319637,15.239971387467678,1175,7334,1,1
4904,6068,2324,45,1,8,86,70,0.813953488372093,51,63.839964301715845,8.970494788991685,13.522898424750503,1390,10982,0,1
1927,9792,1026,22,1,2,75,20,0.26666666666666666,7,296.9914434417934,5.722019894581254,7.928496886402197,214,318,0,0
2679,3739,389,1,16,14,95,23,0.24210526315789474,2,282.84099397101124,3.406713696012298,5.4087068142768056,419,945,0,0
2447,1952,3270,9,8,2,142,65,0.45774647887323944,8,230.1359649374379,5.322389879084313,6.595591859651626,405,3428,0,0
2027,6145,756,0,5,13,224,104,0.4642857142857143,13,242.7706616336776,7.323358962036466,10.203769852772886,125,1019,0,0
1152,4746,966,2,3,5,102,43,0.4215686274509804,4,262.82512182397244,4.984359246851495,7.064754310173118,396,4104,0,0
2722,5540,2818,19,3,4,204,65,0.31862745098039214,17,296.58886327625635,5.96284257906977,7.6638834323132,189,4779,0,0
199,2727,2560,16,6,4,292,72,0.2465753424657534,19,329.1393627061046,5.774681073992853,9.037004114941345,192,2891,0,0
3053,9230,3034,15,19,12,225,103,0.4577777777777778,16,191.3090980345103,7.073390629996404,9.665612410382018,300,4407,0,0
2389,2039,3245,0,12,5,160,76,0.475,11,208.42606635492547,5.929006848016388,8.932100133135801,330,4496,0,0
3498,2615,2632,2,19,7,195,106,0.5435897435897435,2,205.83712303039755,5.047042910461925,9.008646375266967,318,758,0,0
3979,7609,1848,0,4,2,186,94,0.5053763440860215,2,255.5712274168204,5.153216458866639,6.468089941677983,389,1495,0,0
3070,8627,3381,7,0,1,52,30,0.5769230769230769,12,269.71048908269006,6.015039569964336,9.028594270565737,319,536,0,0
3624,8544,1778,15,13,6,127,45,0.3543307086614173,9,238.11273804614433,4.95150033060711,8.187540153405061,229,2672,0,0
1610,6136,1705,16,14,11,131,23,0.17557251908396945,15,344.3843289504022,4.2739324735535655,6.29878066095557,467,4299,0,0
368,8658,2243,2,16,2,288,117,0.40625,18,286.8626266471599,4.408388805371792,8.228938379128039,93,1995,0,0
4875,6925,612,27,4,2,203,192,0.9458128078817734,129,58.19284871013846,9.126732274105889,13.547182641915626,654,4658,1,1
2968,5594,2464,18,4,11,195,113,0.5794871794871795,5,116.64052060474089,6.133631828124144,8.238362463559492,194,1442,0,0
4442,6656,2569,51,0,0,173,156,0.9017341040462428,144,83.57840385574058,10.827155814557708,16.302308330844774,926,5415,0,1
2042,4505,2574,9,12,1,56,28,0.5,19,229.8876566867013,4.344152412394987,8.238834782828434,148,4388,0,0
4220,4061,1428,35,3,8,224,184,0.8214285714285714,160,78.69272157380735,12.298407170142681,18.469953526756353,1038,5988,0,1
2108,9320,1927,1,3,2,97,30,0.30927835051546393,16,215.0788780654691,4.361051793300033,5.455754282529677,261,1710,0,0
2040,3130,1759,4,10,11,91,37,0.4065934065934066,8,256.4364340369824,4.26466602069652,8.002743141029768,122,2051,0,0
652,4262,3579,18,5,4,58,42,0.7241379310344828,1,232.64067524438687,6.270802219987971,7.6093238535386245,77,4641,0,0
3742,5079,530,5,19,6,189,14,0.07407407407407407,10,311.44927060203963,5.8081081211620695,8.041823736441291,99,2784,0,0
2740,6256,1285,4,12,14,201,32,0.15920398009950248,3,220.9703997310904,6.179754351452965,8.409497702574242,85,3326,0,0
2366,8598,3200,21,9,6,75,46,0.6133333333333333,6,297.315875828136,6.096056209046104,9.202363948403734,448,2584,0,0
4384,5820,3239,34,4,9,245,237,0.9673469387755103,234,105.54086333000963,9.852195965698277,16.915285034434223,640,6580,0,1
654,7331,1388,9,8,1,110,29,0.2636363636363636,13,258.37850529004953,6.662259597505667,10.139924276786111,231,1975,0,0
1016,9530,1163,13,19,2,286,64,0.22377622377622378,6,240.54316904257914,4.837044182240351,7.967132225266038,338,1346,0,0
1712,6087,2816,16,7,11,280,111,0.3964285714285714,3,315.7524029762101,4.930369923453623,7.1823943432526,308,4626,0,0
4828,7590,1799,39,0,0,217,174,0.8018433179723502,100,70.22389571770643,11.268593047264822,15.675152844052594,1395,6353,1,1
1573,6868,466,9,0,10,81,13,0.16049382716049382,10,189.92843219584057,6.618015368792915,9.722574700128359,174,2935,0,0
1188,2941,3338,4,15,14,95,39,0.4105263157894737,4,185.76361167912665,5.168975665791919,6.193890189161908,131,875,0,0
4103,8164,2784,34,3,0,206,193,0.9368932038834952,141,31.806999428737086,9.465956329087554,15.075440547627245,1003,7370,1,1
396,6675,1146,21,14,11,194,50,0.25773195876288657,1,284.1318041784353,5.185336382653219,8.120045098530287,305,2353,0,0
577,4677,640,18,10,6,223,46,0.2062780269058296,1,256.1119875924248,4.9457704568523395,6.970794178307702,229,1040,0,0
1015,6285,2081,15,19,0,189,84,0.4444444444444444,19,194.3962590811632,4.32851591145219,7.304874264494928,454,2170,0,0
4215,4835,2649,41,0,6,144,140,0.9722222222222222,101,78.63841069914687,9.47017672160013,12.686097903885127,578,11303,0,1
4812,9610,745,58,1,5,229,196,0.8558951965065502,183,76.32785719862743,9.706626440420509,15.396747640967615,1473,9528,1,1
501,3569,1632,17,15,7,189,13,0.06878306878306878,3,246.86802113363825,5.743123458512893,9.148643963871312,58,672,0,0
1910,1667,3239,8,16,12,178,62,0.34831460674157305,12,282.1156681294783,3.279546248496098,5.639606862238685,57,4267,0,0
3060,8102,1445,6,16,11,204,113,0.553921568627451,3,320.778398350837,5.651916004529186,9.029720529241846,411,3750,0,0
2739,7286,2241,21,3,8,245,60,0.24489795918367346,8,252.99714446985843,5.239511467186647,7.508942031226081,161,4401,0,0
434,5603,3413,1,15,1,175,116,0.6628571428571428,18,272.1039518400504,6.7211310785264935,8.608373766311555,378,1764,0,0
2887,4628,1058,20,8,5,198,114,0.5757575757575758,10,227.06838013491358,7.435152268265317,9.958414222163128,53,191,0,0
2109,6693,2636,15,11,3,115,33,0.28695652173913044,1,222.7136979681903,5.316909215388716,7.20485885653734,336,3610,0,0
3759,3384,3114,0,0,3,253,66,0.2608695652173913,17,316.84599821739226,5.259398286597562,8.251362969589117,468,2984,0,0
4261,3966,2870,58,2,2,54,47,0.8703703703703703,39,79.6350660313453,11.180326050533033,16.49222635411362,733,6073,0,1
3601,5510,1051,23,1,0,196,74,0.37755102040816324,1,229.51654668384555,5.634171809327583,7.145962389203824,381,2084,0,0
1414,2753,1167,2,11,3,186,74,0.3978494623655914,12,122.08560703367853,5.232090751634444,6.74283902951967,466,947,0,0
4971,1473,2737,40,4,5,84,67,0.7976190476190477,51,97.33827254213841,10.721621219077182,16.715034879222074,1343,4871,1,1
3614,7699,2215,7,1,10,289,91,0.314878892733564,0,270.3296956469409,6.169391819727481,9.671294048381501,385,4150,0,0
4019,6842,1676,20,1,6,117,105,0.8974358974358975,76,75.42964156087217,8.423209464412995,14.241197137764873,1120,11568,0,1
2484,4478,2551,10,18,10,55,20,0.36363636363636365,2,323.7318322556857,6.511800982401387,9.223502250173745,400,4813,0,0
1393,2020,1802,2,15,9,231,110,0.47619047619047616,7,250.55234962194453,4.33525100766628,7.251182287769941,76,3986,0,0
835,6674,3149,14,16,5,188,57,0.30319148936170215,17,163.9158712536522,6.298386472101434,7.559205154178197,150,4746,0,0
1902,2266,2817,15,15,11,59,17,0.288135593220339,4,301.09484009424693,5.4720339412229455,8.242441211336601,66,1057,0,0
1983,3605,1847,21,6,12,284,82,0.2887323943661972,11,253.60437520533108,5.167426871665031,7.036514933461346,379,2988,0,0
4240,8998,391,52,1,3,62,57,0.9193548387096774,51,94.09520789221904,9.688800972465751,15.601602565745125,1383,10051,1,1
1800,6723,1122,8,2,8,230,34,0.14782608695652175,12,229.72063216261606,4.701148455982704,6.6614277832093585,211,4660,0,0
3959,4282,541,20,12,9,262,59,0.22519083969465647,18,228.77432003777216,3.567136183941277,6.499527684663921,467,653,0,0
3575,9600,3144,10,4,10,234,18,0.07692307692307693,12,249.67865939105258,5.991351894163547,8.963727639832577,374,750,0,0
298,2134,1637,14,0,8,273,61,0.22344322344322345,13,204.19040422593787,4.668177791769555,5.855756678998092,110,3110,0,0
3602,4589,1170,10,15,5,286,118,0.4125874125874126,13,191.516426241699,5.799601093546722,7.008735183952451,198,2930,0,0
1218,4317,1039,0,4,8,122,31,0.2540983606557377,4,246.43300007497984,7.219766792929516,8.30634053293789,446,183,0,0
2930,3634,503,6,18,5,251,119,0.47410358565737054,15,206.72444213404185,4.380598489002627,6.768065982954746,465,1936,0,0
1003,7533,2864,5,2,3,212,112,0.5283018867924528,9,304.97345405170284,4.824443840653211,8.345792585569626,236,3018,0,0
1978,3447,1197,3,0,0,107,27,0.2523364485981308,13,263.86434531765514,5.888997945484412,7.112718515234354,147,3122,0,0
3797,1368,2420,7,5,10,282,22,0.07801418439716312,6,209.19241021495867,7.029037650242209,8.766896392325766,223,1383,0,0
2629,4542,3159,22,2,9,219,51,0.2328767123287671,13,212.0241024439073,4.4682131358094965,8.09060473472762,410,664,0,0
1186,9770,1850,14,16,10,169,99,0.5857988165680473,17,278.70159379405675,5.412726923107171,7.029901405696171,396,513,0,0
2958,2329,2492,3,18,5,220,57,0.2590909090909091,7,265.83561718791066,5.30268586571627,7.688925642840996,248,1564,0,0
2568,6321,3346,15,12,7,281,28,0.099644128113879,4,345.5947082248722,5.50934717636573,6.602792480306549,445,2811,0,0
2039,2290,3333,22,11,2,148,90,0.6081081081081081,1,320.4713314781754,6.540492637729821,7.715930428577556,377,1765,0,0
124,8014,2570,17,14,1,139,55,0.39568345323741005,9,319.9677718293001,6.424633682912769,7.519392117389695,311,3244,0,0
3072,2974,2188,2,2,14,226,108,0.4778761061946903,6,285.3533788520788,4.558498365972693,6.910699538470844,487,2257,0,0
3188,8611,1620,12,4,9,118,29,0.2457627118644068,2,271.26877906282544,4.046905395438134,7.459896114089886,457,1900,0,0
4269,2721,387,47,2,4,224,209,0.9330357142857143,133,102.21454069547009,9.058572774589784,12.567924110067755,1172,11316,1,1
2343,1411,1816,3,14,9,239,31,0.1297071129707113,17,192.18315502366283,5.151389921157036,6.733479765875849,483,1576,0,0
863,3160,831,22,15,5,262,18,0.06870229007633588,10,346.0437209605138,6.0328082864567705,8.855935621952552,359,4032,0,0
2667,4995,1479,2,18,2,271,17,0.06273062730627306,2,255.78871230277707,4.616383092325326,7.702976837860823,211,1555,0,0
1084,9820,2928,13,5,5,198,100,0.5050505050505051,16,257.84419688710443,6.394908867949309,8.492898092819116,298,3051,0,0
2362,2712,2269,23,14,9,52,28,0.5384615384615384,7,223.7398532669711,5.87249554883119,8.235968789627554,141,3532,0,0
2627,8422,744,6,12,13,109,74,0.6788990825688074,16,253.681944647012,4.715558081258753,6.548155503890334,148,4524,0,0
3452,8089,537,23,7,11,199,68,0.3417085427135678,13,207.4327453540693,6.365906909889599,7.911253952201012,336,831,0,0
332,7982,733,14,7,11,53,10,0.18867924528301888,5,349.353055584972,4.969029102188036,8.481130341498488,191,3605,0,0
116,2098,1288,1,14,13,165,41,0.24848484848484848,19,185.9847800664553,6.372457328280145,10.225048015031376,285,3611,0,0
4777,5181,1595,45,3,0,154,126,0.8181818181818182,93,76.1515967544038,7.903828768784521,12.019502418186866,1360,7291,0,1
4664,6503,2302,48,0,0,131,110,0.8396946564885496,56,60.48973372935797,9.351389439570132,16.331277883362638,1393,10058,1,1
1382,6995,603,14,2,5,296,10,0.033783783783783786,6,222.89639867301983,5.451055597056747,7.9278248161935805,256,3738,0,0
4932,3386,2083,53,3,1,164,143,0.8719512195121951,129,93.96488588731084,8.699766109353625,14.635702926826282,584,5470,0,1
3635,8435,2652,23,9,6,217,106,0.48847926267281105,13,217.18038061987303,6.688618715828915,9.264680235628251,50,3811,0,0
3659,3411,3596,10,0,8,102,72,0.7058823529411765,7,329.6313058595976,6.050713183120959,8.866769142799548,204,1784,0,0
4324,2578,1174,43,0,2,131,125,0.9541984732824428,78,58.70951882850328,9.307575116395041,12.474739988164183,955,11678,1,1
3184,6100,1443,2,13,13,247,71,0.2874493927125506,9,199.3512702090021,5.3969921242313585,6.943310884243422,380,1493,0,0
2378,6689,677,20,17,10,254,30,0.11811023622047244,14,292.7099824306408,5.268547785012346,6.992996893634766,72,3048,0,0
2424,9471,2670,20,8,12,219,37,0.1689497716894977,1,169.85032186446452,5.598039597953417,7.177591336152486,465,2640,0,0
690,6329,1479,8,5,13,141,60,0.425531914893617,12,224.31721540153447,6.562002202305571,9.985220081907714,171,3856,0,0
2625,9532,2731,24,18,5,141,24,0.1702127659574468,10,282.80815953165427,6.47698559837233,7.593590668389831,249,2813,0,0
2058,7226,2276,14,2,0,224,103,0.45982142857142855,12,198.45874366402757,4.935128505793088,8.355680309209385,255,3673,0,0
3218,8549,3403,0,7,1,222,87,0.3918918918918919,13,202.02039600608413,5.597381994791015,7.290507379836879,294,4366,0,0
4039,4538,1849,30,3,7,137,136,0.9927007299270073,69,83.29872322370576,9.637592007658947,12.86488546668505,561,4971,1,1
2516,1076,1821,9,14,11,132,34,0.25757575757575757,7,236.5959445557251,4.857502645140727,7.024196137061145,345,1087,0,0
3578,7478,1869,20,11,4,261,50,0.19157088122605365,7,206.4498410738783,5.767687402327288,7.033260132064637,493,3216,0,0
2560,8444,1849,7,17,0,59,30,0.5084745762711864,18,187.63605349890202,5.41278073726352,6.552685373197241,79,4652,0,0
512,4443,2584,21,4,7,197,111,0.5634517766497462,17,266.228376743707,5.373896030680285,8.844832814939558,402,1316,0,0
2936,3300,3213,1,1,7,156,43,0.27564102564102566,6,273.7774545437257,5.971754026378451,7.014124660450723,435,902,0,0
2256,4092,508,0,2,10,197,111,0.5634517766497462,6,192.5896354014145,7.338754500912113,9.527596055630227,275,3077,0,0
2601,9769,3164,0,5,1,117,43,0.36752136752136755,13,300.6437565827764,5.201210726827401,8.854805045711409,420,2638,0,0
804,6696,2770,24,14,1,270,61,0.22592592592592592,2,157.5479402066269,5.220444362028425,7.052484647202313,457,2374,0,0
3890,1403,589,21,17,4,51,50,0.9803921568627451,13,187.2530479232169,5.134406875987133,9.035762401525037,287,2687,0,0
4948,2990,1518,52,3,6,157,155,0.9872611464968153,98,116.73737751688576,8.107057216958534,12.747295600267567,1161,11787,1,1
3250,4423,2260,8,12,14,210,83,0.3952380952380952,17,343.20750553559935,7.273346472770756,9.762728605540913,267,2602,0,0
2125,9509,3052,8,10,2,175,23,0.13142857142857142,7,236.2863429862849,5.1761177591189425,7.437763556479098,280,1103,0,0
1417,1410,1913,6,18,13,233,11,0.04721030042918455,2,304.54221649597196,5.158108927084527,8.578723106891164,182,1707,0,0
923,1679,3432,16,5,12,55,27,0.4909090909090909,13,252.17381505174492,6.390175542720474,9.753998304739174,167,4170,0,0
1321,6818,3202,16,4,14,208,79,0.3798076923076923,4,299.98155217967417,6.376540512292303,8.874754196433036,200,562,0,0
3146,4434,1104,5,19,7,137,31,0.22627737226277372,9,221.15540055436438,6.1974254721003845,8.124543458831688,293,731,0,0
674,2648,2989,18,14,2,182,80,0.43956043956043955,14,216.59320349841948,4.718727500305606,8.13644502790593,216,3069,0,0
1245,5081,3392,5,15,11,104,37,0.3557692307692308,17,301.54687840181623,5.293467963450061,7.47914491561746,485,2541,0,0
4097,5766,3517,36,1,0,96,87,0.90625,61,69.28297495772198,10.091713934677166,15.399362625884166,948,11904,1,1
2122,2813,2105,23,0,12,281,18,0.06405693950177936,2,289.6967560455255,5.713596574564316,8.460591441266342,498,1085,0,0
508,9236,530,3,3,3,195,87,0.4461538461538462,19,307.08144321647444,5.05784502976348,6.079271275068216,91,4144,0,0
4585,4021,2759,46,0,6,73,68,0.9315068493150684,46,89.17083507683428,10.07836405416661,15.155686864578872,1213,6844,1,1
3613,7631,1337,18,18,5,125,29,0.232,7,199.776326379058,5.594834103765238,7.074866729541723,280,4209,0,0
4292,5100,2025,36,1,3,206,182,0.883495145631068,118,55.66138986079715,10.094549547001225,16.61337412300523,503,10677,1,1
3233,7647,2659,14,7,6,243,96,0.3950617283950617,8,235.1982155377824,6.034113408211786,7.103171956745043,296,3418,0,0
745,6955,923,8,1,14,124,81,0.6532258064516129,5,285.48867132225615,8.256639477005839,11.437573235591131,121,123,0,0
2407,1388,2731,10,0,6,103,33,0.32038834951456313,9,307.99811037205296,4.8025008095831385,6.12234006851677,170,4916,0,0
2620,9490,1737,14,7,2,59,17,0.288135593220339,0,275.2326720267056,5.697595382259999,7.911034468183864,353,1523,0,0
3612,4094,2840,16,4,3,150,37,0.24666666666666667,14,328.5330771692371,3.466108043030806,4.907376598020206,333,376,0,0
525,9879,1016,12,1,3,194,16,0.08247422680412371,9,200.76726075763688,4.7074765528847875,6.3481051163558115,374,2093,0,0
1411,9368,918,5,14,6,282,41,0.1453900709219858,12,256.9744340796799,3.511715020150798,5.250426323769426,72,3537,0,0
2119,6446,505,6,12,12,86,25,0.29069767441860467,14,259.75700248794965,5.121677552008906,6.997233449758675,155,2629,0,0
2785,8740,396,17,12,4,81,20,0.24691358024691357,11,156.5958125815541,6.542909395584891,9.532122731327568,179,3470,0,0
1908,4062,2987,1,17,4,56,32,0.5714285714285714,5,302.1235529478541,5.244115374613212,7.230832338717841,411,2350,0,0
1843,8931,2296,19,2,8,228,13,0.05701754385964912,3,271.7544903366055,5.659419381449074,8.010061174318805,277,2571,0,0
2873,4827,2345,24,4,6,279,67,0.24014336917562723,8,263.9977249217023,5.478911226113904,8.247332365901222,484,1906,0,0
2631,4645,652,11,17,8,293,99,0.3378839590443686,2,275.75984982082576,5.905575281966318,7.80992235878525,451,1679,0,0
1298,2766,3261,10,12,14,77,48,0.6233766233766234,17,225.727931544795,4.390524455160256,7.649132788670968,160,4212,0,0
513,2410,2456,2,8,7,219,30,0.136986301369863,2,208.76500698216043,6.8334884995050675,8.025191325650189,485,2831,0,0
3958,4016,1154,7,2,5,212,80,0.37735849056603776,13,206.04353160064383,5.049733408068522,7.227327652103166,488,3518,0,0
3935,3796,2719,22,0,8,118,77,0.652542372881356,15,360.0461908785684,5.717897389897053,7.105000404515758,131,4060,0,0
1677,1804,2828,12,5,9,101,90,0.8910891089108911,4,283.4459438171861,4.903739115455046,7.818435854535654,55,2520,0,0
3174,5835,741,18,4,10,62,23,0.3709677419354839,7,194.2289646215429,6.739039273044518,9.026738094728945,406,1115,0,0
2153,6328,1317,24,15,0,112,82,0.7321428571428571,19,187.1104308827577,6.686182349471997,10.455579307493714,414,2747,0,0
3007,2781,3219,2,0,13,150,103,0.6866666666666666,15,196.8981666862257,5.7191702136904325,8.361699157127802,331,4834,0,0
3277,3010,858,2,17,7,291,31,0.10652920962199312,7,263.23589340567344,5.583892619346091,8.618389496208378,128,1989,0,0
4620,7818,412,48,3,3,242,204,0.8429752066115702,135,31.201244843721653,7.251285415040477,10.350048540101778,758,8809,0,1
3256,9496,1043,23,3,8,84,38,0.4523809523809524,12,271.53790025712647,5.072952769668152,8.481095017948459,458,741,0,0
353,8282,592,7,18,6,243,72,0.2962962962962963,16,195.22832713527066,6.046073513137111,7.933037137974567,87,3290,0,0
2880,9003,1399,6,1,6,88,45,0.5113636363636364,7,279.3995829526195,4.710774276090393,7.486462915925688,50,777,0,0
531,7539,2561,16,12,10,248,48,0.1935483870967742,5,219.85175499239202,5.817908384095675,9.145540147504754,179,4195,0,0
2259,8173,1741,23,12,3,97,73,0.7525773195876289,14,264.3431921409675,6.825263603127389,8.535845731448465,68,3534,0,0
1914,8754,1318,8,14,13,78,58,0.7435897435897436,13,202.1395192697904,6.07800262547973,8.7497454617145,193,3179,0,0
1511,9756,1200,2,0,4,253,34,0.13438735177865613,0,213.58353657891297,6.268194128105848,9.455503978890476,428,1580,0,0
2344,3037,3599,14,8,6,100,21,0.21,13,178.1227109277796,5.0194565743932245,7.179353151034341,489,3065,0,0
3680,6783,2878,1,11,8,101,84,0.8316831683168316,5,191.03376007762571,5.128287737834348,6.214742863256938,333,227,0,0
1478,2943,2845,6,16,3,124,34,0.27419354838709675,9,264.70081996533156,3.996844930400398,6.929709399983734,189,2828,0,0
3526,7708,2965,22,3,4,211,42,0.1990521327014218,1,183.2745463943936,5.406725416183098,7.219411086910657,111,4762,0,0
4230,8166,2665,54,1,4,231,202,0.8744588744588745,167,61.03876011023574,7.419983049430698,11.64154179909889,897,4221,1,1
969,4042,3596,12,4,9,96,28,0.2916666666666667,5,206.97267137256856,4.846322946251942,7.17278528761169,180,4114,0,0
3096,5520,3148,2,19,7,91,47,0.5164835164835165,5,207.34429982614105,3.6208658256681896,6.295155550340139,299,2062,0,0
4288,8306,2715,41,2,9,79,69,0.8734177215189873,62,83.55135917129037,9.099143684065059,14.170404149272912,1221,6737,1,1
497,7154,488,4,15,12,157,35,0.2229299363057325,12,308.4697036848129,5.307483776157446,6.925500811813566,172,1089,0,0
3549,7240,3483,17,0,12,187,117,0.6256684491978609,11,224.19275653208717,5.563515557726899,7.2632839633718485,341,1113,0,0
2083,4774,986,12,8,2,181,65,0.35911602209944754,15,259.09314566275117,6.819441335671156,9.844928622964156,290,2387,0,0
1480,9174,2849,22,7,9,142,117,0.823943661971831,5,253.4764892185901,5.757056969643869,8.109058331464063,347,1161,0,0
3684,2381,3330,8,16,2,220,39,0.17727272727272728,1,320.9402125336456,6.480972466477846,8.196013922738997,285,4175,0,0
4057,9028,2196,58,4,7,234,196,0.8376068376068376,117,84.94128650267002,14.003978727367532,17.290652528480084,1378,8703,0,1
4840,8933,1880,54,4,3,157,138,0.8789808917197452,100,55.941951421001065,10.447118992972992,14.867509912954322,835,9056,1,1
1228,9898,1895,16,9,1,139,59,0.4244604316546763,10,306.80555401818316,3.4291499920672095,6.4839602367911375,154,1445,0,0
1189,2878,1676,3,18,6,273,81,0.2967032967032967,17,229.34394402618494,5.641663024739276,6.952474633447932,224,3865,0,0
2220,9985,1790,23,8,8,102,56,0.5490196078431373,0,278.71020905356437,5.1046988948701015,6.854168534128452,444,2624,0,0
2252,6814,2714,22,11,14,154,108,0.7012987012987013,19,308.2355392619955,5.740230625770447,9.502295949279533,448,1878,0,0
265,7589,3532,9,13,12,259,87,0.3359073359073359,2,239.9625418223568,4.267857670185167,5.89541406640895,284,719,0,0
4234,4083,2390,31,0,7,88,76,0.8636363636363636,56,75.06342106348195,9.894732058045461,17.316312101703666,710,5784,1,1
2735,2128,2374,8,7,0,174,91,0.5229885057471264,4,192.37777659455662,4.775778686169071,8.273706421174474,456,3088,0,0
1309,3122,1453,15,18,6,285,67,0.23508771929824562,18,375.93570496472313,7.280624955917215,10.622778943036781,300,2982,0,0
2793,3938,1372,6,19,6,195,39,0.2,4,139.73275816596697,6.587209461771397,8.496520783177239,300,1300,0,0
359,7589,2972,14,13,3,274,47,0.17153284671532848,14,189.54828015054073,5.261661827686429,6.611411051353519,438,2217,0,0
1823,3504,2868,15,0,7,267,21,0.07865168539325842,0,296.1086728253543,5.370209170795307,8.40217393467973,142,4081,0,0
707,2359,1744,24,3,2,129,94,0.7286821705426356,16,268.9416816344739,6.195377236401729,8.556916927822463,405,3598,0,0
3315,5225,2466,16,4,13,290,10,0.034482758620689655,3,218.5087300235334,4.15290824029365,6.030142635622855,259,1883,0,0
3318,8492,736,8,16,11,298,20,0.06711409395973154,10,170.47927316195893,5.559484939997163,9.192279822421504,405,4345,0,0
3783,5955,1904,9,4,13,146,20,0.136986301369863,1,157.8129490834434,5.092687531135137,6.840078387104101,145,825,0,0
502,5753,3029,24,1,8,220,44,0.2,13,327.9394592248447,3.969538590256623,6.303259093464908,256,3199,0,0
4692,1479,2630,53,0,5,241,196,0.8132780082987552,140,53.22620604295584,7.979159141726562,13.530730236512522,970,6699,0,1
4346,3856,2945,53,4,3,189,170,0.8994708994708994,105,92.2360354713111,7.369366018665004,11.670130321589056,1117,4738,1,1
4016,8672,601,28,1,2,106,91,0.8584905660377359,76,60.771693576363944,8.16816279457312,12.790752465024834,1065,7243,1,1
1169,8392,821,23,17,2,196,112,0.5714285714285714,19,228.4786150599642,7.5084730109816995,10.348644295172514,117,284,0,0
2506,8039,1265,15,11,5,75,61,0.8133333333333334,8,243.05278245673327,7.264971854126444,9.002465658996357,195,2646,0,0
878,3903,3308,18,7,6,111,53,0.4774774774774775,11,220.18100820047965,4.045549735621992,6.329890444863717,216,4355,0,0
1827,9646,1622,19,11,13,237,118,0.4978902953586498,1,272.6561554355243,4.854187547241999,6.41368929745641,272,699,0,0
4012,2693,2834,33,3,7,126,108,0.8571428571428571,56,80.74334531259372,10.903136919234424,16.726013753720075,819,8413,1,1
1066,8595,1258,1,13,14,132,75,0.5681818181818182,19,251.45310436971556,5.204142159594141,8.434039676515077,382,1086,0,0
4700,8242,2079,23,2,7,71,69,0.971830985915493,47,88.40417970807265,11.157244840479148,17.006486385087914,620,5721,0,1
4807,8608,356,38,1,8,137,109,0.7956204379562044,56,80.27061316900085,11.03811638994637,16.6892111325078,883,9507,1,1
4568,7068,3260,23,2,3,155,149,0.9612903225806452,84,125.87058457917024,8.918607150744768,12.196727535170066,1351,8652,0,1
1585,3984,3485,5,16,3,192,40,0.20833333333333334,17,309.8799279308092,5.6288085791274085,7.848713745996566,54,2994,0,0
2120,1834,510,10,16,14,216,98,0.4537037037037037,18,247.50268893270936,6.367223175693261,10.12897433296052,250,2152,0,0
4625,6926,3271,46,4,8,76,72,0.9473684210526315,53,107.86781697358235,7.395762825340562,14.216927133573975,683,11458,0,1
4315,4066,1109,22,1,2,153,138,0.9019607843137255,83,57.9414102278771,7.462382987978383,11.89649321358749,1390,6537,1,1
106,5675,469,1,10,8,191,110,0.5759162303664922,2,240.95046305301383,3.7381362579602615,4.871266248559972,275,1455,0,0
464,3706,2848,17,16,4,51,19,0.37254901960784315,11,282.74877921108447,6.31079864559171,9.247401714823276,487,4946,0,0
4953,1377,838,42,2,8,138,123,0.8913043478260869,77,52.75252436146312,7.600490595848697,11.072716189404726,1447,5930,1,1
3540,6928,2720,14,4,14,272,89,0.3272058823529412,0,214.53249808491682,4.977216527003081,7.121803580217634,232,2987,0,0
2660,8281,2997,14,6,12,71,29,0.4084507042253521,1,212.83528346503147,7.182118745380162,8.37342837957639,369,3529,0,0
1287,6710,1491,18,7,9,94,80,0.851063829787234,16,238.52507921283427,5.99871090984981,7.741843825186951,378,4425,0,0
3744,4098,2754,16,17,5,245,33,0.1346938775510204,5,287.98054455199775,4.751485278608159,5.807554635298831,137,2184,0,0
4767,7230,966,31,1,1,236,223,0.9449152542372882,210,107.76474248095458,8.950752724990789,13.987730429885005,1046,7440,0,1
2168,3770,2356,3,18,12,74,72,0.972972972972973,18,258.6764013067248,6.029810065683639,7.3046895191815135,335,2368,0,0
3101,1002,3027,4,15,6,52,20,0.38461538461538464,18,326.27805593710065,5.999443841016201,9.717698307282305,107,4254,0,0
4539,6865,1080,45,2,1,169,161,0.9526627218934911,139,89.03975282386232,11.814379348976303,19.513988812042165,1002,7892,0,1
3310,2287,3024,8,19,6,260,90,0.34615384615384615,15,242.9475776907944,3.433605743276116,7.219891257950955,350,2646,0,0
4710,6786,990,25,1,0,171,154,0.9005847953216374,99,25.819368875405708,10.959597315703693,16.44358828626032,513,9662,1,1
1523,5704,2802,23,8,2,298,39,0.13087248322147652,3,235.18348586756576,5.590613601724776,9.580901356684002,99,1605,0,0
4133,9435,2505,58,4,6,210,188,0.8952380952380953,138,70.83043078031737,11.022345880907029,18.17728174088168,1369,5876,1,1
4202,6992,2800,23,1,3,61,56,0.9180327868852459,38,80.64917937397328,11.509146944737132,15.068647041217483,1109,6176,1,1
2781,1383,2550,9,16,14,141,40,0.28368794326241137,7,294.5225830681281,6.447363124946571,9.82679124054748,146,981,0,0
628,4291,2221,22,18,9,234,22,0.09401709401709402,4,269.6317057825484,5.9535855235092185,8.479022629433297,177,3056,0,0
3292,5504,987,5,14,6,99,97,0.9797979797979798,1,260.4953932958674,5.287569199273289,6.591715268942212,171,4407,0,0
132,3278,2346,1,6,5,266,93,0.34962406015037595,16,268.7140027788653,5.4131552228698085,7.187555520973191,278,4456,0,0
2323,3044,2225,3,17,11,52,37,0.7115384615384616,0,215.5438642268689,4.868390005873416,7.127866341052522,131,4120,0,0
1568,4477,893,16,18,12,229,24,0.10480349344978165,12,243.5673757497318,5.1377270165073865,7.373020667186519,219,2868,0,0
1483,7990,2827,15,0,9,166,88,0.5301204819277109,18,289.9955476245402,6.0341281187946745,7.635656689447337,282,1407,0,0
1500,4093,854,15,7,9,240,75,0.3125,5,319.3023178643772,4.9508298872270275,8.767217616485599,251,1055,0,0
2642,8172,3081,0,9,10,201,52,0.25870646766169153,14,202.34447875214985,4.636232956043903,6.708551946765414,444,3031,0,0
966,8453,499,5,16,11,286,17,0.05944055944055944,0,265.68615914484536,4.0153952080803474,7.307674208719292,236,4497,0,0
275,4180,2768,8,15,2,270,17,0.06296296296296296,15,231.68842303408692,5.943880230217435,7.157355085737734,373,370,0,0
4077,6632,1928,50,0,5,154,133,0.8636363636363636,74,114.03256017769068,10.102573066121503,14.036903629719284,1041,11084,1,1
142,2667,754,5,1,1,151,28,0.18543046357615894,12,235.1218248320004,6.87570681331162,10.329209461836685,393,921,0,0
1794,3259,1663,21,12,5,252,115,0.45634920634920634,7,214.99412040922934,4.308280866382657,5.521174766239263,288,702,0,0
3459,6593,934,4,6,2,188,72,0.3829787234042553,6,218.81974441855863,5.694760481080056,7.22076676353288,79,561,0,0
2488,4993,772,0,18,1,237,97,0.4092827004219409,1,305.67998755932547,7.571255454154862,8.860428671638163,244,4991,0,0
4801,3012,1931,40,1,9,210,199,0.9476190476190476,114,60.20045803401422,10.724734044198831,16.656726119983816,1053,9475,1,1
3654,1735,860,11,3,4,259,73,0.28185328185328185,11,237.84642243924975,4.953948619902971,6.849263000558317,187,2697,0,0
655,9974,3146,22,15,12,290,37,0.12758620689655173,10,342.89642804638413,6.659613588425281,8.755297367195928,366,2270,0,0
2782,8316,988,22,16,1,174,67,0.3850574712643678,10,292.0901553393361,4.522088849610062,6.097864709553248,458,4138,0,0
2101,2067,2860,19,8,9,279,97,0.34767025089605735,7,247.34983281485665,5.074124626568231,8.780512203448016,320,1897,0,0
4420,1585,3161,53,2,2,215,205,0.9534883720930233,137,73.40522170446559,11.369983611919887,17.517759321620076,932,10920,1,1
1663,1363,1641,11,16,5,104,37,0.3557692307692308,14,234.09156784693812,5.82932333268373,8.514887384321925,155,4554,0,0
2611,2110,608,23,4,4,207,119,0.5748792270531401,3,283.35712849640197,6.820640404488012,9.719053606500925,249,1307,0,0
2749,8334,3131,12,9,12,258,32,0.12403100775193798,9,198.30432263429412,6.283800101694256,10.09820371871169,493,2535,0,0
307,1086,1947,22,15,2,258,85,0.32945736434108525,8,273.68160384057273,4.5736188700184615,6.111378637236304,95,4690,0,0
234,7344,1246,12,14,13,162,38,0.2345679012345679,19,381.6462218464926,3.694394527093234,5.199405394850625,358,2490,0,0
3733,7246,3395,22,15,1,157,81,0.5159235668789809,2,224.13916256454485,5.34231686779797,7.234856605952848,322,2995,0,0
3927,1608,1279,17,10,10,50,25,0.5,7,223.27078661722734,7.263041691978083,9.144971461164495,473,4234,0,0
1781,6659,1275,15,0,14,199,92,0.4623115577889447,19,283.0849965618631,7.296431333790421,9.420170154595377,141,4674,0,0
3382,4233,1483,7,15,7,139,60,0.4316546762589928,9,323.49738780954203,6.563047483982831,9.421344234076544,79,2120,0,0
1444,5878,3199,7,8,4,132,101,0.7651515151515151,4,306.6919759323559,5.506718947997195,8.52120895809458,171,2296,0,0
3417,4548,2420,6,9,12,242,60,0.24793388429752067,11,301.2700318754144,5.761446598581769,9.262599398779761,130,3551,0,0
1831,1539,943,6,13,11,147,44,0.29931972789115646,18,291.1846119421384,5.482502654344894,7.924096683820119,266,4386,0,0
1439,3161,538,1,19,14,78,32,0.41025641025641024,0,220.03221474735017,6.735431775756801,9.94359381920517,254,345,0,0
1818,1862,1824,0,6,5,194,68,0.35051546391752575,15,272.42904396259235,7.057679271822242,8.994228922286775,126,3243,0,0
2825,2136,326,11,9,3,237,33,0.13924050632911392,2,158.71746024019916,5.094803683549502,9.08185895112862,443,2092,0,0
682,1780,1375,23,12,7,243,28,0.11522633744855967,10,173.9866959552674,6.44808438743609,7.705467242134558,493,4780,0,0
1745,8059,2707,3,13,9,71,48,0.676056338028169,0,221.76922722520018,6.677641618185218,10.547404278623851,239,861,0,0
2939,5543,505,4,9,8,151,56,0.3708609271523179,9,148.36308846160327,5.972930745958239,9.652242890126239,414,3228,0,0
3989,1560,1021,6,16,10,157,15,0.09554140127388536,11,198.47316178706237,5.008332250933149,7.510003835706483,348,2626,0,0
4900,5257,2023,35,1,5,238,225,0.9453781512605042,152,40.35455219745579,9.359881410382284,16.911081186062532,1262,10933,1,1
1255,3293,1902,0,19,0,63,44,0.6984126984126984,1,249.48958516947312,5.7817405484662885,8.497966760572583,257,4949,0,0
1210,7436,3327,4,12,7,62,38,0.6129032258064516,19,222.141962779941,7.081202764919684,9.657279070340495,432,800,0,0
3696,8045,3133,19,0,7,169,82,0.48520710059171596,9,267.82298425654363,5.495662546822663,7.106707841874787,372,4890,0,0
3438,6200,1819,23,17,4,206,100,0.4854368932038835,11,241.61232662274773,6.815696754867828,10.617093028777376,359,114,0,0
327,9490,3264,9,2,12,238,40,0.16806722689075632,2,162.0903496362014,6.138450935164565,8.09276427587498,340,2606,0,0
3136,1827,2783,23,13,3,145,107,0.7379310344827587,5,292.80859181615114,6.537308365290923,7.928823595073251,278,2870,0,0
1315,4795,3583,9,10,9,240,25,0.10416666666666667,4,215.0484119535292,5.8075188812506084,8.16970489542075,64,1870,0,0
1203,4403,2746,24,17,8,261,96,0.367816091954023,18,138.16042028426693,6.539714876188584,8.832167048549962,231,3875,0,0
2234,6978,2663,1,14,10,150,71,0.47333333333333333,16,218.2598658266307,5.960958641857302,8.148210457715265,480,2427,0,0
739,5717,841,17,3,9,249,52,0.20883534136546184,9,252.4664082897422,6.222446985220979,9.067156028921787,281,4032,0,0
3355,1519,1104,11,9,5,100,14,0.14,13,285.68063697220094,4.63802787618662,7.1952211284802035,283,4381,0,0
3894,8502,2069,20,16,2,105,53,0.5047619047619047,6,247.59651405220126,5.178793168143203,6.998501963389453,337,2994,0,0
3985,3783,2910,24,2,4,220,79,0.35909090909090907,19,229.12262720748635,6.436439222676892,10.311443799548735,461,3961,0,0
1738,9936,332,20,9,10,139,101,0.7266187050359713,18,221.78192232194203,5.682973360305262,8.884463718569629,129,3411,0,0
338,7628,949,4,7,7,133,12,0.09022556390977443,7,277.16483320411453,4.282076373234887,5.941196744409089,105,1183,0,0
4494,8706,3467,32,3,7,198,179,0.9040404040404041,134,53.687288550013946,7.572090110906086,13.37275081944626,681,9736,1,1
2126,5196,919,0,12,12,109,52,0.47706422018348627,16,211.84105492551228,6.418181178308778,8.142859699957983,465,3769,0,0
3750,2750,3188,23,13,8,270,80,0.2962962962962963,13,152.28595630274265,4.391395865958668,6.019715188222122,91,2723,0,0
3435,3844,2692,8,12,4,255,80,0.3137254901960784,3,301.24336642583063,5.419027440495034,9.032796680335549,486,957,0,0
2834,4345,686,17,9,13,126,53,0.42063492063492064,19,189.6087853612077,4.511341014509641,7.145429903852401,322,1503,0,0
4611,1896,3563,50,0,7,88,75,0.8522727272727273,54,77.86384657150775,8.623734809096762,11.972661124010116,1041,11675,1,1
4524,2936,3320,49,0,8,76,68,0.8947368421052632,65,50.953660749164584,9.385615628979938,14.652964863624778,1288,6304,1,1
3604,8080,2953,19,15,10,145,35,0.2413793103448276,1,255.16800993312802,4.432926783929178,6.163708652100816,226,3118,0,0
3251,5722,2775,19,10,5,223,61,0.273542600896861,4,234.82722298422905,5.889114561358014,6.939519810679602,185,2912,0,0
3715,9202,2148,12,2,0,69,32,0.463768115942029,9,232.8789032032413,6.624300599283202,8.99132598047787,103,836,0,0
1638,4770,3393,3,14,6,182,39,0.21428571428571427,2,300.26630128331567,5.997081941003202,9.053301810124164,73,4159,0,0
1789,5376,1873,8,17,10,83,82,0.9879518072289156,12,156.02665180269167,3.703008352720599,7.4190610597017095,320,604,0,0
1507,8163,2404,23,17,5,198,64,0.32323232323232326,8,138.56599077873233,7.395421006787196,9.781765774892452,251,278,0,0
509,1452,1353,9,5,10,171,19,0.1111111111111111,18,196.69333642633447,5.561212371394755,9.445455992665671,127,184,0,0
3518,5866,3287,18,11,14,85,44,0.5176470588235295,3,268.77860931995167,6.152436272554227,7.648926683791288,290,4680,0,0
4073,7318,1661,21,0,8,249,240,0.963855421686747,135,79.27292257431832,8.44371298329095,15.295650446463604,646,11780,0,1
2685,4886,1901,2,4,10,210,102,0.4857142857142857,13,295.07292794895244,4.709497284158083,5.887539694327999,283,1968,0,0
3075,4390,1916,6,4,8,144,115,0.7986111111111112,3,277.30633706862875,4.4543621327946825,6.884373621273508,302,2964,0,0
3028,5422,661,23,15,11,275,19,0.06909090909090909,17,237.89715806445633,4.674719750384892,6.690199694870775,412,2042,0,0
1171,6524,410,4,16,7,242,12,0.049586776859504134,0,294.23092783817106,6.600955380624009,8.870964708023154,184,1898,0,0
782,3575,2459,9,16,13,231,52,0.22510822510822512,3,298.6455535184119,4.575781036019984,6.302331372801287,449,4604,0,0
2649,1698,424,4,9,6,231,69,0.2987012987012987,7,237.19489965428858,3.5426006323273254,6.574087806535828,331,377,0,0
149,2798,2106,11,12,9,103,10,0.0970873786407767,6,262.3748898418605,7.7504547678162705,10.531070475185711,75,4716,0,0
1037,6761,442,24,15,5,108,105,0.9722222222222222,4,181.37951312193465,5.194367557593204,6.836168905996346,311,1906,0,0
4619,5121,2343,56,3,1,134,118,0.8805970149253731,82,99.09135219612503,8.180096529693458,13.010048022352155,895,5050,0,1
2224,6612,3037,15,9,11,228,14,0.06140350877192982,3,269.6477031586721,6.059778494786625,7.7872173889734775,356,530,0,0
4520,8379,2482,34,1,3,185,172,0.9297297297297298,142,55.3495949961755,10.43608509787353,16.674421081347706,1215,11885,1,1
2111,5475,2826,19,18,8,163,93,0.5705521472392638,15,310.5032966587797,5.193618635837643,7.588624674917721,300,3136,0,0
3833,5009,3463,8,8,2,160,118,0.7375,8,221.99010540681283,3.3508880403385213,6.446744030490267,210,1217,0,0
4680,4373,1986,39,4,4,156,133,0.8525641025641025,79,66.04606600296088,7.636647497307669,10.655715274268175,1219,8283,0,1
171,1016,1088,8,0,1,169,18,0.10650887573964497,15,283.89629356696344,5.0120885918542974,6.127367638741273,493,2379,0,0
4510,1049,465,41,0,7,174,149,0.8563218390804598,142,73.70066371620013,11.126196113860079,19.075864941541074,1289,5509,1,1
179,9853,1730,21,12,1,284,98,0.34507042253521125,1,269.9843975876321,4.848643106208171,8.301999095779006,144,1586,0,0
825,8496,913,16,16,14,149,104,0.697986577181208,1,253.98213449469483,7.1004950658110575,10.112736667226377,260,1382,0,0
4440,8106,1540,33,2,8,154,133,0.8636363636363636,109,118.64866766270194,11.310886200064953,16.463318485605555,1432,4256,0,1
4078,3283,3024,22,3,6,178,148,0.8314606741573034,104,76.29128870951945,9.237304385996687,14.274334874034523,617,6526,0,1
1874,5075,971,22,1,6,86,39,0.45348837209302323,6,296.0198080627242,6.5678566772944,8.586885692931407,429,1342,0,0
2932,7470,2410,3,16,5,86,37,0.43023255813953487,13,210.44691479461224,6.067767898683173,8.662978962681745,240,1491,0,0
3803,8191,676,20,14,13,270,58,0.21481481481481482,13,149.85129555325994,5.162711513783533,8.392872284659104,138,2239,0,0
4805,5981,3204,26,0,2,53,45,0.8490566037735849,39,92.36793311766604,6.641690168497764,10.504947544569585,1398,6319,1,1
746,2079,2996,23,18,1,267,104,0.3895131086142322,8,220.2029651341213,5.427414789597714,6.4686143538454495,347,519,0,0
2587,2874,1772,24,18,4,245,43,0.17551020408163265,17,243.7396573336525,6.022324134233963,9.894793537102244,150,3012,0,0
4141,4457,921,53,2,2,234,202,0.8632478632478633,163,79.2794436512687,10.118695697363094,17.99113775911823,525,7048,1,1
2848,8639,818,22,12,0,85,27,0.3176470588235294,11,244.79161457855162,5.567590106739401,8.492249983515993,158,4324,0,0
1903,1253,1521,18,5,1,255,43,0.16862745098039217,3,300.14048759775704,7.185870152221523,8.794647809327488,186,1881,0,0
2804,5075,1386,15,2,13,169,76,0.44970414201183434,16,289.34578827479777,5.880489227905815,9.163700640540732,336,2440,0,0
4738,1245,1630,26,4,7,213,196,0.92018779342723,128,70.8697655498253,9.409569586585702,16.97183029510031,1374,6566,1,1
3528,3421,1407,9,15,0,295,101,0.3423728813559322,18,300.09344038109515,5.271687135280751,7.934224874548636,275,1509,0,0
4050,1761,1101,32,0,0,199,189,0.949748743718593,107,73.3615891814705,11.485570898645621,15.68251617335165,812,9397,1,1
2236,7037,2819,1,2,4,181,86,0.47513812154696133,17,224.9052942501165,4.955376610661703,5.991312679072196,481,838,0,0
3906,4261,2989,13,1,10,201,72,0.3582089552238806,14,248.15609703526238,5.478657049327077,8.569406685231213,189,805,0,0
181,4300,1173,9,15,7,160,17,0.10625,0,276.9566051591403,5.841629219369114,7.675335511115717,273,1955,0,0
546,5760,2751,5,5,4,231,76,0.329004329004329,1,260.34308902464005,4.946425492994538,8.374009903964762,199,904,0,0
1361,2173,786,21,9,12,132,54,0.4090909090909091,10,191.72792368894716,6.970661990652289,9.908692863492385,149,3194,0,0
3011,9205,2598,3,14,4,99,70,0.7070707070707071,13,320.5535531172761,4.218381757894324,7.053147791485504,259,542,0,0
2383,3578,1825,17,10,5,52,44,0.8461538461538461,18,286.377368689531,5.3510283352356405,7.504282955424945,196,1396,0,0
3556,8949,1269,0,19,0,142,26,0.18309859154929578,1,187.25304355336095,5.798042834447102,7.220526617508981,190,3633,0,0
4515,5226,3309,49,0,3,124,102,0.8225806451612904,82,57.31052164884979,9.072391853893077,15.28787595899987,1014,8891,1,1
2691,3650,2999,13,13,14,235,64,0.2723404255319149,12,215.90030111513897,5.668340414466995,7.957087685363453,412,347,0,0
3002,2786,3109,18,3,4,97,55,0.5670103092783505,18,207.6110843161136,5.809184891395944,8.204590796962645,62,1979,0,0
987,2620,1848,20,11,9,274,33,0.12043795620437957,1,252.09479605771384,8.136669141945589,11.756821635058731,284,692,0,0
1412,7491,2736,23,1,2,191,26,0.13612565445026178,15,246.84656114468166,7.328146799309826,10.250011446482892,335,4866,0,0
276,4607,480,3,2,1,73,51,0.6986301369863014,16,161.07062079967415,5.819651825918977,8.095336382232059,118,353,0,0
4582,3221,2265,37,0,2,244,203,0.8319672131147541,152,91.90874917350206,10.257674584608859,14.085886133946406,1401,10148,1,1
66,4744,2294,23,9,4,183,59,0.3224043715846995,9,219.90156605518078,6.26025109463536,9.304759261307147,322,2924,0,0
1038,4260,2817,12,11,9,65,29,0.4461538461538462,13,250.15300583692866,6.084622952486741,9.83555919954225,252,1532,0,0
1529,5314,674,12,14,10,258,96,0.37209302325581395,18,285.02976986385636,5.623457556169143,7.5927237980528,457,3808,0,0
1584,2207,847,24,14,12,194,47,0.2422680412371134,17,266.71513488126294,6.957371642464567,9.164737177301475,50,3198,0,0
2603,5918,1934,19,14,4,61,28,0.45901639344262296,0,191.1081822461848,5.075255610128992,6.869543749227201,417,2334,0,0
3175,8051,3116,13,5,9,211,118,0.5592417061611374,10,233.30045525065785,4.22332377151046,7.772379179879466,463,1292,0,0
1925,5002,1731,2,10,1,167,74,0.4431137724550898,6,158.4370681094133,4.804897337923473,7.924579780892467,132,3203,0,0
1599,2685,814,12,10,11,147,108,0.7346938775510204,9,296.41724872790707,5.522401588039713,9.247740205110919,393,4985,0,0
4327,9816,595,57,2,3,77,66,0.8571428571428571,56,109.19470503046611,11.030330974448285,14.71572181193989,523,10238,1,1
2269,5143,3312,14,8,0,238,57,0.23949579831932774,11,154.92159423254844,3.253596690234892,7.087337875109242,370,677,0,0
3197,2774,1852,24,3,2,111,95,0.8558558558558559,2,244.49032294287608,5.079103415691824,7.910644582820528,266,2379,0,0
3319,3572,3590,0,8,11,60,21,0.35,6,275.6134990536528,4.904182283879307,8.052972069258942,415,1468,0,0
2228,6777,1958,2,8,8,282,62,0.2198581560283688,3,208.06546277282433,5.651809713815512,9.322059222455785,300,2340,0,0
3678,9962,809,7,8,9,115,109,0.9478260869565217,1,326.30521608648075,6.281863302507642,8.705210016195064,394,296,0,0
277,8997,2014,24,5,4,218,66,0.30275229357798167,9,220.8944203104786,4.911961421541125,5.9422332416082,261,483,0,0
1477,4228,2681,2,14,13,274,25,0.09124087591240876,10,201.5465076148546,4.484926176992001,7.701170264098869,138,2820,0,0
2144,3700,1221,11,1,9,268,115,0.4291044776119403,0,304.3371311254741,4.853966779847333,8.528206783640172,71,4958,0,0
350,3761,3321,20,19,13,157,104,0.6624203821656051,0,211.13049620705476,6.1933246903326005,8.201345867302926,189,1604,0,0
2737,4238,2723,17,17,2,270,85,0.3148148148148148,3,239.40031507429754,3.945306916963955,6.8704526389316225,454,589,0,0
4613,8228,1773,23,4,4,111,89,0.8018018018018018,86,87.32068319531413,6.32275283390242,12.799563062165221,636,9844,1,1
4986,6785,1148,42,3,7,156,132,0.8461538461538461,69,100.11900548446825,9.239018126948611,12.346812650286385,925,7208,1,1
1706,2809,3533,1,9,11,196,53,0.27040816326530615,13,221.98891861175662,6.31689791130656,8.884828210700007,417,561,0,0
2337,5724,2844,16,2,10,75,10,0.13333333333333333,1,251.7324218379843,5.1175053399369705,6.378014601257005,76,804,0,0
985,4796,2965,14,2,5,86,81,0.9418604651162791,12,238.0397991302373,4.8491739750056615,7.106398024381985,330,527,0,0
1445,1110,1409,7,1,9,194,102,0.5257731958762887,12,230.59250435804853,6.4822908183814505,7.91924709157452,239,762,0,0
2518,1541,642,20,5,4,214,89,0.4158878504672897,9,221.4978003791495,3.3893191524115855,6.348580905280711,265,2609,0,0
6,5859,3434,8,14,12,237,118,0.4978902953586498,0,247.8231598763251,5.224699089753607,7.409343644280316,185,1595,0,0
3410,2680,3511,24,5,2,68,18,0.2647058823529412,7,315.01020525420836,6.904644256514729,8.242048373227373,142,2949,0,0
1193,5840,718,7,4,12,286,72,0.2517482517482518,2,179.0283401727495,4.642557570452784,8.377820566457215,239,3031,0,0
588,7085,3161,22,0,4,152,106,0.6973684210526315,5,257.88774355801337,6.2886716842608665,8.676502594031803,170,3353,0,0
4034,7234,400,56,0,3,185,174,0.9405405405405406,130,81.51023149511968,10.514000701405276,14.941866994294159,975,7986,1,1
990,2351,2337,22,19,13,118,15,0.1271186440677966,13,253.63716643486163,4.341516438146765,5.363176279157917,382,1122,0,0
2355,7645,1027,10,18,8,169,13,0.07692307692307693,2,205.62111699174366,4.7782362431224925,7.401992131404125,458,2086,0,0
2110,4323,2766,3,19,8,258,61,0.2364341085271318,5,199.5002132277117,4.090053598110427,8.089022524979443,260,1130,0,0
2588,7227,1819,18,5,2,54,38,0.7037037037037037,12,267.64757160345425,5.178896209622961,7.000965568249534,360,3493,0,0
67,4490,1870,16,4,13,143,104,0.7272727272727273,11,284.1980818737226,5.355475914646095,9.328264344018267,467,2735,0,0
2195,3393,2790,14,8,13,129,36,0.27906976744186046,0,299.4700531834855,6.403571392035602,10.39430405992892,281,1010,0,0
4859,4311,1664,24,0,4,172,169,0.9825581395348837,90,68.65242548198124,8.956423189781333,16.69822222232357,960,5457,0,1
2047,2101,2398,23,7,12,101,11,0.10891089108910891,3,207.82572518614612,5.029926280192044,8.549638143861742,204,2780,0,0
3535,7459,3561,2,10,6,93,65,0.6989247311827957,9,287.9576986973592,5.498936114525018,7.137182634070545,434,4696,0,0
4804,9164,1808,40,4,3,187,169,0.9037433155080213,154,79.23625080767945,7.500885735861697,11.069019459808686,551,6305,1,1
1872,6497,781,16,2,12,178,89,0.5,7,279.6051491601246,6.123011029297748,7.696146511263635,64,3419,0,0
2551,3129,1482,8,12,13,108,73,0.6759259259259259,5,236.9250489181298,6.663391562724916,9.882840565889547,114,3179,0,0
4126,4255,1755,59,1,6,84,83,0.9880952380952381,67,57.14990898932792,9.860523810110603,13.460589854977938,802,8301,0,1
3496,8954,3022,15,1,8,254,66,0.25984251968503935,1,231.18477882429855,3.6433636883465566,5.82693455915188,283,4367,0,0
976,7583,2886,6,12,5,208,97,0.46634615384615385,7,241.3812521273169,6.2147317275177,9.089499136883068,127,2837,0,0
195,4959,670,24,4,9,177,23,0.12994350282485875,17,272.3000047333593,4.796728477436527,6.370300581830893,354,2038,0,0
4731,3677,2501,50,3,7,83,71,0.8554216867469879,42,73.59725900892343,9.020085205809309,14.27056719585463,1042,11380,0,1
1233,6404,3077,21,10,12,71,47,0.6619718309859155,17,281.8591662703606,4.673883498459652,7.516228961846995,262,475,0,0
973,4730,1799,14,13,1,271,96,0.35424354243542433,6,309.1340027532989,6.308952661358572,10.056735899669915,326,1547,0,0
1180,9306,783,24,10,11,149,63,0.4228187919463087,3,265.7485935777666,5.714982817454548,7.7161273628819265,341,173,0,0
455,8104,527,0,3,3,176,106,0.6022727272727273,17,256.37711971852553,5.27682882852658,8.409831714376013,155,1228,0,0
4899,7463,2540,48,2,2,135,117,0.8666666666666667,109,84.16626408842772,8.952411761150541,12.45332083987627,1377,9854,1,1
2161,6307,2429,2,15,4,106,67,0.6320754716981132,15,237.4015167226605,5.954273500247308,8.810138556471475,223,505,0,0
2493,1878,1840,2,4,9,258,64,0.24806201550387597,4,187.18654275448276,4.195206226379158,7.395785399194067,104,370,0,0
3662,4241,3156,9,5,12,159,56,0.3522012578616352,15,325.9844221626119,5.676504574262343,7.390349874200366,196,3158,0,0
4279,5153,2630,49,3,5,89,81,0.9101123595505618,62,109.26258502545313,8.200021365378955,11.283360568320727,1018,8741,0,1
612,6534,1318,22,3,3,151,116,0.7682119205298014,15,237.99305429878444,6.529712895535159,9.623306081591592,107,291,0,0
883,6161,1343,7,0,12,258,116,0.4496124031007752,3,284.41026532264414,5.056393169792614,6.15204755541839,322,2376,0,0
3358,8963,2059,11,14,14,152,114,0.75,15,79.77567570340736,7.203862616975285,9.291350553147808,332,4832,0,0
77,3872,2591,14,14,8,50,49,0.98,8,280.81079084840303,4.869587375970366,7.680751971160783,340,674,0,0
324,8957,460,20,14,14,123,112,0.9105691056910569,3,267.49450600573687,5.472144444622666,8.832269466744593,406,303,0,0
4113,3503,1653,46,3,8,222,207,0.9324324324324325,149,93.8913984654877,5.125336722906802,10.189259539478424,886,10761,1,1
2520,5953,603,0,18,9,268,111,0.4141791044776119,17,238.3522493275733,5.4429200968041025,6.526649509990554,467,4409,0,0
1837,7745,2648,14,4,10,99,19,0.1919191919191919,10,300.6416403889749,6.267337413299233,8.210970896916002,384,1672,0,0
3159,8396,3244,22,11,0,99,60,0.6060606060606061,1,184.5108367160732,5.183397011678757,6.423928979008826,253,4388,0,0
2889,5210,1369,15,17,10,172,116,0.6744186046511628,5,187.1675417103029,3.3566793622200386,4.737069156780241,498,1337,0,0
4592,8280,2918,35,2,6,202,195,0.9653465346534653,185,118.48907735002598,9.850332473994406,17.328224173197,1279,11266,1,1
2851,2442,3338,10,1,5,260,84,0.3230769230769231,14,247.2095898282115,5.470132266732545,6.4760888989579435,481,4400,0,0
1935,7030,3038,21,1,3,279,93,0.3333333333333333,12,315.31402378641013,4.27308432370476,6.7193523572782,104,334,0,0
4159,2717,763,21,1,5,85,81,0.9529411764705882,64,109.90119005411677,8.660197438249615,11.679324810483248,798,9159,0,1
156,6249,2800,1,5,0,264,53,0.20075757575757575,2,236.97507190306388,7.226833842218761,8.407260870021116,349,3719,0,0
3202,1867,827,13,18,9,162,53,0.3271604938271605,4,290.5995934943132,6.579828227542988,10.318982502257775,162,2342,0,0
598,8847,2726,10,0,1,96,88,0.9166666666666666,11,252.67703153077505,6.471609563251387,8.25961876924284,165,3967,0,0
1373,1390,1650,11,15,5,53,24,0.4528301886792453,8,232.31737225592244,5.72732590682319,6.848060218680942,68,1185,0,0
4336,7892,3002,39,4,6,52,47,0.9038461538461539,23,57.805558600301545,9.907786068834401,16.245606056943437,1182,8374,1,1
2927,5247,1480,19,17,11,102,47,0.46078431372549017,6,249.61057449508866,5.280080602377428,7.8394960441604,177,2180,0,0
3767,8874,1831,8,13,12,53,34,0.6415094339622641,16,216.1884629094023,7.252273190083555,9.470660225816625,257,2670,0,0
1305,3623,805,11,12,8,173,28,0.16184971098265896,3,234.9951651957291,6.499085059982896,8.64319045344304,280,1941,0,0
4281,7317,2817,54,4,2,171,147,0.8596491228070176,130,105.35300881612358,11.10895932380181,17.33558662089975,767,6673,1,1
919,9722,613,2,17,1,96,74,0.7708333333333334,1,286.48933982786946,4.212116844898581,6.037500117026857,155,4328,0,0
3997,4952,1293,24,8,3,78,16,0.20512820512820512,6,251.6564060835466,1.0343961364711225,4.056783823809205,139,1989,0,0
3477,3392,1244,21,16,8,185,21,0.11351351351351352,0,254.74222796952682,7.164435555508354,8.819074211005566,466,2401,0,0
4088,1266,1774,32,3,5,199,183,0.9195979899497487,135,99.36037979532662,9.724067076800953,16.750785064544512,1089,10933,1,1
965,9552,2956,11,16,10,190,96,0.5052631578947369,1,264.96182309592206,6.242444238646956,8.276805024610566,156,680,0,0
1531,6842,1839,8,12,11,299,46,0.15384615384615385,18,242.18476198152604,6.133205589551517,8.450235563150345,89,3796,0,0
2056,7723,1957,1,7,5,255,117,0.4588235294117647,18,337.61055786028044,6.542993624659043,7.621243484713208,150,3001,0,0
1623,5637,1881,9,6,6,206,112,0.5436893203883495,17,254.6510644110716,6.41759927025963,9.517477508401141,386,1991,0,0
218,8986,1815,24,18,3,87,29,0.3333333333333333,6,231.8631043257776,4.997400539393768,8.357651544857077,116,3001,0,0
3769,3508,1547,16,4,5,170,30,0.17647058823529413,8,276.071084375439,5.583893763240727,8.825322133079194,430,3417,0,0
109,2312,1493,18,15,7,55,33,0.6,0,236.68812339192712,5.231363941612697,7.233390577848411,94,1816,0,0
3819,7094,2991,13,18,3,185,27,0.14594594594594595,2,329.25943687742085,4.25296156857286,5.589005049363182,306,1342,0,0
1847,4919,1285,9,6,9,242,68,0.2809917355371901,11,334.9463077313379,5.025461380854181,7.990870812603689,337,2262,0,0
909,3389,602,21,15,13,86,57,0.6627906976744186,5,237.3975437682572,5.120205757908044,7.259907324876156,389,2160,0,0
3501,6371,320,6,19,7,223,109,0.48878923766816146,9,227.6460991524601,5.988588097529761,8.110874198410254,126,3938,0,0
4985,8489,3196,57,3,8,145,141,0.9724137931034482,110,76.89124648077332,12.581584966140655,16.39192111470135,944,5526,0,1
603,5911,623,24,19,13,222,115,0.5180180180180181,11,297.79687378821825,5.638652625472853,7.500146920864525,76,1314,0,0
3670,3476,3038,11,16,4,289,118,0.4083044982698962,10,224.76683129175962,8.101834187838161,11.1019552920425,94,3514,0,0
4489,7436,718,27,4,2,236,190,0.8050847457627118,110,89.85473664392046,10.55481729229601,14.867653546971827,1126,9955,1,1
1117,5857,2416,17,19,5,234,38,0.1623931623931624,13,323.8186689435554,1.4459499152397663,2.515811153567512,216,2498,0,0
4721,1431,2346,47,0,8,93,77,0.8279569892473119,74,74.99432527308733,5.951028278401991,9.81870528914344,1135,8657,1,1
3125,6562,3285,23,4,11,130,67,0.5153846153846153,18,287.89213778021553,7.4906611448177145,10.447639653316092,424,4433,0,0
343,2234,2232,24,2,1,237,80,0.33755274261603374,15,223.69188232262553,3.5357074777643867,6.823048353788992,367,2635,0,0
3167,3201,1175,21,6,5,74,59,0.7972972972972973,10,300.7023895472518,5.0253615306565935,6.738166132258147,195,1090,0,0
4454,6255,977,46,0,5,52,51,0.9807692307692307,35,64.82143826508906,10.947473781194917,17.469255251640398,503,5565,0,1
2113,8979,3037,19,1,13,244,100,0.4098360655737705,12,291.12451586028067,5.71238131257605,7.112642972222376,105,1649,0,0
2913,8815,905,20,2,4,233,86,0.36909871244635195,19,209.84038524364718,6.272622985968033,7.345381794097798,449,926,0,0
4265,1240,1078,22,4,9,54,49,0.9074074074074074,47,94.69819880601379,10.691042563948425,16.512231005743374,807,11498,1,1
4481,5748,878,51,2,9,234,205,0.8760683760683761,204,69.96849826508837,6.208755702297394,13.513146447758844,838,10914,1,1
1520,3781,1940,14,13,14,149,113,0.7583892617449665,8,247.45999407834427,4.95641785645319,8.433978159470085,441,4774,0,0
4320,5317,3168,34,0,4,177,167,0.943502824858757,134,70.33529230586862,9.14089738021211,15.197976401281574,1135,8944,1,1
2626,7725,1691,11,5,12,209,57,0.2727272727272727,6,261.5008368877479,5.8648512209291175,8.907783489008779,158,4496,0,0
213,2750,3434,24,18,13,199,57,0.2864321608040201,18,277.04346112406733,6.3847510547633135,9.903133783265615,222,3889,0,0
3948,2473,1293,19,14,3,258,90,0.3488372093023256,10,301.17877977841266,5.720139358389589,7.98273510693461,94,3326,0,0
4990,3385,2020,59,3,6,147,131,0.891156462585034,115,111.80121537699519,6.340280977833937,12.323460227242052,1063,6105,1,1
4708,7025,3078,38,1,2,202,176,0.8712871287128713,155,112.05130185329827,11.440505903144768,16.838354448320892,1270,8726,1,1
817,1258,3299,14,15,9,285,60,0.21052631578947367,5,238.10964812870301,5.966431287412317,7.523009213185475,227,4846,0,0
663,1329,2765,2,9,14,232,13,0.05603448275862069,10,246.9190977603864,6.729050306347616,9.707122468184147,218,1393,0,0
1714,1321,3446,9,17,6,205,69,0.33658536585365856,4,259.5461865877553,5.607145329737568,7.103704536552296,425,2436,0,0
2160,9151,2346,16,17,7,197,117,0.5939086294416244,7,180.92254705602807,3.888282934381146,6.268009700246628,140,575,0,0
4300,8456,3305,35,3,0,53,42,0.7924528301886793,35,53.46955454135189,7.674712084141499,11.770533826442517,987,10526,1,1
1564,9819,1779,7,9,2,170,56,0.32941176470588235,2,195.74131608321278,6.768807656316957,10.672070626436321,106,2953,0,0
1154,8614,1576,18,10,0,74,13,0.17567567567567569,11,231.19655961109407,5.42133476713746,8.50717147123969,134,2604,0,0
3151,3753,2601,6,1,12,105,92,0.8761904761904762,3,248.50282764711253,4.052533582726051,6.426263517281505,189,112,0,0
3316,6553,1054,0,15,0,277,112,0.4043321299638989,7,260.35102546954147,4.882531327002539,6.405847146611846,390,2365,0,0
4810,7343,3116,50,2,3,88,77,0.875,76,107.54234867016515,9.43303168800228,17.132523072292624,1354,10649,0,1
4741,2724,2425,47,4,1,126,105,0.8333333333333334,83,74.69862421993523,7.9768507810480465,13.57889163889264,1387,6115,1,1
3252,7973,676,1,7,14,78,33,0.4230769230769231,13,282.91734717991267,6.581652600865716,8.444925289300008,139,2480,0,0
1506,3781,772,18,9,12,228,19,0.08333333333333333,15,208.06711812397077,4.819091170864305,8.170841957403951,144,4368,0,0
3370,8598,970,3,19,10,203,79,0.3891625615763547,18,157.24925715239596,3.721159909730855,7.638073981611529,142,4376,0,0
1921,9361,1590,9,6,13,155,84,0.5419354838709678,12,257.1106431329035,5.7184756529854495,8.827797106283121,178,4904,0,0
1267,8496,3443,6,19,1,96,90,0.9375,14,337.9034680364412,6.060680660090051,7.668116352514191,303,1341,0,0
4295,7925,1370,24,1,0,214,172,0.8037383177570093,133,40.38260717575736,9.200536547498917,16.706179587867574,1456,9732,1,1
4148,8807,1828,37,3,1,129,120,0.9302325581395349,88,99.7011550431736,10.160552347933447,14.314252734536609,854,10070,0,1
958,5004,1816,18,12,1,90,61,0.6777777777777778,16,276.4591789808463,5.899581074745599,6.900136660631927,77,3800,0,0
3340,9497,3176,19,12,12,159,67,0.42138364779874216,6,218.00302155683625,5.643199680710303,8.495779519776743,459,246,0,0
3066,8092,1530,24,8,7,138,30,0.21739130434782608,4,158.9045055221613,5.262704342226152,9.222885860134717,57,2106,0,0
3081,9812,1764,0,10,12,81,41,0.5061728395061729,19,205.84724391958204,6.624176785112353,8.80993881056602,476,2131,0,0
1167,1653,399,18,14,11,185,75,0.40540540540540543,1,210.0896961820923,6.5185374276503945,8.798195990375314,306,3139,0,0
4600,9037,446,44,3,6,200,166,0.83,159,71.8456491363199,10.788329183176245,14.727599123942463,989,10274,1,1
1819,2470,2547,17,6,4,229,56,0.2445414847161572,18,247.30638104065252,5.481001132723523,6.852185397284939,415,3299,0,0
972,3163,1916,7,12,6,72,43,0.5972222222222222,19,213.56353036729888,4.653488155556389,7.1891945193652615,116,657,0,0
2947,6179,2433,6,13,7,248,89,0.3588709677419355,17,245.58396815276035,7.000401154816856,10.14601168747116,75,2518,0,0
3842,7062,457,13,15,9,147,66,0.4489795918367347,11,232.33960522402742,6.385376990516843,7.701679269619261,272,1059,0,0
1492,9335,1265,17,0,0,267,64,0.2397003745318352,15,277.3497862438818,6.827959478670963,8.036482868216543,487,2455,0,0
4349,9687,328,56,1,0,234,224,0.9572649572649573,158,84.69725615501531,11.459177815403994,16.417813182521357,1069,11160,1,1
178,5875,897,17,12,13,282,56,0.19858156028368795,7,268.62478548949997,7.099122335149375,8.640906129675278,273,4451,0,0
4502,9115,2552,50,0,9,197,165,0.8375634517766497,152,83.16955760273481,8.47670466620746,15.94982901025081,849,9007,0,1
4936,6537,1240,35,3,5,240,219,0.9125,119,65.93872394974022,11.890347517038071,18.688230923742285,953,8551,1,1
678,2725,820,19,16,13,138,108,0.782608695652174,0,242.1265068120529,4.405234135771892,7.893520747073831,154,246,0,0
3335,2421,831,21,14,4,196,69,0.3520408163265306,3,273.66165374461826,6.412147027016459,10.052628102203371,84,3495,0,0
3158,9778,1991,15,11,5,137,15,0.10948905109489052,10,190.61109041007043,6.267044128875277,8.635991856727891,221,2486,0,0
4087,2186,3289,28,3,7,176,161,0.9147727272727273,137,67.27003618872327,10.844813678186407,15.342544682031278,994,7483,1,1
740,1358,2639,10,16,11,131,84,0.6412213740458015,5,276.6815139506719,7.180925623008665,10.395979454372249,196,4454,0,0
664,4175,2868,17,18,7,219,67,0.3059360730593607,7,184.29146204475813,6.2933493236860585,7.450390858979998,277,4694,0,0
631,5050,3145,10,6,1,119,116,0.9747899159663865,18,266.02158964733826,5.584039209049868,8.260898929861,110,1727,0,0
1543,1553,1256,5,4,3,86,81,0.9418604651162791,5,302.6539906796058,5.846905639403201,7.905674318682506,456,2836,0,0
3628,5715,2400,4,7,3,133,43,0.3233082706766917,1,229.50951942208104,5.343866085355362,8.301309679300523,156,4531,0,0
536,5732,2368,6,3,13,299,60,0.20066889632107024,2,273.4287534976981,6.816546172184689,9.779207558271729,407,3140,0,0
3843,3007,3164,6,9,12,82,30,0.36585365853658536,8,178.36991814568012,6.852271138229763,10.824788519757401,157,4996,0,0
3206,7810,3226,2,12,11,174,35,0.20114942528735633,17,205.12413952750973,5.62979141939259,8.345839843845482,394,2098,0,0
1379,8476,2996,21,17,1,140,66,0.4714285714285714,14,299.1135617685808,5.495528330570593,8.910814838442862,359,3674,0,0
3474,2565,2890,0,2,9,74,66,0.8918918918918919,1,265.242263204397,6.2489718125905895,9.832134626356353,328,1850,0,0
3314,4728,2341,2,9,4,224,62,0.2767857142857143,13,248.9742083433154,4.345899674866797,5.4229021230906955,445,1633,0,0
3219,6745,1049,14,12,2,258,108,0.4186046511627907,12,200.8351030310073,5.15758263511626,6.65376810903912,147,2844,0,0
3025,6076,1707,1,13,9,96,91,0.9479166666666666,4,204.96180266139692,4.81945998633615,7.662832417148952,487,2831,0,0
2210,4812,2690,21,15,1,197,107,0.5431472081218274,15,311.41638552722304,4.862974390127139,7.817930873579288,488,3706,0,0
3157,2119,396,22,6,9,170,68,0.4,9,195.80825706423704,5.902710201531397,9.187500081840346,212,882,0,0
2079,3404,1302,23,16,0,284,40,0.14084507042253522,1,223.81572336615528,6.231672326620911,9.885836144887776,442,2290,0,0
4759,1896,396,56,0,8,248,219,0.8830645161290323,166,92.96429963177073,11.964852328812462,15.216824947850464,1087,4140,0,1
3934,3809,3284,21,8,9,157,29,0.18471337579617833,19,233.69271763511284,4.764074010329944,8.254724659181527,396,4160,0,0
316,3565,831,7,3,14,253,66,0.2608695652173913,19,219.66498526173515,5.711283692279473,7.837690477678974,94,2482,0,0
4475,8977,2243,45,2,7,62,61,0.9838709677419355,56,70.78766067823963,9.969023543942964,13.428993693352234,1386,7667,1,1
4684,7126,1340,36,1,9,60,49,0.8166666666666667,29,70.24752927967843,10.503526535817738,15.45139946170611,1253,11903,1,1
927,7596,3031,12,9,2,52,47,0.9038461538461539,7,249.28402786421134,5.082491926484968,7.585634059868223,251,1061,0,0
786,5677,1726,15,18,1,220,119,0.5409090909090909,16,133.68192201304012,5.141544493163189,7.231111864311864,232,3010,0,0
1991,1552,984,13,2,1,144,118,0.8194444444444444,8,237.02659500060489,4.001175221093211,7.656368873843213,59,4732,0,0
3138,6382,2521,24,9,14,193,67,0.3471502590673575,13,245.15851265175354,5.056028349470325,8.560050714511416,235,2284,0,0
1399,5626,2096,14,8,0,194,20,0.10309278350515463,10,299.8574119471737,5.162053232931044,6.824527980564492,380,4107,0,0
877,4648,2139,24,12,11,119,78,0.6554621848739496,17,375.3747618929417,7.239697407120067,9.622798111413504,370,4094,0,0
4040,2146,1964,36,1,7,126,115,0.9126984126984127,82,52.44042760314302,9.62720586921092,17.341371029732095,1043,11415,0,1
3515,8889,3404,0,18,2,68,28,0.4117647058823529,19,320.5345215569835,6.9592830454121986,9.512563655622408,343,3807,0,0
3753,8313,1287,1,14,8,59,45,0.7627118644067796,14,271.980376713609,5.105863875953843,8.145871650549147,297,4902,0,0
74,4756,2897,18,18,3,179,36,0.2011173184357542,3,285.9049274125842,7.067594420878968,10.547990904306204,303,3019,0,0
3394,9558,2831,23,4,6,179,84,0.4692737430167598,5,257.98358678526586,5.501814529134792,7.62934356289308,495,2068,0,0
2082,7436,3015,1,4,6,70,42,0.6,18,316.5225835781158,5.351117203979117,8.529725566896417,84,323,0,0
1734,4774,1091,9,7,9,96,10,0.10416666666666667,9,225.81096214152237,5.5283394848868825,6.70313242551004,225,4604,0,0
3779,3429,682,15,6,2,203,96,0.4729064039408867,9,256.92285193069904,5.274093575224445,8.579290040639059,169,3097,0,0
3281,3923,1138,21,9,14,202,94,0.46534653465346537,14,233.57328137196558,4.642654532057955,5.671854122181715,152,1391,0,0
382,5933,1129,1,15,1,112,45,0.4017857142857143,4,265.6882961654194,6.710690573755903,8.723287971407359,83,3598,0,0
2156,8506,3369,22,17,0,189,76,0.4021164021164021,4,245.96918473695928,5.758840708126915,7.746701629647042,304,1705,0,0
2807,7594,3299,24,1,13,179,38,0.2122905027932961,0,219.69654104518017,4.380210124664552,6.065926355628283,418,4656,0,0
3299,1163,3195,6,0,1,129,60,0.46511627906976744,0,316.43734194424525,7.777128758759234,11.398946617358977,390,1061,0,0
3517,8577,1805,6,16,0,204,33,0.16176470588235295,0,190.14212896539894,4.805493149529324,6.232107982000224,376,989,0,0
4181,3907,3186,53,3,4,121,119,0.9834710743801653,60,86.266942549868,7.674850068932775,13.396101496504084,1257,6843,1,1
523,3064,717,8,18,11,245,80,0.32653061224489793,6,227.11833753311925,5.685688580418739,8.474116529068429,363,3350,0,0
3712,1016,3000,19,6,3,118,53,0.4491525423728814,15,295.91030632599734,3.543886385045078,4.761914233356595,339,4296,0,0
3655,9961,2586,23,19,4,93,44,0.4731182795698925,6,264.1867875427163,5.256325172829344,8.967394519909003,353,2637,0,0
1542,1356,2882,0,1,10,221,96,0.4343891402714932,15,280.53401121062313,5.848196853017979,6.863834408448754,65,2128,0,0
2289,7574,627,1,0,14,214,12,0.056074766355140186,1,254.54439734266978,3.9210345805447147,7.107402150857178,129,4839,0,0
4737,2129,654,51,1,1,163,131,0.803680981595092,75,86.30319155343572,9.22488516532223,14.413948188213995,1125,10237,1,1
4306,4418,1305,21,1,6,202,179,0.8861386138613861,146,82.98697231232232,8.98633797516403,13.090249877575722,1243,7943,1,1
2903,9197,1196,12,19,3,190,86,0.45263157894736844,4,220.97092435639553,5.273079813753293,6.47067778725472,101,4666,0,0
2437,6566,554,22,13,1,87,61,0.7011494252873564,8,244.14054829677306,3.474963685490256,7.312097780441231,204,204,0,0
528,3581,792,22,2,2,160,116,0.725,11,296.5967271158155,6.596652268766096,10.558757685702696,346,2840,0,0
1605,9345,380,24,12,6,188,61,0.324468085106383,18,229.3834011650472,4.539972514815208,7.333204782327857,346,2523,0,0
4622,8826,1765,38,2,6,205,190,0.926829268292683,125,66.89498330325718,10.175392971695109,15.069539525987452,814,9829,0,1
2860,6534,943,4,19,14,216,87,0.4027777777777778,19,255.12143320390044,6.027354746752363,7.222470125915943,438,1564,0,0
2687,3177,2616,0,4,4,220,31,0.1409090909090909,13,328.11221053191457,5.342438044446222,8.929180152120741,362,2152,0,0
3383,9116,2770,12,14,7,196,60,0.30612244897959184,10,348.69729507111765,5.803471456705841,7.179149255505542,143,4208,0,0
1432,7839,494,15,19,6,128,26,0.203125,15,330.5003575427064,4.57649937708678,8.251874511536254,65,1864,0,0
579,5868,996,11,15,8,62,28,0.45161290322580644,18,312.96735640372196,6.186247973331943,8.941040655268107,408,1328,0,0
4086,9646,2326,58,0,4,100,94,0.94,81,56.68513894378076,6.781464075991841,13.235876602224632,794,5721,1,1
2386,2482,1744,21,1,13,56,39,0.6964285714285714,3,235.8415146061897,6.438575366409212,9.746325906877297,254,2224,0,0
333,2135,1244,10,14,11,210,68,0.3238095238095238,7,200.9869411851245,8.561946965406218,10.767608565078408,371,904,0,0
1365,7610,734,1,9,14,64,60,0.9375,18,302.2249016350946,6.70316408211207,8.863889155165118,292,2469,0,0
615,9856,1803,12,4,9,126,94,0.746031746031746,10,302.1530688647406,6.86240193543841,10.538578516067492,376,521,0,0
2468,4302,1237,0,10,10,113,18,0.1592920353982301,2,170.38136105691973,6.942134262708794,8.24716495200177,53,3947,0,0
3660,6617,1035,24,7,10,176,14,0.07954545454545454,9,229.88797756354532,4.801965591318093,8.72825187631501,326,1645,0,0
2964,8004,2223,7,19,14,249,35,0.14056224899598393,7,296.382474435481,5.617997576144064,9.260627485598775,331,4532,0,0
1032,3840,2637,14,14,1,277,13,0.04693140794223827,9,252.6341227155041,3.9265028759855696,7.5899572208805655,172,2363,0,0
1163,9081,3026,2,17,7,220,21,0.09545454545454546,5,262.2486595125211,5.57100961024848,6.775807207814983,391,726,0,0
1583,6363,1857,3,13,3,143,30,0.2097902097902098,19,301.4719956371976,5.374722362887419,9.062525851763125,281,1141,0,0
2778,3728,1897,22,3,7,263,40,0.1520912547528517,17,261.242469435265,4.770026604923286,6.952419151241166,497,3362,0,0
2285,5223,442,10,12,5,146,108,0.7397260273972602,9,251.68249792677656,5.88192167000301,7.609329399912182,254,1471,0,0
387,4178,858,10,3,6,137,10,0.072992700729927,9,166.5355326563008,5.659876634014178,8.072726810331721,397,420,0,0
3571,3711,1901,10,13,1,241,116,0.48132780082987553,1,217.883930019402,6.111948567246543,10.007465539536993,451,4536,0,0
3638,5928,1345,12,15,13,293,53,0.18088737201365188,12,250.10651362658274,7.318577903134121,9.138198567826308,104,2047,0,0
1370,2389,2166,24,17,10,228,22,0.09649122807017543,5,193.7429396764222,5.575905105642486,8.271343017313317,453,124,0,0
2651,4960,658,24,9,8,259,66,0.2548262548262548,15,260.67781613006565,5.5446679336250835,7.493595498574637,98,3113,0,0
4296,7896,900,44,3,2,52,48,0.9230769230769231,37,96.56485152963373,11.37262740263745,17.972292821051063,893,11706,1,1
3232,8894,1889,12,1,2,228,24,0.10526315789473684,13,230.1830538752016,6.642407597295206,8.687797595313501,274,4579,0,0
3682,3179,542,1,12,14,226,61,0.26991150442477874,14,302.2348584184071,3.111025925647263,4.809277044297762,259,4635,0,0
2448,5908,1830,7,5,12,112,67,0.5982142857142857,7,209.07276051040972,6.227179315803558,10.044816795673434,264,2049,0,0
2780,6489,1042,23,14,6,188,33,0.17553191489361702,13,232.84428663809342,6.198702393203567,8.894069246225431,436,4326,0,0
1385,6247,2454,14,18,14,85,63,0.7411764705882353,2,225.98782400754413,6.889863702350658,10.742799006281938,470,195,0,0
3172,2686,2189,9,5,9,166,107,0.6445783132530121,14,308.21043945282054,5.170330702665624,7.284920960226367,429,3232,0,0
1674,9638,1823,13,7,6,147,17,0.11564625850340136,5,238.5690103245601,7.590768160091921,9.647611402209318,137,3279,0,0
1586,9968,978,12,12,10,222,101,0.45495495495495497,9,304.5236084528497,6.544980495133194,9.593076009460704,214,471,0,0
1158,4857,1526,0,10,8,97,18,0.18556701030927836,10,310.8222991748742,4.487425569185679,7.5146613346782285,422,3151,0,0
1527,6566,719,15,0,10,67,63,0.9402985074626866,9,265.44481466346485,5.888506323859433,8.61243253572495,310,3294,0,0
1490,6758,1164,21,2,9,218,107,0.4908256880733945,19,295.86553992354,3.545147920868855,5.258920407603806,194,985,0,0
650,2667,2740,12,12,1,86,13,0.1511627906976744,12,304.2099122021771,5.710303040221995,8.141632493303774,370,4792,0,0
2497,7544,2383,21,16,11,105,19,0.18095238095238095,9,225.15376299140493,4.253474919783402,6.93457295277165,110,2552,0,0
2141,3392,384,24,1,5,184,104,0.5652173913043478,4,237.78414806801754,7.008336098057729,9.898555547640576,168,4960,0,0
3386,3886,1605,5,5,5,213,49,0.2300469483568075,3,230.09470139963312,4.919301394090581,7.005565448201207,65,3687,0,0
4920,9908,1614,47,3,1,58,57,0.9827586206896551,51,70.64986610576595,10.898865378180732,14.053191848204516,618,4570,1,1
1793,6424,3439,13,13,12,240,93,0.3875,12,250.04852004126596,3.8960607635092668,7.297589700896331,483,1166,0,0
2898,5125,3080,5,14,2,156,47,0.30128205128205127,10,203.686716436836,6.072805127027169,8.603824406279587,57,1338,0,0
1014,6413,2768,17,19,12,153,24,0.1568627450980392,15,219.64847081520276,6.593108014466117,7.602630909019627,195,986,0,0
4678,2530,3275,46,4,8,247,215,0.8704453441295547,147,66.82918237639508,9.519430382669748,12.661024882261358,1021,8998,1,1
706,1382,943,10,2,8,66,54,0.8181818181818182,5,342.5527088424883,5.238299006184164,9.060219003742505,86,1748,0,0
2646,4676,833,1,0,3,262,112,0.42748091603053434,2,234.94611374424932,4.945140310339757,6.502592682236141,142,2420,0,0
4408,2787,929,36,2,1,186,161,0.8655913978494624,91,77.15137326411781,8.460183134406655,13.066934537436332,1413,10731,0,1
345,4258,371,5,2,11,279,72,0.25806451612903225,2,272.09930031975153,5.069614523602984,6.926737226585654,471,2394,0,0
2925,5888,3394,23,19,13,211,17,0.08056872037914692,3,237.31207697105998,5.562234335465138,7.209760043037301,410,103,0,0
1406,6088,1593,17,17,12,190,36,0.18947368421052632,13,130.86188239634674,4.39867337123029,7.73668216718875,66,4419,0,0
423,3226,1203,14,8,7,105,36,0.34285714285714286,19,232.42139606999365,5.558587137542353,9.524207098679472,372,3069,0,0
1845,5125,881,17,13,1,72,14,0.19444444444444445,12,261.0438113043263,6.206708470202309,9.736259350174363,486,4267,0,0
253,6904,1323,24,8,4,245,56,0.22857142857142856,19,280.7885574885571,6.703884437168816,7.848442474348705,150,2687,0,0
4763,2611,3527,20,1,0,228,205,0.8991228070175439,137,105.35358532482603,9.69173934932288,17.370448293303546,831,6875,1,1
2053,3157,1223,7,8,6,216,82,0.37962962962962965,18,282.79802760706866,5.498428192626806,9.32153110399544,259,4500,0,0
1948,1964,1917,22,4,3,136,112,0.8235294117647058,7,248.57367709451276,4.1934063935436905,7.257517794203077,421,561,0,0
4794,7043,820,39,4,8,215,195,0.9069767441860465,192,86.39362853737283,10.356770826656021,16.49783016436811,1415,10657,0,1
1316,4323,1244,11,15,2,239,11,0.04602510460251046,1,252.06374696715196,5.515398121111137,6.947887901634122,214,4653,0,0
771,7364,1564,23,19,3,66,35,0.5303030303030303,12,263.62772067596364,4.861475612045582,6.030925884056028,127,4967,0,0
2669,9047,1864,24,15,0,88,51,0.5795454545454546,6,267.4516557857631,4.885795028252531,6.321425210086365,161,1147,0,0
2341,5751,3237,2,10,14,125,95,0.76,15,295.3271913300511,6.992308526125729,8.050374053618286,390,2771,0,0
1842,7180,341,9,3,6,237,90,0.379746835443038,13,200.50423434882256,5.289511969462967,6.602345242957606,166,1841,0,0
168,8758,2320,22,6,4,198,19,0.09595959595959595,0,296.76190806998136,5.006229422251501,7.894125840283709,230,2485,0,0
4070,7595,845,33,4,0,77,74,0.961038961038961,48,82.60145012134276,8.685684122720179,15.862925068276809,613,6561,0,1
3243,9256,522,5,5,8,171,27,0.15789473684210525,9,215.57908618552668,5.105678740916259,7.577308209386427,114,1550,0,0
4635,8141,1331,27,3,7,196,179,0.9132653061224489,158,69.51119659558944,9.99051057546536,14.42394288167841,1041,8815,1,1
2377,5361,439,4,10,2,255,89,0.34901960784313724,7,305.4706991074584,6.116074445091739,9.041952081006633,200,4184,0,0
1895,1855,2054,5,14,14,65,29,0.4461538461538462,13,206.0470954000855,6.345889640233029,10.036169783349905,246,3547,0,0
1574,4624,1691,22,15,6,93,44,0.4731182795698925,4,270.0232227774672,5.828609191903709,9.366575824065404,388,4564,0,0
2076,8529,2680,20,10,9,181,82,0.4530386740331492,11,210.74496750627486,6.743680659348696,9.98826183865418,409,2139,0,0
2433,8448,2315,12,6,9,246,92,0.37398373983739835,13,242.99984506342642,6.877209807148872,10.048323085049963,195,1186,0,0
3664,9714,1246,4,12,5,243,105,0.43209876543209874,2,161.2120855096873,5.8715639063567995,8.73993224886632,173,1004,0,0
4879,6571,1812,50,0,4,104,93,0.8942307692307693,67,81.38569114598846,6.586108311389457,13.292498194714359,940,7074,1,1
4194,2200,2115,24,1,8,162,147,0.9074074074074074,145,59.493408984638975,7.622794156457909,10.815833624442615,1355,10814,0,1
314,4904,1261,15,8,2,142,95,0.6690140845070423,11,304.8234616905442,4.874322712503788,7.228205051591552,388,758,0,0
1175,4797,1508,4,16,2,164,62,0.3780487804878049,18,260.5364804209169,6.141870777429025,9.604218124947737,474,4328,0,0
4266,5482,1352,27,4,4,158,144,0.9113924050632911,125,90.3840320373036,9.780572293323074,14.52131903155789,1177,5866,0,1
233,3309,2343,20,9,4,108,24,0.2222222222222222,4,245.32829645415003,5.728982425061078,9.394193441987122,245,885,0,0
154,7764,1007,7,4,0,287,45,0.156794425087108,3,220.9159543025678,4.485243269307134,6.165212475988097,474,3146,0,0
3667,2604,1404,22,17,1,166,57,0.3433734939759036,14,210.24169732624264,5.6496475562182535,6.74391348838509,319,4666,0,0
1891,5474,943,12,9,1,188,17,0.09042553191489362,11,334.6620870830177,4.945152770423323,6.34321860590086,120,672,0,0
1271,8615,1480,1,9,12,158,35,0.22151898734177214,17,125.44192959242699,6.716723492497946,8.878723755068023,201,481,0,0
303,9003,2332,0,2,13,269,88,0.3271375464684015,5,187.1746552860372,6.313205186747977,7.791681974372052,462,744,0,0
3554,7978,1651,17,12,13,281,95,0.33807829181494664,0,248.3051283191253,5.45316981253891,9.428864456126105,363,1397,0,0
1441,1141,1822,21,12,2,127,75,0.5905511811023622,17,278.9530786347335,5.967090943993575,8.067696126852262,205,2663,0,0
230,2635,2110,23,6,1,173,42,0.24277456647398843,4,229.7891494013195,5.6294112582755975,8.915131718672843,96,3319,0,0
4551,2271,2897,59,4,5,93,80,0.8602150537634409,79,87.82447660966088,7.751741824491523,12.627605709132812,1108,10982,1,1
1125,1827,556,20,8,13,285,40,0.14035087719298245,12,246.55450118045044,5.338373251538105,8.425780196015445,258,4926,0,0
4001,1250,625,26,4,5,153,150,0.9803921568627451,104,69.57282509070595,9.836655378343533,15.10658000071611,1220,4022,0,1
1240,6691,458,14,18,8,123,58,0.4715447154471545,3,241.6520584673525,4.336421100000983,6.171897110073143,434,2968,0,0
2586,6217,3524,3,8,13,275,103,0.37454545454545457,13,250.6216123805281,4.697165157005945,8.038954635687986,472,1471,0,0
1811,8668,3498,6,0,6,261,109,0.41762452107279696,18,301.23275951422175,6.645324265698895,9.191884013442024,159,1450,0,0
4473,2164,3313,30,0,2,242,231,0.9545454545454546,180,66.23477104953407,10.670018002314334,17.479770969851742,1346,9877,1,1
279,7680,2122,18,13,8,161,36,0.2236024844720497,15,322.986593751897,3.7798974490521817,6.762940211794143,108,4186,0,0
1801,7100,1467,17,19,7,85,63,0.7411764705882353,18,223.66428034783394,5.325849492874442,7.725786895128569,148,4914,0,0
618,7755,701,11,11,6,139,40,0.28776978417266186,16,231.103831985743,4.751355297484682,8.409121640814957,145,3274,0,0
1294,5193,2039,6,5,11,96,90,0.9375,18,209.66147739987406,5.422517225668114,9.301697739784998,218,4882,0,0
4576,4414,3190,46,1,3,150,142,0.9466666666666667,85,41.16660069868796,8.895203422410036,15.229558748442743,1060,6374,1,1
4841,1772,1201,39,1,9,244,196,0.8032786885245902,137,22.152377304363768,9.77046008054012,16.053527934598208,1175,11975,1,1
2558,6635,2009,22,1,7,233,94,0.4034334763948498,4,208.2742572213929,4.773007007381583,6.249454695902287,185,2982,0,0
3802,9406,945,3,19,4,213,51,0.23943661971830985,13,325.26418523792165,5.22792942418632,6.813735887288599,327,3730,0,0
2633,1774,2543,22,18,5,87,80,0.9195402298850575,0,321.1070905774044,5.114284630961592,6.210855080511497,94,675,0,0
3799,4114,2654,17,8,4,205,38,0.18536585365853658,10,173.25724212289586,6.951061537977051,8.919233320602064,239,4088,0,0
2789,1456,876,9,6,9,227,10,0.04405286343612335,8,227.01509287630398,5.259743160165578,7.06435721673308,158,1331,0,0
1838,5723,1183,19,0,2,134,117,0.8731343283582089,7,290.4966507558386,4.39633072903281,7.509120589493847,458,1371,0,0
3882,1852,2307,13,5,2,220,67,0.30454545454545456,14,248.31197905955602,5.281132711225163,9.061741846259908,244,583,0,0
4962,7587,791,41,3,8,154,140,0.9090909090909091,118,83.96015474474544,7.943080911572147,15.848513386530467,502,11093,1,1
2309,3516,488,11,7,10,144,109,0.7569444444444444,9,195.58649702633124,7.670256717053588,8.788700601373742,365,3654,0,0
3481,3410,2121,2,4,11,272,52,0.19117647058823528,14,267.85793869705793,4.791300635771727,6.507623892718508,75,3651,0,0
1900,9313,2207,0,1,13,175,107,0.6114285714285714,12,304.4639116847657,3.576407142769366,7.27754032941216,229,1493,0,0
2023,5101,2564,13,11,12,133,105,0.7894736842105263,3,210.60681105060866,3.1878662050615834,5.092918786084949,263,1984,0,0
2572,2431,1671,21,4,3,102,73,0.7156862745098039,11,295.01028267252474,4.025617130681852,7.204294244763524,256,649,0,0
3165,3353,344,4,4,1,273,68,0.2490842490842491,5,211.93703794337534,5.488856072394249,8.406517413044856,348,4216,0,0
725,6640,388,0,1,2,74,34,0.4594594594594595,13,326.41602930341855,4.994925611589642,8.87892950517406,66,991,0,0
3847,9381,1723,19,13,5,259,108,0.416988416988417,13,281.88060424273795,5.269238165603783,6.800075027540562,482,2722,0,0
2684,9884,846,20,12,12,258,34,0.13178294573643412,17,256.7801614194254,6.438471579293574,9.484493393008169,308,594,0,0
3109,9167,583,18,0,7,178,118,0.6629213483146067,17,297.7294920255168,4.652265770173771,8.149528336447899,391,502,0,0
4938,8448,1599,20,2,1,84,77,0.9166666666666666,55,55.740910075978505,9.869392990110061,15.052923568913918,1184,10067,1,1
626,5784,610,12,9,6,162,21,0.12962962962962962,13,220.61222237501727,4.11784403072453,6.448948371813534,165,4731,0,0
2467,2728,2633,18,6,1,66,35,0.5303030303030303,5,169.41074682563993,5.6569686270487605,7.277174543973482,475,747,0,0
710,5865,346,0,13,10,227,84,0.3700440528634361,0,315.11723616978276,4.6110396739623765,5.85130820297586,225,1249,0,0
808,7635,3379,0,3,2,87,68,0.7816091954022989,11,217.2733214500845,3.4504854838116747,4.851032137870133,357,2146,0,0
1048,7642,2060,2,19,5,67,38,0.5671641791044776,15,271.57791846429905,4.1568017803230735,7.424555524198486,169,1959,0,0
599,4793,585,23,7,9,255,91,0.3568627450980392,12,196.70054432305355,6.300157962585735,10.095135711862792,354,1477,0,0
421,2231,3284,23,16,8,159,81,0.5094339622641509,17,245.43002212454428,5.419121502134539,6.788972840031379,417,4017,0,0
3755,1654,3554,4,0,5,194,15,0.07731958762886598,13,238.67361032182978,6.026004670430768,8.72840165274047,125,2876,0,0
3710,2308,1561,7,10,12,235,107,0.4553191489361702,4,197.6295974791974,6.53814669602009,10.397017842719718,472,3119,0,0
3338,6418,903,10,6,4,96,94,0.9791666666666666,19,270.4192601268312,8.185781600910657,12.112861807912681,370,1816,0,0
2643,3612,964,5,13,8,114,57,0.5,10,198.4592361274967,5.1612569882285895,6.294446665737489,159,3595,0,0
3354,8593,2406,11,12,1,158,34,0.21518987341772153,2,261.9364164178038,6.0460577375638245,9.570647163113112,416,1601,0,0
2979,5738,2890,16,4,5,145,29,0.2,16,277.6188596504672,5.215030491211811,6.749686788877624,109,3779,0,0
1438,1059,2674,3,0,10,270,95,0.35185185185185186,7,162.96047956854989,5.853164294881227,8.506150144916989,415,3506,0,0
1431,5272,2862,20,6,14,147,11,0.07482993197278912,3,221.4132088625333,7.262473164869612,9.515681748404301,244,4691,0,0
3179,9388,783,6,1,3,166,19,0.1144578313253012,3,224.8511455647448,5.155629592371393,7.211582322113372,474,4782,0,0
4786,8052,2597,36,0,0,191,161,0.8429319371727748,154,110.94504741200835,11.303144359754805,15.890866591081974,1212,8601,0,1
2088,2655,785,3,1,6,218,111,0.5091743119266054,9,199.69460542508457,6.877862747358404,9.033637587677186,437,3389,0,0
3627,2075,901,4,11,6,271,38,0.14022140221402213,12,164.1600586435072,6.610365567982514,10.421917504695944,286,1799,0,0
467,3728,3381,2,17,10,200,80,0.4,6,262.3905639757263,6.7831403052980805,9.797358523229292,55,3274,0,0
4694,5752,2182,55,0,0,182,170,0.9340659340659341,140,53.77570014465785,12.037163609210925,15.375362646605463,1450,10413,1,1
2090,4517,3406,7,10,8,244,112,0.45901639344262296,8,346.5321001231239,6.526175966860372,8.088613959356131,74,4060,0,0
312,5927,492,6,16,6,110,38,0.34545454545454546,12,292.92255583283327,5.265379430042586,6.878328580239497,354,920,0,0
688,4873,3328,14,5,13,273,44,0.16117216117216118,12,238.80138317782223,5.011321109700942,7.9782093460438945,461,4930,0,0
3191,4486,2178,4,1,13,211,85,0.4028436018957346,11,311.11967188252873,7.120932785333117,9.874393261486697,361,4874,0,0
1364,5901,1396,10,14,9,257,92,0.35797665369649806,8,228.8892707542204,5.2308501642605405,8.539698696324855,315,2082,0,0
3665,8895,1050,10,17,3,82,33,0.4024390243902439,6,269.71570718853985,4.878390773537798,8.707337048100733,94,954,0,0
4529,2393,496,20,4,2,108,88,0.8148148148148148,73,67.8318270115969,9.92416981512078,14.07171152265069,1123,4740,1,1
3676,8424,2672,20,10,4,175,100,0.5714285714285714,2,333.10837800183674,5.566921052529844,7.009761687622813,115,4690,0,0
1270,5329,1568,19,14,3,183,15,0.08196721311475409,8,367.4554279012516,6.449889068249292,9.080357441375194,363,3924,0,0
3928,3816,3461,2,18,1,72,47,0.6527777777777778,16,254.47192363605558,4.794225348631593,6.722588023863383,151,4850,0,0
322,7859,2409,10,14,0,187,53,0.28342245989304815,1,241.71144011992726,4.41825251270116,6.770581364360251,367,483,0,0
2146,4625,837,22,15,11,218,12,0.05504587155963303,0,303.4250993388814,5.332998619644847,8.16676213891312,493,4219,0,0
1640,7153,3058,1,15,13,261,89,0.34099616858237547,17,197.42262208299195,4.5222455989579515,8.192139421460679,290,2704,0,0
2412,4480,3466,7,5,5,255,87,0.3411764705882353,6,256.0184883138409,4.266630518289873,8.179366729378168,477,4670,0,0
1784,9743,359,11,14,14,273,33,0.12087912087912088,18,165.89663581511073,6.816099451850482,8.940942603566473,378,1877,0,0
996,6069,1225,24,2,4,217,34,0.15668202764976957,5,310.20600378985927,6.182791286121128,7.6529191734098845,312,2625,0,0
433,6622,2776,0,18,1,166,108,0.6506024096385542,16,205.5275625380226,5.1715170285894665,6.932355341168591,50,4348,0,0
1788,1049,2004,19,11,3,251,67,0.26693227091633465,7,205.6958855885416,4.370655565201265,8.131641295082382,314,2151,0,0
360,8279,3551,22,3,10,157,56,0.35668789808917195,17,344.82062028863913,5.719784323424461,7.9523555989459505,187,4540,0,0
4317,8555,3575,42,4,6,193,191,0.9896373056994818,114,103.3614612872654,10.572711588105175,14.507708365759353,505,10433,1,1
2824,3747,357,2,18,1,188,19,0.10106382978723404,16,230.34927834307064,3.7133247146596204,6.989435213822238,92,3389,0,0
1884,6496,2703,12,18,9,242,94,0.3884297520661157,12,207.41535877893756,5.299427167108268,9.225898662101436,92,1535,0,0
2531,6755,2255,12,10,14,110,21,0.19090909090909092,10,259.726852904972,5.644719574678459,8.840905865886482,179,672,0,0
4260,5758,706,38,0,2,169,146,0.863905325443787,85,93.2314835641758,7.530310697228798,12.604421527235232,1374,4792,0,1
703,1045,2049,0,15,10,219,24,0.1095890410958904,19,255.36039810200668,5.181153644505269,7.509361427624643,137,812,0,0
1330,4044,1575,20,16,9,204,10,0.049019607843137254,8,315.79109200081115,6.146743935418645,9.776200774680742,461,4821,0,0
85,9356,1214,13,15,1,231,94,0.4069264069264069,6,318.15765510533527,6.269919558529663,9.814303844930315,161,3552,0,0
1659,7783,988,18,5,3,279,11,0.03942652329749104,6,198.99223887365565,4.784574479423255,6.423352330871058,185,1045,0,0
4228,7243,1878,20,1,4,194,164,0.845360824742268,162,122.82107069452209,9.152094509046567,16.957414857837158,1248,6138,1,1
3439,6305,3011,9,15,1,210,76,0.3619047619047619,16,300.6270109213194,5.05077825001546,6.368716489830042,396,3774,0,0
1710,9066,607,10,2,9,275,79,0.2872727272727273,0,287.04523165255637,6.484734685751206,7.841443738785186,259,1463,0,0
2622,9460,2125,13,16,8,114,47,0.41228070175438597,12,303.8708249426087,6.7153259704764565,9.117211686361806,383,1767,0,0
4332,1757,1700,57,4,5,210,190,0.9047619047619048,153,93.80572773179051,7.331551395029711,13.095393171364728,582,11966,0,1
1656,7501,498,21,18,14,151,39,0.2582781456953642,19,217.80639944458238,6.611145215204463,10.105781209232852,384,689,0,0
2348,5895,2302,7,19,10,110,34,0.3090909090909091,13,173.34127023188327,3.758430349748875,5.759889055406679,50,3075,0,0
1758,1717,3228,0,6,3,131,77,0.5877862595419847,12,181.5529721648403,5.818126862373696,7.69656542768805,345,3036,0,0
2358,8964,1300,17,17,5,85,36,0.4235294117647059,8,237.39224394210885,6.9540400449027695,8.740003835481982,172,1056,0,0
4326,5065,3445,24,2,2,113,106,0.9380530973451328,67,103.50883797999035,10.438663167293505,15.799841398249226,520,7758,1,1
318,7239,1459,10,1,13,140,39,0.2785714285714286,16,322.30973327476966,4.111108445826921,5.397223252646096,256,2055,0,0
1883,1832,482,4,11,6,180,83,0.46111111111111114,0,254.6770360496749,5.31759061653788,7.326570453529314,267,4374,0,0
4695,6461,2049,20,2,6,189,158,0.8359788359788359,121,50.52155135435702,12.0494980331116,17.71282097012972,722,9329,1,1
1786,5166,2381,1,11,8,138,103,0.7463768115942029,19,229.09836526574307,4.627582847380619,6.953665672671891,141,3440,0,0
173,5940,2887,10,0,12,249,96,0.3855421686746988,18,182.64368552351516,4.528385961489349,6.577495650726897,448,2646,0,0
3039,5014,1752,15,2,0,256,31,0.12109375,11,302.6345680094671,5.636097012628966,7.67882462096293,90,1016,0,0
1626,2289,3367,3,14,3,101,24,0.2376237623762376,10,275.2025168867631,6.267475917814185,7.661031229576581,360,3218,0,0
4637,4638,3112,23,2,7,92,81,0.8804347826086957,70,71.72876324857256,8.517152133342261,16.28979390997023,832,5611,1,1
4617,9531,747,35,1,8,93,90,0.967741935483871,66,96.61407103061481,10.021419407211528,16.685484697852928,822,11721,1,1
3302,3177,1624,18,15,3,124,17,0.13709677419354838,13,187.463385579948,5.870877903455671,9.32612240156614,276,2520,0,0
2736,1311,867,15,12,7,175,68,0.38857142857142857,17,161.3322982696264,6.791997626126056,10.041299603678569,85,4267,0,0
3413,4665,1708,9,5,1,118,92,0.7796610169491526,14,327.76875436444516,5.119069366958552,6.611771380507369,431,476,0,0
2288,2366,3318,24,16,11,172,117,0.6802325581395349,15,260.37893775217714,4.507831408570732,8.237634752396094,279,1021,0,0
2049,3242,2577,14,8,3,120,23,0.19166666666666668,10,227.86414652339124,5.738558070639547,6.803480140563301,412,1764,0,0
3909,9091,3478,17,3,14,138,61,0.4420289855072464,1,221.10397852873467,7.146711046807593,9.20675462442357,488,300,0,0
4304,6975,3155,58,2,0,184,158,0.8586956521739131,127,69.39332039503476,7.846403620589369,12.151807003737344,1155,4863,1,1
2181,5993,1528,11,5,4,54,29,0.5370370370370371,5,247.6228280865822,6.698314108176315,9.54924895077809,469,2142,0,0
4571,8761,667,42,4,8,59,51,0.864406779661017,25,83.54011282350247,10.524565695288565,14.844217474699283,517,9466,0,1
529,8435,1439,0,7,5,62,19,0.3064516129032258,15,256.5257806502048,3.791481496769279,6.958129792790218,166,2029,0,0
4792,1815,776,46,2,2,229,215,0.9388646288209607,188,95.11560190794644,7.519987701919501,12.481216534826855,950,10505,1,1
4966,3969,1586,59,2,4,166,139,0.8373493975903614,92,91.32381341745311,7.294898106277683,15.211551603198854,1322,7813,1,1
4822,1675,848,26,4,8,162,161,0.9938271604938271,109,70.91010383451916,8.482609773474442,12.571551796083012,763,4449,0,1
2037,9175,1941,5,7,8,145,77,0.5310344827586206,12,310.60910778201355,6.021557322797761,9.839265352517295,329,3500,0,0
3447,8874,1154,20,15,0,228,98,0.4298245614035088,8,307.50438584004553,2.9787744508950023,5.327087873110095,380,3949,0,0
491,9787,438,17,17,13,84,60,0.7142857142857143,7,236.1840182436776,4.683962104605728,5.982446111224622,485,276,0,0
4725,2762,2545,25,0,8,118,114,0.9661016949152542,84,13.361704854510094,8.04833295028672,12.320773429456658,503,10137,1,1
1185,4490,3467,11,3,9,85,48,0.5647058823529412,5,226.67754040465653,5.268725734637424,6.303023764654036,251,733,0,0
1046,2301,3449,16,11,8,211,65,0.3080568720379147,16,314.4449253139327,5.225134437089617,6.813996037518844,451,528,0,0
3130,1447,1938,4,2,5,275,112,0.4072727272727273,5,159.56777682680303,6.478156364648531,9.833902398154695,174,2174,0,0
4401,8073,2775,49,1,5,181,177,0.9779005524861878,163,77.5954261939071,9.035359740960885,15.984974546758881,812,6965,1,1
4921,6452,2770,46,1,1,107,104,0.9719626168224299,72,44.65007350547192,12.0939465050887,17.912944847983738,1383,4554,1,1
865,3939,2666,18,11,1,272,87,0.31985294117647056,16,355.89618003524515,4.8847702499823455,7.924202924786336,181,4979,0,0
1234,8413,1372,19,3,4,96,30,0.3125,0,248.44322308423622,5.834198943171766,7.911892365036936,311,3536,0,0
4964,5321,2106,49,3,1,81,78,0.9629629629629629,61,71.22554188407312,7.37035995468411,14.427645032967845,1431,10627,1,1
31,8805,1979,24,7,12,167,57,0.3413173652694611,0,356.10780985063167,6.532465260551147,8.791265447834517,125,4349,0,0
224,4311,2986,6,4,7,210,54,0.2571428571428571,13,257.24338323287776,4.885227134843082,7.944996875320903,499,1089,0,0
2454,6404,1957,19,2,2,86,44,0.5116279069767442,19,232.80457539095076,5.89923817625149,7.88753681794795,411,4507,0,0
1618,5780,955,10,18,10,279,79,0.2831541218637993,10,348.9692235707151,5.2100559336333205,8.111614636283948,150,261,0,0
903,9625,2298,13,9,11,160,75,0.46875,15,297.68451503134276,5.848741119053536,7.088310392800306,253,2667,0,0
186,1161,1167,18,18,0,207,91,0.4396135265700483,13,272.75463684548225,4.682574823978838,7.920350450419861,363,3074,0,0
1263,5443,1496,15,13,2,192,87,0.453125,17,187.03143625170185,5.095776709624814,7.164045730889055,254,4550,0,0
4650,6741,3424,35,4,3,243,230,0.9465020576131687,137,51.55196617673505,10.109653097229385,14.148437525216977,917,4401,0,1
2158,3804,2481,12,6,10,222,31,0.13963963963963963,17,269.64536795071956,5.475828573641792,7.061690026689821,491,3679,0,0
4311,3562,1954,34,3,9,122,111,0.9098360655737705,70,87.98718625793312,6.914029955726685,13.20370082654203,1015,6755,1,1
2429,9828,2109,11,17,1,80,47,0.5875,3,204.98604093845952,5.921899538914103,8.94583264917151,191,2700,0,0
4776,7257,681,43,4,5,209,190,0.9090909090909091,113,56.18190023474374,9.207150887702564,15.114738040225163,611,9097,1,1
2777,4856,3277,1,14,3,186,86,0.46236559139784944,10,219.63161909383123,4.325772070217638,6.200116320513497,399,1637,0,0
1160,2003,1241,22,1,6,61,12,0.19672131147540983,1,218.9322179757024,7.613514302797945,10.990384162790651,255,4070,0,0
454,2551,2877,7,8,4,100,46,0.46,9,214.26596615047842,6.021279905013815,7.382370633643773,415,1732,0,0
1760,7362,1427,14,14,10,224,10,0.044642857142857144,4,322.5170129379531,4.377849438513586,6.054055782819987,305,1362,0,0
1413,5511,1495,8,11,7,65,56,0.8615384615384616,12,274.48156323450763,6.424181591023935,9.477814890117907,64,2907,0,0
466,8996,845,0,15,6,179,64,0.3575418994413408,5,315.7389912798252,4.934488711782354,6.962261960215749,128,2560,0,0
2098,1807,3226,7,2,11,141,54,0.3829787234042553,17,304.3640672810452,5.164960383638176,6.30582250133538,495,4832,0,0
3092,2047,2505,18,4,3,199,61,0.3065326633165829,5,243.3497643855708,5.424708605700206,8.376273953064747,369,3508,0,0
882,1260,392,4,1,8,266,58,0.21804511278195488,5,313.0983557998182,6.146668746583331,8.252356153666472,237,966,0,0
4726,1578,1735,58,0,1,190,162,0.8526315789473684,111,75.67182207871191,9.776511643650055,14.876053099960327,1427,6228,0,1
1696,8957,731,12,5,9,220,41,0.18636363636363637,19,248.52462006904645,6.963435654260994,10.534387071395122,438,4778,0,0
1810,4658,1830,12,12,4,241,16,0.06639004149377593,0,289.0078858628331,6.964866106504817,8.239521313758555,334,4422,0,0
4037,2881,886,47,4,2,58,50,0.8620689655172413,47,79.7148997938575,10.410729217250775,14.173745672297219,897,6124,1,1
4758,7447,1704,49,2,2,117,104,0.8888888888888888,95,77.27187876279963,11.884152994069948,15.249579620664914,1353,8270,1,1
1736,5054,2560,0,1,1,194,22,0.1134020618556701,3,311.5193906551015,5.897482175895684,8.847989720658694,309,4252,0,0
2711,3017,447,6,16,5,104,27,0.25961538461538464,9,309.01591584930554,5.874313089546498,7.156985945039973,109,3689,0,0
1814,4201,2722,8,18,4,290,15,0.05172413793103448,8,261.11295266990794,6.244786629724426,8.579599723748249,98,3737,0,0
1114,6458,336,16,6,7,245,15,0.061224489795918366,6,291.66393085517166,6.098155247464706,9.135541741469291,104,4722,0,0
334,3789,2687,21,10,7,115,45,0.391304347826087,11,226.70972154409185,5.3491622884333045,6.44439358455227,345,4835,0,0
2760,6353,2715,9,1,13,185,35,0.1891891891891892,3,234.68014291435335,5.64859107234704,8.432610811516742,54,3933,0,0
4615,5662,2615,41,3,6,132,114,0.8636363636363636,86,99.60035586681653,10.975260248429347,14.401793986879467,1043,9729,1,1
2530,5021,3420,18,19,10,87,63,0.7241379310344828,6,313.0214699611629,7.176635340636963,10.395468002839268,216,4158,0,0
4104,3058,2421,33,0,0,156,149,0.9551282051282052,84,102.8836787401313,10.992382581394086,18.72231075056701,1219,6336,1,1
3617,3627,2563,5,13,0,86,44,0.5116279069767442,19,220.73400885841,7.969500394677862,9.903514562964848,447,3830,0,0
637,1400,1509,20,19,10,89,58,0.651685393258427,1,286.217725563284,5.561156459935711,7.486212824964308,72,2302,0,0
215,1040,2615,7,1,8,245,77,0.3142857142857143,13,277.95796444515923,7.75288688221975,11.267343432875524,481,1793,0,0
347,7531,2296,9,17,0,62,54,0.8709677419354839,19,184.03390431101184,4.892051552714816,6.688161887520742,434,1010,0,0
2442,9366,2465,0,14,10,137,24,0.17518248175182483,1,215.73962191541284,4.577404886379602,8.18966194537526,353,546,0,0
4527,3675,2826,41,2,6,172,165,0.9593023255813954,84,76.15089646464372,10.84983157580149,14.267124601513371,715,8868,1,1
3181,9243,590,20,11,14,174,15,0.08620689655172414,3,228.52012305895286,6.4533862463913785,10.060674552161835,139,1328,0,0
4321,8503,1103,39,4,8,241,236,0.979253112033195,133,66.8322824132812,10.138318100116196,17.29171548517984,1225,10230,1,1
2955,3307,2123,4,15,9,235,88,0.37446808510638296,6,232.1253576364136,6.2905295634253555,9.777391366345244,431,4620,0,0
1276,1978,3566,14,16,11,55,11,0.2,4,242.87896324562175,6.423777852643977,8.126006464596323,117,3355,0,0
1515,2574,3227,2,8,7,225,22,0.09777777777777778,2,323.02083043322784,5.754492774217688,7.562192309940636,119,2670,0,0
644,4363,2934,23,12,7,246,84,0.34146341463414637,12,268.04930412685405,3.8888305368257807,6.471569404101832,287,3668,0,0
1396,7843,2628,16,1,1,145,94,0.6482758620689655,14,213.64012757034627,5.3498243486051,7.565501697393103,278,3268,0,0
4490,5332,1378,40,2,2,110,99,0.9,50,93.60837940076614,10.607622661817231,16.4547981111333,1386,4377,1,1
1719,8782,817,12,4,8,144,55,0.3819444444444444,2,182.67072485149748,6.07524188594499,8.742630609377883,393,3010,0,0
1540,8977,1582,17,5,5,103,41,0.39805825242718446,17,237.8163017454295,5.279026678027449,7.122695481292001,461,3292,0,0
881,8292,858,6,16,9,51,11,0.21568627450980393,1,249.39782235200343,4.37923234930375,5.886544050565705,380,1760,0,0
4687,5417,872,53,1,1,218,216,0.9908256880733946,166,64.05608840699277,7.782897577210878,12.756739707925389,1029,9695,1,1
3056,5785,3022,5,9,5,191,106,0.5549738219895288,1,301.8216177872584,5.748771160047193,8.708108772083865,408,4206,0,0
3737,5717,2504,12,0,6,201,115,0.572139303482587,8,285.8621730342022,5.715909074014457,8.342463505885261,382,4344,0,0
125,1552,1199,7,7,1,163,85,0.5214723926380368,19,302.47763576596674,4.964764788439432,6.205109327593457,133,307,0,0
3785,8993,1829,11,12,13,109,87,0.7981651376146789,2,323.8346715372992,5.541034260052142,8.127676023348922,252,342,0,0
4367,5391,2955,55,3,6,245,238,0.9714285714285714,221,50.92571595770282,9.492106679449371,14.157933868291236,875,11532,0,1
4808,2902,845,44,2,3,136,128,0.9411764705882353,74,93.88502583075876,9.066276187451017,15.734918139063641,1298,11741,1,1
285,7871,1806,18,5,8,108,38,0.35185185185185186,0,340.96115916498604,5.5399363972146904,9.127857810662228,62,1955,0,0
1641,2826,3371,20,16,11,229,112,0.4890829694323144,11,268.14041382763435,5.619864477755078,7.6287541015643505,291,242,0,0
2692,8044,678,23,1,13,238,100,0.42016806722689076,6,250.82882190941555,5.619623020795119,6.959054902562115,142,2771,0,0
2319,2218,2087,20,12,3,203,45,0.22167487684729065,10,194.65940312661286,5.394897092694592,6.434993953689954,274,163,0,0
3975,3734,2915,23,17,9,258,58,0.2248062015503876,9,262.8087118656812,5.6114934424890475,7.4495498257998545,172,2167,0,0
743,4885,1580,15,4,6,103,83,0.8058252427184466,5,243.22368655105646,6.272314584440706,10.22888698420636,355,4214,0,0
25,2816,2837,21,2,7,283,104,0.3674911660777385,13,261.5476861472566,4.691063108609638,8.661224658922428,499,254,0,0
1437,4763,1719,8,13,12,176,41,0.23295454545454544,11,253.27424297286058,4.744323161271102,6.224707881825022,142,2505,0,0
1391,8661,3063,9,13,9,64,22,0.34375,11,206.92782852678567,5.597488939023697,9.585058226558184,231,522,0,0
3886,8955,1882,24,16,11,192,114,0.59375,12,246.8177599259384,4.95142641307474,8.706479529964804,249,4155,0,0
3122,9664,3477,20,12,12,50,41,0.82,1,281.1241667280781,7.507988106470156,8.841705718010076,164,571,0,0
2878,5037,664,5,17,11,281,80,0.2846975088967972,7,163.5921829838839,4.690712184126585,8.177689215683948,118,4882,0,0
1119,6360,1520,5,15,14,79,24,0.3037974683544304,7,231.70668596528114,5.350695332677991,8.460611253268125,204,3244,0,0
738,8678,1304,16,8,5,118,78,0.6610169491525424,18,318.85904682522806,6.520036506902089,10.132939306489718,256,3248,0,0
4004,7823,3102,52,1,1,129,123,0.9534883720930233,63,74.31743546042917,7.91047826213461,14.421694830591676,1292,9290,1,1
1095,8402,2299,14,2,14,71,12,0.16901408450704225,5,265.3519618625911,5.448764164467809,7.497219711392112,75,661,0,0
2840,2210,317,12,16,8,189,73,0.3862433862433862,7,245.54997316957648,4.942107740096343,6.233586970467913,170,3226,0,0
3397,7360,1875,15,1,2,141,23,0.16312056737588654,8,191.31501786112534,6.282595126685226,9.113958767787906,332,2770,0,0
2694,8924,3347,4,6,1,137,92,0.6715328467153284,16,241.23875166847273,5.147547296462142,6.425421695495594,337,720,0,0
2494,6220,1000,19,8,13,181,39,0.2154696132596685,11,219.84938384615143,4.229971088140547,7.564161963318248,389,959,0,0
107,1954,1095,14,5,7,275,97,0.3527272727272727,4,252.2796082235025,4.869007870126053,8.755373787902203,225,3120,0,0
2280,3911,2601,13,14,5,291,22,0.07560137457044673,0,250.02856376125683,5.522370918439606,8.176771554651415,349,3421,0,0
2632,9162,1988,3,13,6,51,44,0.8627450980392157,17,272.1688522158778,6.20338261860345,9.722159584474928,461,673,0,0
3815,6531,851,0,17,4,272,51,0.1875,8,246.93329218297797,5.295878415186393,6.668543445012218,111,262,0,0
2513,7131,3017,24,15,9,210,104,0.49523809523809526,7,333.1259032158312,6.120534089629091,7.30651596073613,72,4293,0,0
2546,8741,1289,16,9,11,73,69,0.9452054794520548,8,216.40677461902004,4.686448692690665,6.227774688628572,105,1729,0,0
3352,1418,2232,13,6,11,186,46,0.24731182795698925,17,189.23195086964972,6.5965472662862235,9.658425115571841,403,2167,0,0
3897,1589,601,22,18,1,285,42,0.14736842105263157,11,286.2186269076842,6.951746922318308,8.646280055652802,303,3065,0,0
2297,4595,3433,5,12,13,96,64,0.6666666666666666,5,290.7298288294894,5.923415855425178,8.084582093231438,234,2435,0,0
4069,8793,3322,47,4,0,161,156,0.968944099378882,140,92.03658885290668,9.476177163299026,13.077899412974809,1151,4288,1,1
1757,8582,1008,16,16,2,102,26,0.2549019607843137,12,283.8501198656868,6.608841419071706,9.804061339828522,223,2314,0,0
3306,3813,1818,5,1,14,296,40,0.13513513513513514,0,266.08824059570475,6.921293127047413,9.827145276985025,478,1287,0,0
926,4759,757,3,12,7,263,90,0.34220532319391633,18,273.7528573844601,6.3662147581572714,8.250811642366362,94,1722,0,0
2351,3522,471,19,12,11,139,65,0.4676258992805755,1,208.58971471703515,5.815309626770591,7.093218732834009,182,1624,0,0
1141,5614,3035,13,17,12,246,74,0.3008130081300813,7,251.55317131994659,5.338232718834331,8.998435894672046,384,4828,0,0
3123,3865,3001,6,2,13,175,39,0.22285714285714286,15,221.07090535944772,6.993286395611964,9.773162847951694,357,3364,0,0
470,7587,3491,0,10,9,71,35,0.49295774647887325,4,214.9082918505779,5.262718818909674,6.869167016585486,393,4561,0,0
1505,1909,1573,8,1,2,298,118,0.3959731543624161,15,230.67443987101723,4.792054429206424,7.501036526122197,76,1637,0,0
3576,3158,684,4,19,4,141,101,0.7163120567375887,6,248.37793855603348,6.442101316419575,9.141622508982902,261,218,0,0
3946,2690,2021,20,1,3,249,116,0.46586345381526106,10,167.4639433221314,4.553014720530386,8.02083023295971,455,4957,0,0
1434,9848,763,6,8,11,150,87,0.58,16,279.2760766428434,3.828667732365228,5.198371736394639,398,847,0,0
4456,5489,3182,45,2,3,99,88,0.8888888888888888,48,76.92145443352187,6.102382727141647,13.189330170126517,1193,8329,0,1
3651,1164,1257,17,11,3,249,91,0.3654618473895582,7,254.664735982697,4.857056982070064,6.8091032206995585,83,468,0,0
918,9968,1409,2,18,3,280,57,0.20357142857142857,6,228.42721777200575,3.3799127848798256,5.3823220205083455,240,3386,0,0
1975,8661,697,3,5,7,222,109,0.49099099099099097,18,280.81219048492716,4.888419429653404,8.732907844714322,294,2165,0,0
4643,4567,548,45,3,5,94,87,0.925531914893617,62,62.265540240604665,11.29702922786262,17.227222009418767,1094,4927,1,1
633,9168,1999,16,13,12,255,40,0.1568627450980392,3,200.3978219611433,4.946304846864527,7.677113216899047,438,3943,0,0
4860,3138,3118,36,4,1,82,68,0.8292682926829268,48,62.3012663693612,11.851392989191103,15.201253850272433,1246,4223,1,1
2078,9852,1920,15,11,1,233,82,0.351931330472103,2,294.0506673582601,6.58591841150672,8.371147928056027,79,2941,0,0
2367,2745,3236,3,9,2,182,98,0.5384615384615384,13,334.8555740236566,5.051524769011085,8.493815789912793,92,4313,0,0
424,6911,2154,12,12,4,225,112,0.49777777777777776,19,274.80995936816583,4.964683287432341,7.997320702983668,350,4370,0,0
4501,5214,1762,22,3,1,202,185,0.9158415841584159,155,61.047694418281566,10.335525959476117,14.755180397829928,790,4171,1,1
1279,8413,1826,19,7,7,140,16,0.11428571428571428,6,186.66840024466953,4.510349033835636,6.144759993984875,125,3698,0,0
2459,2051,1577,20,16,5,282,110,0.3900709219858156,10,214.65783268426998,4.681921012694023,6.593140480583567,198,4941,0,0
3962,9168,943,0,4,6,170,49,0.28823529411764703,9,163.37155988009857,5.940566903491188,9.726492193638837,119,3527,0,0
4381,3580,1572,48,0,6,198,174,0.8787878787878788,148,62.895333991309904,9.452125550290232,14.310681079257378,1001,11125,1,1
2953,7256,2962,2,8,2,86,58,0.6744186046511628,2,341.5964044966686,5.169863964712646,7.912154774664213,494,4501,0,0
3555,1271,3471,3,13,8,93,81,0.8709677419354839,10,316.9806705596297,4.466043893339258,6.474734300801053,341,1935,0,0
1732,3721,3380,21,0,9,198,22,0.1111111111111111,4,286.13883869663863,5.688612341975012,7.007704741056509,381,4875,0,0
3073,3691,452,19,19,0,191,24,0.1256544502617801,2,379.57387033617545,6.208762179282624,8.744152592221603,174,3491,0,0
2725,9922,3428,19,19,8,178,53,0.29775280898876405,9,235.3315442351504,5.509810028271457,8.878461833010757,382,114,0,0
1448,5606,3312,12,15,12,205,31,0.15121951219512195,3,214.2662105107964,4.67158306954969,7.367793245401202,234,548,0,0
1682,7091,1499,17,1,2,266,96,0.3609022556390977,9,189.4319433025234,6.4999443433110295,8.969014469793674,397,1967,0,0
3863,6550,2691,18,2,1,267,118,0.4419475655430712,12,320.83374203619593,6.987480938561312,9.448609321650332,385,1294,0,0
2744,6420,2027,17,19,4,167,86,0.5149700598802395,6,231.93041797160424,6.174404801056949,7.433527939625332,146,1702,0,0
1350,7240,1846,12,11,2,255,96,0.3764705882352941,17,291.32265554293815,4.755021232514944,6.5514409075078905,186,3505,0,0
4030,9904,1441,32,2,6,124,109,0.8790322580645161,65,73.10506716794228,11.044574802227519,17.543660192917937,996,6721,0,1
2300,9079,3016,2,3,10,295,62,0.21016949152542372,6,329.54706792770526,4.839668737199884,6.416818280872633,351,2271,0,0
2402,3734,2736,7,6,10,161,109,0.6770186335403726,16,301.67436463841796,4.226400998964218,6.18401280644081,331,296,0,0
245,2381,461,7,2,13,124,108,0.8709677419354839,12,251.50953936050774,6.108607442356741,8.007304476218362,473,2522,0,0
4183,9150,2930,58,2,1,89,74,0.8314606741573034,53,76.0655914929861,10.872977473136565,16.256656800001792,580,7836,1,1
3702,3702,2281,23,11,12,116,10,0.08620689655172414,8,272.3019307988342,6.634785945201141,8.277997695093019,230,390,0,0
3325,8856,1350,15,6,7,221,50,0.22624434389140272,6,189.8331578207029,7.286790485439672,9.802087670688046,304,3604,0,0
1526,2054,3585,11,15,8,239,21,0.08786610878661087,11,207.59015642977354,6.766584282532712,9.759361213953124,189,516,0,0
3026,7462,1571,11,6,8,274,48,0.17518248175182483,19,275.0065825411175,5.065372477985401,9.064464106962607,379,2203,0,0
3049,8177,2129,13,11,12,236,34,0.1440677966101695,11,262.0891726447045,6.622286513475154,8.561634700175738,430,2488,0,0
395,6060,2123,7,18,13,245,30,0.12244897959183673,6,308.25160524197287,4.254406088385445,6.924141373891905,248,3729,0,0
1768,6279,2593,19,1,14,113,81,0.7168141592920354,9,199.99162242756273,5.914234419301529,8.15738392737036,310,3673,0,0
381,5290,1983,14,13,3,192,109,0.5677083333333334,18,217.44679990425638,4.8660545901065815,6.755230610732432,360,384,0,0
349,4357,1524,17,13,13,152,22,0.14473684210526316,17,220.03167530798405,4.389996428114073,6.921738700492753,165,242,0,0
4455,2234,3184,34,0,3,162,140,0.8641975308641975,97,124.93020759151145,8.205954347863756,11.229125277558072,776,7930,1,1
373,7009,3196,4,9,3,145,82,0.5655172413793104,5,238.71716483909657,5.414391910528754,7.230387726561823,188,1575,0,0
274,2132,3101,14,6,9,237,80,0.33755274261603374,7,321.012846622098,4.965284392189355,8.434766884315934,133,1522,0,0
1942,8428,1146,22,7,3,180,37,0.20555555555555555,12,333.9864238186053,4.755217149882849,7.276858194917119,166,1402,0,0
2813,9751,2417,24,11,13,78,41,0.5256410256410257,8,232.42565983124237,5.424723248223848,8.943155432322751,476,4640,0,0
625,5418,1835,18,18,14,131,62,0.4732824427480916,5,233.61809379658806,4.951404563330755,7.4286098409437615,220,1418,0,0
1533,8311,1593,7,8,12,229,35,0.15283842794759825,19,250.15989953076442,4.975140539675565,6.9174119053763,172,768,0,0
4632,9198,3553,37,2,3,53,52,0.9811320754716981,43,76.79735428700837,7.690411754823907,15.64926336476309,707,11806,1,1
2724,7401,2693,8,18,5,241,34,0.14107883817427386,6,252.05532420400596,4.621015469272715,6.507963254244839,76,3027,0,0
4206,5176,3461,32,0,9,61,59,0.9672131147540983,42,38.44710436638675,12.283376054599007,16.912507266299688,1339,5932,0,1
1748,8552,2172,14,19,3,242,31,0.128099173553719,2,266.84056361937326,6.584161016954866,8.725494372252749,76,2832,0,0
1280,8909,2094,19,8,7,227,65,0.28634361233480177,13,309.0500265501973,4.274816501428326,7.425469028220158,80,713,0,0
389,8984,1315,21,19,5,193,11,0.05699481865284974,8,248.61422168773004,5.12852850013845,8.957714192359365,274,944,0,0
4935,4558,709,28,3,2,116,108,0.9310344827586207,87,90.94785132013709,8.355236505245776,12.271491812199585,563,5790,1,1
1703,1830,3265,12,2,10,61,20,0.32786885245901637,7,248.1032652186188,7.2395045965380636,8.293704501825657,304,2214,0,0
4397,5311,3378,31,4,0,75,61,0.8133333333333334,50,64.22413257766222,11.362036617597086,15.427054526978173,1171,6134,1,1
1857,6691,1857,7,6,10,254,105,0.41338582677165353,10,273.9914185759745,5.228488816896115,9.224571575987445,166,4907,0,0
3389,6009,3523,18,1,4,72,10,0.1388888888888889,1,265.3902742260265,5.4928604330108675,7.080140145711128,155,4956,0,0
1388,3003,3560,6,6,3,81,57,0.7037037037037037,12,289.48855143183533,5.549397346915384,6.644242380729111,161,4490,0,0
4453,6170,3036,40,3,3,167,156,0.9341317365269461,114,100.91385747804104,11.19659495534435,14.94401256845216,770,9180,1,1
935,4427,1923,11,13,12,74,20,0.2702702702702703,9,299.7175759907712,6.402271399943452,7.817097982976878,427,1887,0,0
1849,1497,1213,15,12,3,74,51,0.6891891891891891,11,304.1189355661721,7.11598167991793,8.440430473957719,129,4271,0,0
1761,3925,1672,18,11,5,78,22,0.28205128205128205,18,352.24572343910893,4.974546673761522,7.039316486680196,474,4486,0,0
880,6273,3220,17,7,11,232,57,0.24568965517241378,9,336.9832625985225,5.58528406873324,7.818425649401414,144,1569,0,0
3545,8576,1393,8,0,7,189,106,0.5608465608465608,17,201.2953222757362,6.6416281734269464,9.617365804509667,168,1039,0,0
3898,3344,2011,11,15,3,284,14,0.04929577464788732,11,352.8651625593426,5.965954070912919,7.35525123119991,79,3752,0,0
2258,7667,680,22,0,11,298,20,0.06711409395973154,12,287.91223880773987,3.7451291484577487,5.839480588568493,172,4096,0,0
3149,5296,2555,4,9,8,232,31,0.1336206896551724,5,185.2185830264014,7.378042035449381,8.667906248833399,79,1669,0,0
3595,1778,2120,6,1,2,207,110,0.5314009661835749,15,168.64641423772704,4.271541221448968,7.8122494068813895,168,4769,0,0
2666,8958,1257,10,6,8,218,15,0.06880733944954129,13,277.2907993712214,6.059250386023354,7.5687597000596165,164,4495,0,0
4169,1935,1853,46,4,8,80,79,0.9875,58,82.25007784929737,10.976437473010424,16.223819075065673,1114,10102,1,1
3493,6990,332,14,3,12,196,113,0.576530612244898,4,218.2441681190644,6.283846526167283,7.29623709358277,224,2972,0,0
4947,5226,2552,35,2,3,194,178,0.9175257731958762,162,89.66357074869941,10.883619981208613,18.81985218492279,676,7091,1,1
2874,5552,935,16,14,3,223,110,0.49327354260089684,16,282.14902286674953,5.641541220840229,9.239411026674833,126,1032,0,0
3248,5507,3058,6,13,12,214,98,0.45794392523364486,18,290.2893764799154,6.818401165281032,9.402025234473037,98,2844,0,0
3752,9406,489,23,7,0,151,99,0.6556291390728477,17,272.56979762080175,5.901321373726712,8.973403685602111,487,3411,0,0
1762,6852,3448,19,16,4,125,108,0.864,11,207.58167317884545,4.916657067121512,6.078407118490822,207,427,0,0
2479,6511,2495,7,7,11,182,70,0.38461538461538464,6,272.8340805414961,4.586891909904216,5.664252739760968,206,698,0,0
2070,5258,2708,16,0,13,236,33,0.13983050847457626,5,290.16081351019693,6.418916393277291,8.544711020484048,80,3207,0,0
3781,5370,887,22,7,5,230,98,0.4260869565217391,8,267.89127078111886,4.713516195743405,6.127053184633345,109,3391,0,0
4645,3779,3262,22,1,7,79,68,0.8607594936708861,62,74.5331672525468,10.210891051594936,15.701439905455713,1405,10607,1,1
2173,9424,882,24,3,3,264,60,0.22727272727272727,9,341.4459837603262,4.786566598888473,6.348307445704643,470,3025,0,0
4457,9782,2684,36,4,7,181,162,0.8950276243093923,104,121.2286346422561,10.323813911498167,16.955983043434056,992,8244,0,1
3820,3404,620,13,12,12,145,27,0.18620689655172415,14,246.95392917541594,5.920002249321185,8.112270633996774,234,153,0,0
4618,8003,2208,53,3,3,198,190,0.9595959595959596,183,71.65401097525759,8.273620650369095,13.72516681686595,1189,9231,0,1
2916,2771,378,0,3,4,297,118,0.39730639730639733,5,276.3607242007557,5.2576266718759275,7.075467356433917,107,1363,0,0
2246,7777,3463,18,18,4,163,29,0.17791411042944785,15,244.55093843170533,6.203055201590058,7.3292527432355685,413,2748,0,0
2397,6138,1050,7,1,10,246,97,0.3943089430894309,16,303.40566442514444,6.411799946410746,8.793896985760252,195,4128,0,0
2593,8345,586,22,5,4,164,49,0.29878048780487804,4,311.52881312062044,3.4496447595828506,5.988081650358965,125,1549,0,0
2557,9840,1437,6,5,14,238,71,0.29831932773109243,9,213.0927965580462,5.724278281090709,7.740524668009035,453,3016,0,0
1126,1184,2356,1,13,5,194,59,0.30412371134020616,16,156.87240551106797,6.580325540900442,7.821274884736177,467,3133,0,0
516,6492,1987,16,6,3,295,80,0.2711864406779661,7,249.72198531759648,6.678512689798422,9.488248957850512,245,406,0,0
269,3468,3526,4,9,14,123,45,0.36585365853658536,10,253.01609572664862,4.1767289768948945,7.601555295562708,327,2760,0,0
607,2777,2011,20,19,1,248,88,0.3548387096774194,2,217.21561402692782,5.2642887551433315,8.437962482619787,351,1401,0,0
4203,6795,3065,31,4,7,244,232,0.9508196721311475,126,67.09391196867662,9.001509392509451,15.25709878302344,1321,11813,0,1
1319,6617,594,13,12,13,221,95,0.4298642533936652,8,247.59934334295744,6.5176444722437665,9.610062968171167,339,1782,0,0
330,7039,2038,1,4,14,188,119,0.6329787234042553,4,305.9228822423938,6.049315644558229,9.19461612840933,458,1137,0,0
301,5027,1942,4,8,1,77,63,0.8181818181818182,1,183.06971001383755,6.192918623031611,9.30930111388207,217,2567,0,0
3757,1733,1528,10,11,5,109,83,0.7614678899082569,2,291.4168733890896,5.694551007368386,8.495626448090002,68,346,0,0
2917,3199,3127,8,4,4,54,41,0.7592592592592593,8,201.33212902829516,6.568918415238034,9.83034634197601,147,4130,0,0
2008,7061,1235,9,8,0,270,32,0.11851851851851852,12,257.0855895158754,6.434717745828492,8.311260744082544,498,4552,0,0
442,2390,1935,23,8,3,111,25,0.22522522522522523,14,271.0773041768281,5.766818396295402,9.305191027886096,482,3017,0,0
2810,3714,1782,14,9,6,85,68,0.8,5,207.92495642303447,5.1828887192489494,7.516767510085183,301,1124,0,0
4689,1471,423,58,1,0,141,131,0.9290780141843972,72,71.72287626280114,8.97595106017532,14.631790732306643,1288,7236,0,1
1645,5142,3440,6,11,13,251,49,0.1952191235059761,10,262.99391732410106,3.9232357074205533,7.0760878174783315,270,1117,0,0
3470,6334,898,2,3,14,74,34,0.4594594594594595,0,301.5908736586526,4.108359617889139,7.126944212936317,120,543,0,0
4844,5240,3446,20,3,1,244,227,0.930327868852459,128,125.1754878493861,11.364315013607222,18.464532182089524,1182,9112,1,1
249,7846,3365,22,7,1,53,22,0.41509433962264153,11,158.33294177467837,5.47191613440702,6.873401223406099,403,1364,0,0
127,4638,2037,12,7,12,287,109,0.3797909407665505,18,184.43894949124424,6.698444952831686,9.325880859989788,108,3071,0,0
2635,9601,3256,8,14,2,241,89,0.36929460580912865,9,267.2707144907626,6.259125541229846,10.0304028768366,328,3316,0,0
4917,1212,1302,43,0,0,112,106,0.9464285714285714,53,58.71762647637635,9.349425899489205,14.09117808906306,1364,10195,1,1
4466,1383,938,26,1,9,244,221,0.9057377049180327,176,84.61779845340936,10.890056724240061,15.326168560464637,705,7792,1,1
2135,4918,2345,19,3,2,100,19,0.19,9,235.5379394062891,4.7346161408791865,6.220276610948948,446,2372,0,0
2698,3483,3295,18,16,1,190,41,0.21578947368421053,17,265.05864714437433,5.443054185361607,7.091269383381725,122,824,0,0
4359,9456,462,50,4,5,186,174,0.9354838709677419,161,91.32115084342026,10.757232011039374,17.280375084617006,563,11774,0,1
3208,2080,3271,11,11,3,96,27,0.28125,16,274.89063832066546,7.389978644402257,10.182096638794814,322,3973,0,0
2978,2143,984,21,18,5,55,20,0.36363636363636365,0,208.88301829262784,4.928770460064743,8.210286731221935,348,3908,0,0
177,3461,2844,11,18,13,261,94,0.36015325670498083,16,182.97234099980858,6.4130002202742995,9.860841037180151,168,138,0,0
4208,8881,371,38,1,7,217,185,0.8525345622119815,100,90.11852563133603,9.820847476366295,17.298399477610822,1101,11306,1,1
907,4952,2290,15,12,2,98,16,0.16326530612244897,1,260.0561729350763,3.7847147825470007,6.337097810699874,182,3483,0,0
2063,7460,2144,5,14,14,218,27,0.12385321100917432,15,274.8368878387859,4.341998193477768,6.998555410989713,79,415,0,0
1851,4366,2617,7,18,14,126,52,0.4126984126984127,1,306.3723213742814,4.654085959661888,7.8917701763113435,366,1905,0,0
4277,7690,2049,25,0,6,83,71,0.8554216867469879,62,69.75947201171763,8.869408363162053,14.007471148131184,1063,5084,1,1
2431,1535,3354,4,10,6,126,115,0.9126984126984127,13,194.4720308276988,6.163795632003912,9.341409790348756,107,812,0,0
2102,6139,3248,1,5,1,282,45,0.1595744680851064,2,239.41928941913616,3.6341711209158767,7.609741506659002,346,1750,0,0
1482,1766,1038,2,13,0,178,81,0.4550561797752809,1,205.81743396993403,6.198250936905526,9.5452901611497,153,3712,0,0
3186,3921,2300,10,10,4,51,19,0.37254901960784315,13,247.16850957081195,4.376582308844324,7.861979673592845,274,3615,0,0
4402,1838,1354,22,4,3,97,84,0.865979381443299,50,76.6482422183046,6.795739613092563,12.109594938643962,565,8068,0,1
1950,4978,1325,20,17,13,188,31,0.16489361702127658,9,294.26996881479283,4.1535978010286545,6.334714069815668,262,2526,0,0
4988,1864,2831,45,2,7,99,88,0.8888888888888888,75,87.52624613899927,11.800329217844986,18.128028211520515,1357,9965,1,1
3054,1506,542,10,11,6,183,110,0.6010928961748634,8,287.90136893802355,4.251612187872948,8.11442751615029,399,2057,0,0
4723,1197,1765,53,2,4,138,123,0.8913043478260869,78,65.80096199026872,7.11089336228889,10.491033749135907,845,4155,1,1
4066,8272,3404,53,3,6,226,184,0.8141592920353983,140,93.24674097086773,11.12111066752424,18.993269653680002,710,10543,0,1
1724,5719,2885,22,2,0,149,27,0.18120805369127516,0,243.18238201670138,5.959080058502369,8.087625429960225,396,4747,0,0
3038,9471,2641,24,13,11,137,41,0.29927007299270075,15,249.850930008065,6.111521669239849,9.620326864115363,239,645,0,0
519,2850,1802,6,17,13,145,71,0.4896551724137931,17,292.84696518590545,5.855056278238919,7.587498959759641,121,2969,0,0
214,2531,3348,19,13,7,68,56,0.8235294117647058,5,164.9897562725967,6.028303034666918,9.501907458928015,358,1862,0,0
1086,4084,2589,11,6,6,171,25,0.14619883040935672,12,221.4852777369232,5.420266572471463,7.154104582680038,56,4129,0,0
713,5019,890,9,7,14,116,53,0.45689655172413796,4,276.5741191103295,4.4172150517308335,5.862664600746687,230,1383,0,0
4675,8853,1307,49,2,7,219,191,0.8721461187214612,134,62.15431751292579,8.921600158664367,11.923204294093871,558,7005,0,1
1326,9987,684,17,1,1,145,116,0.8,18,212.07961043199663,6.599269650472072,8.036847052499523,483,4383,0,0
2411,4062,1706,14,12,7,53,51,0.9622641509433962,12,282.00705869961484,4.248958177445234,5.5531833817363365,330,3077,0,0
974,6984,3399,21,10,14,257,48,0.1867704280155642,14,248.5575139932866,6.830159355354728,10.370508436861215,279,2636,0,0
3229,9017,3092,0,16,9,84,76,0.9047619047619048,5,357.8309813350763,5.337174325066289,7.968034646650597,344,2006,0,0
3235,8843,1148,15,10,8,201,99,0.4925373134328358,16,235.32020227933663,4.831632375268755,7.343281451756111,380,2153,0,0
1467,5031,1911,17,6,10,231,77,0.3333333333333333,3,315.2127599912981,5.064083066546472,8.354896144035457,244,1724,0,0
60,2296,2575,11,16,12,280,95,0.3392857142857143,19,141.16593053639087,5.108965998769508,8.055434519644237,195,2258,0,0
539,3824,1269,5,9,1,51,43,0.8431372549019608,11,283.73642730317533,5.340434718007949,7.355127619959804,226,486,0,0
105,2913,2330,9,2,1,290,70,0.2413793103448276,17,208.38222134478855,5.971415556386404,9.418914931358257,318,992,0,0
3548,6044,763,16,4,9,77,14,0.18181818181818182,7,225.9044516809519,5.501651717132436,7.919389015978214,70,4831,0,0
2707,8293,1276,14,15,7,247,54,0.21862348178137653,12,267.7128015804141,5.07979621302983,7.36890308877351,381,2646,0,0
450,8943,1052,14,12,8,128,12,0.09375,1,223.77164931164745,6.852202678867144,8.269964891221257,271,2007,0,0
714,7763,812,14,9,7,244,83,0.3401639344262295,17,220.0341328352936,4.962623225778455,7.257603868209806,108,2639,0,0
3270,1638,2767,0,0,9,166,48,0.2891566265060241,12,365.2042294967426,7.205937962191485,9.873096259324672,308,416,0,0
3901,6848,1707,20,18,6,281,34,0.12099644128113879,2,358.4936343418017,5.160850594940189,6.761448244891728,117,4801,0,0
3776,8015,1282,12,12,11,153,44,0.2875816993464052,14,116.6755879112331,4.87124840075967,7.488366231591947,60,4373,0,0
532,2875,2720,16,7,4,138,88,0.6376811594202898,16,220.16854706941348,7.597939339132431,10.184061298784588,323,1497,0,0
592,4435,1462,14,19,3,179,93,0.5195530726256983,17,147.27798890061774,7.853092448910977,11.796385322451506,185,1536,0,0
3516,1215,2056,21,19,14,221,110,0.497737556561086,12,214.9876571789361,4.805715049834528,6.16267258183357,184,1927,0,0
1135,7441,2665,15,18,7,287,43,0.14982578397212543,14,212.97870096564367,5.114476295556388,7.751163928059662,459,3194,0,0
11,3693,2980,11,11,3,77,37,0.4805194805194805,10,211.29785346267482,5.140221854708012,7.209115368938937,239,1406,0,0
2441,2890,460,7,11,6,61,55,0.9016393442622951,8,196.77438167926897,5.126994489947768,7.187396069238951,421,756,0,0
3688,1905,1604,11,19,8,255,100,0.39215686274509803,3,331.7821073001891,5.31831768235008,8.391613737690832,188,1412,0,0
3885,6942,3024,1,16,4,186,23,0.12365591397849462,15,213.9026141827639,4.4126585650755255,8.13675452200949,173,1139,0,0
604,8314,3110,15,9,2,77,42,0.5454545454545454,2,241.6304330397279,4.135563927757807,7.844647548236242,253,3993,0,0
3171,3161,344,0,9,11,171,18,0.10526315789473684,13,274.3494069418532,5.445511906142196,7.837905469535164,231,1513,0,0
4043,6043,2968,30,3,0,109,95,0.8715596330275229,54,95.86967379428853,9.060626423854675,16.567586481547682,522,8334,1,1
954,5090,922,15,12,4,64,59,0.921875,16,329.64820480136905,6.965210503481381,9.560942594125288,276,2501,0,0
4072,1379,3055,59,3,9,129,117,0.9069767441860465,71,84.08875210776935,8.855520157974679,13.850807627749028,759,10965,1,1
3330,2225,898,10,4,3,127,72,0.5669291338582677,2,273.9582964099668,6.275614299070757,9.28656404012769,170,4863,0,0
884,9194,508,14,18,7,214,99,0.46261682242990654,12,249.45421594632754,5.423669199959231,7.647323980510308,167,765,0,0
4949,4984,3213,32,1,7,191,181,0.9476439790575916,121,65.49143036760651,11.014615828609447,17.654177619414938,774,8783,1,1
4672,5772,3593,25,1,4,208,169,0.8125,160,87.4205575580705,10.812537834925513,18.229104352289845,1360,5695,0,1
2270,8317,1935,18,9,11,242,21,0.08677685950413223,18,240.71602039078581,5.8726386387632,7.709148478395289,372,1384,0,0
3134,3534,1004,5,7,4,163,107,0.656441717791411,16,275.4930799599483,6.575519589564317,10.108687125666721,89,406,0,0
4460,5374,568,24,4,7,55,48,0.8727272727272727,47,65.07156002999561,12.00086595960958,19.11188671385359,939,8902,1,1
281,3800,706,24,18,3,114,72,0.631578947368421,16,304.09710298704243,6.495532469083081,8.880680900522439,50,1106,0,0
4273,1649,1884,38,4,8,54,52,0.9629629629629629,27,86.43565301283904,12.163344049787046,19.73330125639255,1265,5809,0,1
2312,1187,3479,2,16,7,64,23,0.359375,13,233.11254836490326,4.701814106103034,6.469283181247159,314,4004,0,0
3223,4082,1990,15,5,1,191,105,0.5497382198952879,4,277.9317331783754,5.603337555466997,8.139067903198256,413,310,0,0
515,9894,1789,19,8,0,91,51,0.5604395604395604,14,346.41867829044594,5.849552101625061,9.095647536942526,374,4618,0,0
997,5215,1959,2,7,0,196,112,0.5714285714285714,0,220.20221619371705,3.5532356271717145,5.591760859090101,149,3571,0,0
1366,2066,3572,4,15,7,106,19,0.1792452830188679,4,259.72086105722383,5.269864465290447,9.024969409540816,87,4438,0,0
3222,8599,1720,8,16,14,228,13,0.05701754385964912,7,266.6572235506407,4.904298142962054,6.4419780741038934,166,2558,0,0
207,3504,2893,1,2,11,262,97,0.3702290076335878,15,292.03100132522763,6.046733568201379,7.348646003771979,212,1815,0,0
87,1804,1035,8,1,4,215,103,0.4790697674418605,11,232.2483836176638,5.757473234582658,8.45480309448234,108,4323,0,0
4111,3847,347,29,2,1,106,85,0.8018867924528302,46,74.38792638667134,10.957257238562667,16.746132835967803,878,7509,1,1
4470,5585,1497,33,1,0,125,101,0.808,62,86.26287781316884,11.653288939806632,18.260603789902323,1037,5651,1,1
2628,6785,2184,7,2,7,279,48,0.17204301075268819,14,317.0782740990451,4.954453827406426,6.342342940920498,92,267,0,0
868,9841,411,18,3,3,100,28,0.28,18,131.6261173313361,5.85377063089139,8.54667382490088,215,1386,0,0
2714,3922,1653,11,16,7,200,13,0.065,12,209.16885105730242,5.326825007711545,6.667254213740756,174,2771,0,0
4944,9354,2984,33,1,5,97,87,0.8969072164948454,85,67.26800881540606,9.104852763410179,14.663574848127677,1450,6865,1,1
3827,3640,1940,8,17,4,236,75,0.3177966101694915,5,229.6481976518649,6.294851835488287,8.39604216111738,475,943,0,0
3375,4866,1631,9,15,12,164,15,0.09146341463414634,2,222.77622725932704,6.222306195410411,9.471552692692295,444,3682,0,0
3473,6678,3339,20,12,4,161,96,0.5962732919254659,7,217.63300050567477,6.009647669138888,7.146043232770495,492,4789,0,0
500,2204,606,23,8,7,82,80,0.975609756097561,4,282.46823421687634,6.3112035278626735,7.502587196623467,132,4377,0,0
777,3810,2125,23,8,1,70,46,0.6571428571428571,6,220.01681728205006,3.5359678420290903,6.2479615789714575,403,3246,0,0
1130,2473,2303,4,3,11,275,102,0.3709090909090909,2,262.24196020499767,6.775205736432445,8.568622209043436,60,4357,0,0
1630,9678,3468,15,11,14,200,112,0.56,14,253.49439979347042,6.674797693381631,9.538703960897926,177,2290,0,0
248,1182,352,9,9,3,72,41,0.5694444444444444,7,352.6083074004662,6.318187136105907,8.897022517120515,227,1111,0,0
4283,2513,3549,20,4,2,208,190,0.9134615384615384,179,79.36560769922191,10.267273513030778,14.38060685193444,1105,11226,0,1
2641,9495,3259,3,16,9,207,38,0.18357487922705315,6,219.13583963617629,4.236959876310068,6.167590089062768,303,3023,0,0
3693,3323,1211,6,17,7,129,104,0.8062015503875969,13,248.14762987259004,5.522922615731558,9.137308595639936,344,4251,0,0
4201,2959,1479,20,0,1,179,174,0.9720670391061452,150,63.32504865534419,10.574149979170308,14.062638333858587,876,4778,1,1
1504,8256,2062,22,3,0,126,63,0.5,1,204.94225243305226,5.260246675235859,6.355771908880152,300,1509,0,0
4662,2936,1416,45,1,6,129,111,0.8604651162790697,63,58.043596835084045,10.162493767331611,15.39564785810008,1294,6840,0,1
406,6599,837,13,10,11,98,16,0.16326530612244897,5,321.70663616167917,5.749584561789169,7.703532215810174,284,412,0,0
1485,1201,2521,19,12,10,67,56,0.835820895522388,9,256.8566700659608,6.905718643394265,9.959065788783857,232,357,0,0
4644,7212,901,58,3,0,202,174,0.8613861386138614,170,62.07023095561404,9.814736341619376,12.852525548590187,1346,6355,0,1
967,3940,1701,18,3,8,212,48,0.22641509433962265,15,267.3845451509615,6.170613568603425,8.567924155097208,325,3461,0,0
1821,1124,1281,9,7,2,51,21,0.4117647058823529,9,263.33408388980837,5.276875562180995,8.162690340370693,444,3673,0,0
1816,5293,2306,23,11,0,52,51,0.9807692307692307,17,213.52135333898048,5.091580149868683,8.407034786176606,343,1973,0,0
889,9850,1087,10,5,11,220,21,0.09545454545454546,8,211.25682568810078,6.22158547768579,7.388603922547716,156,233,0,0
1517,5357,708,18,10,10,68,31,0.45588235294117646,7,316.7736948925327,4.724620970327393,6.9298565866023285,463,470,0,0
3949,5590,1611,10,4,12,110,91,0.8272727272727273,13,362.80655520061254,6.578821660552935,8.032509790746662,494,3016,0,0
134,6897,3492,8,0,4,125,103,0.824,19,279.3881492641874,5.615151799024583,7.372735145250841,423,1407,0,0
1145,6766,1122,22,0,0,95,18,0.18947368421052632,3,350.2232531969871,4.6950243407498915,7.4941367502821254,137,1276,0,0
1671,9862,2823,22,9,0,278,93,0.3345323741007194,12,230.44004082993604,3.2380496952464743,5.535489696512256,395,3599,0,0
2521,4226,3048,7,13,14,173,81,0.4682080924855491,0,251.69058481156776,4.39516150422715,7.061887097586011,270,3144,0,0
2004,2238,712,2,5,8,288,40,0.1388888888888889,2,168.53954804599732,5.844000106305036,8.150859544614885,246,1757,0,0
3414,2941,3365,8,0,14,231,86,0.3722943722943723,14,197.37546895142788,5.1213374587506655,8.627104241376887,208,3517,0,0
405,6540,1398,23,15,8,95,62,0.6526315789473685,12,288.30980045870535,6.510413826250655,8.504470482459606,167,4455,0,0
2682,6795,376,9,2,4,55,32,0.5818181818181818,0,361.9592782528348,5.366026175348714,7.600480803758341,229,4668,0,0
1699,9323,2569,0,19,2,186,106,0.5698924731182796,2,245.0793372265313,4.697950753741666,5.990743373287888,451,251,0,0
4246,3166,433,35,2,2,51,50,0.9803921568627451,47,124.16119846058412,9.739413386573062,13.371505610817984,652,5399,1,1
4056,2640,1345,51,0,9,51,42,0.8235294117647058,27,39.854344076129124,11.03345754782681,15.10503354844875,856,10274,1,1
2976,3413,1011,7,16,5,157,77,0.49044585987261147,4,202.34361414698094,3.854021616580498,6.761244780621778,144,4037,0,0
3040,7126,1186,1,1,10,289,22,0.07612456747404844,15,303.0414343492942,5.572267909768898,8.067866618686715,299,4190,0,0
2405,2097,2386,12,3,13,80,23,0.2875,8,363.92586579779993,5.285611068023222,6.59665193913631,150,4741,0,0
4982,6838,2084,32,4,5,237,204,0.8607594936708861,126,101.7086734371356,6.983730796895797,14.597643457024095,980,5663,0,1
4352,7555,1163,24,4,8,54,53,0.9814814814814815,34,129.52194446015022,7.817170639925903,15.684595199029971,1358,6624,0,1
2852,1768,3290,0,2,5,169,100,0.591715976331361,14,277.9660937411839,7.107935933597025,9.067207299443314,71,2171,0,0
3043,8549,2175,0,9,14,99,89,0.898989898989899,9,207.35358388520802,6.608197896425885,8.494255115041408,296,868,0,0
2746,5342,3284,6,19,1,235,12,0.05106382978723404,7,195.28242484328084,6.430482450923526,8.798596045366889,251,4320,0,0
1519,3465,2409,22,9,8,255,17,0.06666666666666667,14,223.94835357060893,5.580219098999142,8.832286754465308,307,3522,0,0
1858,8386,3242,14,4,5,275,30,0.10909090909090909,16,309.1120194929224,6.4837917519532065,10.439947172756924,315,4336,0,0
1591,2573,2688,19,9,9,188,61,0.324468085106383,15,216.19791979484563,5.959287097687362,8.47369319730954,421,4474,0,0
555,9461,1756,2,4,0,296,21,0.07094594594594594,9,284.43040268450153,5.420703342471553,9.279206509983306,411,3820,0,0
2201,8889,3587,8,9,4,290,65,0.22413793103448276,10,160.08375567543976,5.556082396305035,8.431366071989194,485,4923,0,0
4033,1982,2268,37,1,4,73,60,0.821917808219178,59,79.76273534669436,10.440432196816108,16.00629797328257,1461,9375,0,1
4025,8948,3427,34,3,4,141,118,0.8368794326241135,85,70.01863853013126,7.7641782857509964,12.475462569411093,752,8294,1,1
398,9832,1881,22,10,6,261,53,0.20306513409961685,14,246.72427454706337,5.827861140750776,7.090810649334736,65,3703,0,0
475,9096,2098,23,2,10,125,58,0.464,16,230.34736214692995,6.50163182520856,9.883437225564114,422,3801,0,0
2017,5659,807,17,12,9,96,86,0.8958333333333334,19,103.31146763852615,6.835453061701743,10.482052397554153,163,3285,0,0
1246,2828,1643,13,14,9,64,32,0.5,8,263.62589951147964,6.530438785636791,9.253740057525867,170,701,0,0
152,9853,1643,14,2,11,225,46,0.20444444444444446,6,173.15260199868396,5.767751224364462,7.940469212081005,490,869,0,0
185,6891,3113,12,19,0,237,66,0.27848101265822783,6,360.7125761731138,5.203982772670102,6.398543556119007,385,3047,0,0
572,1964,655,17,11,12,178,100,0.5617977528089888,8,191.29629341955126,4.711328068848637,8.675369955044902,148,1529,0,0
477,5243,1759,8,13,10,129,80,0.6201550387596899,13,300.47358942979844,4.655058561406504,7.102862268391066,112,3110,0,0
1672,8445,2663,10,5,0,177,83,0.4689265536723164,5,337.8188993813996,7.046398687189829,10.37785741187825,56,2341,0,0
2659,1671,1341,15,1,1,274,69,0.2518248175182482,17,280.39401665598797,4.306408435965983,5.70962681662935,191,496,0,0
3945,4843,3401,17,13,12,173,10,0.057803468208092484,7,132.3179972277986,5.710941613186728,8.159258440417354,135,3936,0,0
2871,9567,2696,23,7,10,74,18,0.24324324324324326,5,332.71421272326165,7.289403564306525,8.520414041825173,271,1198,0,0
4414,1819,3066,57,0,4,248,243,0.9798387096774194,132,42.48803904219779,7.455757258410573,10.634712167963905,785,5371,1,1
1901,3023,526,10,13,14,275,58,0.2109090909090909,14,196.48722799927918,6.294926017673945,8.899562464076714,328,3323,0,0
3374,2620,315,19,9,2,271,58,0.2140221402214022,4,306.8846218162018,5.249771796265683,8.764947592786264,372,4216,0,0
2602,3596,3419,20,18,8,164,34,0.2073170731707317,16,254.75599844927964,5.380501541846038,8.662257053878648,137,4658,0,0
258,5979,3045,10,3,9,73,38,0.5205479452054794,5,236.55027463483293,7.065171932528877,8.866929821909663,153,3775,0,0
2652,6953,628,4,7,7,102,18,0.17647058823529413,4,257.3093670083805,6.062177526025009,9.138533474730899,101,4148,0,0
906,1702,1343,9,16,5,130,40,0.3076923076923077,16,179.73590563725554,5.662383185133047,8.187601115066927,394,409,0,0
2498,6163,1604,17,12,12,113,107,0.9469026548672567,4,198.2810308918534,4.667716573356393,7.124696200176132,466,285,0,0
3748,5985,3063,15,12,9,83,46,0.5542168674698795,17,279.12617474641326,4.655291825343597,7.4789856919922375,468,4616,0,0
1343,2460,2004,4,11,11,97,40,0.41237113402061853,5,251.252723601983,5.420671240857951,7.052119749735927,371,905,0,0
2299,9874,1514,4,11,0,236,25,0.1059322033898305,1,279.8959928396871,5.955281383375956,9.418068958836358,228,1110,0,0
4151,1952,3177,31,1,6,212,196,0.9245283018867925,113,119.02466205526555,9.690525886768677,16.443148208952604,1025,7386,0,1
2537,8213,2521,24,14,2,129,44,0.34108527131782945,7,244.51140921884183,5.437245205751409,6.819358669234008,431,2672,0,0
102,1145,1238,24,15,0,239,46,0.19246861924686193,13,202.32704145140494,5.224876013652926,9.094123106331201,342,2208,0,0
1931,2694,2319,21,5,3,254,111,0.43700787401574803,9,260.7399507489652,5.126988348516858,6.946593843535804,182,1039,0,0
957,2134,2242,18,14,9,143,35,0.24475524475524477,19,236.61617614806065,6.8918058916191,8.847214168426017,251,2592,0,0
4412,3326,728,34,0,3,235,210,0.8936170212765957,183,69.69579158342809,9.861757567284894,13.440112523054843,924,9467,1,1
4895,9561,1819,33,4,4,210,206,0.9809523809523809,152,63.5573462335694,11.429585115744501,17.556538266371657,853,5678,0,1
1521,4522,639,3,10,2,213,98,0.460093896713615,15,198.34840746729014,6.8280015142171,10.480258603946485,450,3987,0,0
2615,9995,2788,23,18,11,210,15,0.07142857142857142,6,288.21501344819654,4.872261356261255,8.260896993506398,422,3457,0,0
3368,4321,1730,1,17,7,177,27,0.15254237288135594,9,227.77130069814626,4.130958660695697,6.278913347577836,315,121,0,0
1560,4433,1990,13,3,3,105,98,0.9333333333333333,11,184.43230540400572,3.638456471838353,7.1411717607602725,243,3152,0,0
2394,2545,919,6,11,6,189,78,0.4126984126984127,1,226.7061077610126,5.611484817151077,8.899971416333962,197,3087,0,0
4147,2304,1765,35,3,2,144,131,0.9097222222222222,116,87.13897092357544,8.021229110659663,15.538856367953468,1418,6248,1,1
4433,4589,2719,53,0,5,149,130,0.87248322147651,128,48.268504647685994,6.460457321624598,12.630869130741008,1243,7808,1,1
3067,9602,1388,10,13,13,51,37,0.7254901960784313,9,338.4071809220565,4.640495985475985,6.862331036126561,70,1773,0,0
4339,4801,2547,35,0,5,137,134,0.9781021897810219,72,85.02364928170522,6.556939540504392,13.46570109140411,1444,10633,0,1
1509,8483,1109,21,4,2,245,66,0.2693877551020408,4,267.96800815108844,5.1958038196188046,6.956211853765795,477,4041,0,0
1862,4499,1628,15,1,0,147,85,0.5782312925170068,1,304.8709378028101,5.118904091737351,8.3285780387302,349,3062,0,0
506,4491,3415,16,17,8,244,95,0.38934426229508196,17,211.70950099706442,5.465478200168689,8.114629965658622,361,4034,0,0
2197,4312,400,3,16,3,128,83,0.6484375,10,148.90032386259685,6.044322704765737,9.163689760715478,447,4725,0,0
4795,5199,960,23,3,4,132,117,0.8863636363636364,99,98.44358520598088,8.723743113898353,16.614635920097463,1484,11538,1,1
57,3593,636,12,8,9,226,87,0.38495575221238937,14,215.01372460037072,5.713979910734222,9.334715783054554,368,4243,0,0
1616,3072,2645,21,8,11,147,21,0.14285714285714285,19,297.7289790553089,5.867697253224879,9.618647444769087,302,4976,0,0
3238,2417,2905,9,11,7,119,19,0.15966386554621848,3,319.2070062023232,5.801186958077767,7.265922779180164,139,2849,0,0
3878,9447,812,5,11,14,152,28,0.18421052631578946,12,197.03529582833056,4.371401898542872,7.707765646738625,405,2982,0,0
3866,3319,3422,13,2,6,72,20,0.2777777777777778,7,281.8041373538392,5.325698701734608,8.66274976282197,231,3148,0,0
4593,8455,2171,41,4,1,234,205,0.8760683760683761,184,78.08265465330267,11.611499201830437,18.701467016278585,945,11605,1,1
3965,3203,2893,12,0,11,266,75,0.2819548872180451,17,293.2074603853476,6.603609569809395,7.956940923908003,232,3432,0,0
3464,8930,2522,20,16,5,116,103,0.8879310344827587,14,210.30127060397308,5.377988550450354,8.525664036382265,316,3333,0,0
1627,1136,2857,20,11,4,179,76,0.4245810055865922,9,286.5416117597462,6.841720288720115,9.87760130368487,65,3627,0,0
4041,5955,3301,48,2,2,115,102,0.8869565217391304,78,104.5083189323718,8.71637075927648,13.505044718902646,572,11558,1,1
2966,8618,1498,22,10,9,97,51,0.5257731958762887,11,183.70579615231554,5.104859891373786,8.198998018271784,207,3492,0,0
2770,2224,2357,15,3,9,88,12,0.13636363636363635,6,216.9633423804067,6.173271044960149,9.650959852836436,332,3045,0,0
3523,8310,3316,12,19,10,197,64,0.3248730964467005,17,163.63524106667538,6.739479443746453,8.260118647049799,221,3920,0,0
924,8080,1942,17,3,2,182,88,0.4835164835164835,19,283.12680166993067,4.677144098481568,7.7762833299445795,393,3546,0,0
3089,3145,1612,10,16,4,56,23,0.4107142857142857,13,224.1955349635818,5.731353636549854,8.371770359175757,243,2850,0,0
576,3773,2770,4,8,4,264,39,0.14772727272727273,10,263.69286401995623,4.212367803554466,6.3433909394307,464,772,0,0
308,7038,1020,22,7,4,94,26,0.2765957446808511,1,323.08690667674466,5.661051478596589,7.551411524656141,295,4484,0,0
1918,4463,2742,20,5,3,77,42,0.5454545454545454,13,207.18559381698597,4.333082198628556,8.129219707344424,312,4130,0,0
471,5704,3301,4,1,8,194,97,0.5,8,211.05301795918794,5.184903266967891,7.896131741178816,143,4363,0,0
3294,7744,2371,18,15,6,295,25,0.0847457627118644,2,278.6390494007083,3.528983495863643,5.672807893722318,485,4902,0,0
1387,7406,1630,23,15,8,182,51,0.2802197802197802,6,275.38059114716236,6.600392892278729,8.698439055054358,263,2955,0,0
3565,2703,2528,20,19,10,123,117,0.9512195121951219,19,260.69743247454426,4.929659487566015,8.721384156293363,64,2960,0,0
3057,7838,3125,4,3,12,235,77,0.3276595744680851,8,196.365142153941,5.938451391669694,7.162108711215323,119,3966,0,0
4308,5499,399,32,2,4,183,177,0.9672131147540983,124,103.70235844223669,8.726628600929162,12.562795344605874,1096,4091,1,1
3303,2008,420,19,9,9,79,30,0.379746835443038,11,202.3606822383261,4.840960978723286,8.53222154678075,361,2026,0,0
4842,9036,2488,38,3,5,82,76,0.926829268292683,46,91.91692182188163,8.690475767070978,14.502932682658649,1072,4995,0,1
4616,2075,1424,59,2,0,248,229,0.9233870967741935,119,96.88760884618495,10.14272982061523,16.509136397141962,558,8580,1,1
3743,7454,2787,23,15,12,141,12,0.0851063829787234,0,199.03033405381944,6.986050805829339,10.597341743181815,189,2210,0,0
1052,7665,2882,11,13,14,248,59,0.23790322580645162,15,249.45796162200878,5.220187770020365,7.463531575126804,419,4742,0,0
673,6295,1094,14,0,5,286,70,0.24475524475524477,2,339.96255228430977,6.3588947966598734,10.093625458449031,98,830,0,0
3401,8716,454,1,2,13,295,66,0.22372881355932203,2,246.59912560471088,6.614355778190461,10.603695030234874,238,357,0,0
1116,1770,3273,22,14,14,178,117,0.6573033707865169,13,228.5481375953667,3.7952140942098858,5.056314789484548,88,1375,0,0
4091,8536,1885,38,2,3,102,90,0.8823529411764706,48,122.25339076142403,9.13431260194704,15.941519690348741,1432,6804,1,1
2055,1453,1400,10,1,12,181,55,0.30386740331491713,2,328.84249127946083,4.662020785320681,5.925591826064718,348,2806,0,0
4581,5814,1583,50,1,7,106,102,0.9622641509433962,87,94.12238038117792,9.143917964230672,15.437044070111945,1388,7413,0,1
1498,9305,1103,18,5,14,112,24,0.21428571428571427,6,283.4971388080311,5.753887190665597,7.033621948329672,179,2105,0,0
4145,2670,591,23,0,8,111,92,0.8288288288288288,51,99.25622465647928,9.952779986048913,14.334861791232292,1497,6956,1,1
2209,3914,2977,18,15,0,166,18,0.10843373493975904,17,189.59726866007153,5.640192167800186,8.054481713696696,155,3276,0,0
3221,3875,1718,18,3,0,114,37,0.32456140350877194,18,214.16277950951581,3.3615820765934874,6.9551060107589056,314,1590,0,0
541,5958,1540,22,10,4,62,25,0.4032258064516129,1,299.78906141887643,6.029306211790573,7.763271375604711,407,3345,0,0
822,9554,2964,20,14,13,175,58,0.3314285714285714,9,226.5008713334996,5.694929573810978,8.476046922665283,76,192,0,0
719,6672,3341,2,17,3,272,86,0.3161764705882353,1,230.37191533350867,5.711280724441552,8.860639669117923,446,2884,0,0
1701,2493,2363,16,8,11,161,22,0.13664596273291926,12,378.8459875520657,5.435888303559906,8.957690171072342,459,3751,0,0
3061,5766,2390,22,4,4,150,21,0.14,3,256.8678769962904,3.4805151451060232,6.7123715912646595,231,4452,0,0
4925,3771,2401,54,0,4,73,68,0.9315068493150684,47,87.75629860087038,10.405645856030036,14.372280774286228,960,11167,1,1
4506,2617,633,22,3,9,157,140,0.89171974522293,89,82.25479502318665,6.530810636034848,10.473068097062223,955,7625,1,1
4165,8289,3105,38,4,6,138,122,0.8840579710144928,74,76.56665770030844,7.664657208130215,13.281120986179722,749,7903,1,1
369,7524,3227,10,17,0,194,80,0.41237113402061853,2,196.53565722905873,3.7130542686601515,6.740523043972372,447,2056,0,0
538,4483,880,24,10,5,152,10,0.06578947368421052,3,244.23878837239013,5.115057111589919,8.594228046391585,497,1069,0,0
2999,7699,593,21,2,1,161,21,0.13043478260869565,4,234.72913899844892,6.918396868514863,9.449747572543595,423,1182,0,0
1494,3238,3490,23,17,14,186,69,0.3709677419354839,7,249.2510397285311,7.48268492160917,9.054712761873544,101,2721,0,0
2373,6965,1204,23,6,3,155,37,0.23870967741935484,6,195.28480597032947,5.935188074931068,9.228842467742538,170,4216,0,0
136,2274,497,17,13,1,238,29,0.12184873949579832,8,286.381477181849,5.551945885807299,6.669976507812828,168,1158,0,0
4976,2329,1992,48,0,1,154,127,0.8246753246753247,80,76.08130147316609,11.172397395361584,15.878070951075149,785,9660,1,1
3230,7585,1638,19,3,5,166,49,0.29518072289156627,5,326.07250785846384,7.169951282978696,8.207326518584026,479,139,0,0
1265,1543,2485,0,5,2,110,51,0.4636363636363636,18,257.05572483527965,3.9750150598559406,5.248766767702676,329,1555,0,0
161,2826,3278,9,13,5,207,97,0.46859903381642515,2,216.59547731784755,6.492042349536523,7.734800198690279,454,4325,0,0
2647,6351,1848,19,4,8,237,38,0.16033755274261605,1,186.9512620545698,5.757729741211053,8.253709803667016,61,2684,0,0
2570,9219,1602,15,14,1,52,22,0.4230769230769231,2,295.9181557466935,6.057738828932371,9.76199353807041,487,200,0,0
4005,4258,2834,29,3,9,239,225,0.9414225941422594,210,99.83038127420502,11.040766249209824,19.029391739739626,1499,6658,0,1
397,1864,3078,2,16,11,294,40,0.1360544217687075,18,316.60945553803924,5.7265919914928105,7.878719906666111,499,4703,0,0
4704,1838,740,47,1,8,207,198,0.9565217391304348,179,72.86639215768206,9.427365739338098,17.386243999880445,1050,6810,1,1
560,5675,2923,12,6,11,74,60,0.8108108108108109,2,221.68027043926384,6.331616786180404,7.541822873343972,346,271,0,0
3433,9199,2236,6,15,13,93,73,0.7849462365591398,16,313.95786050725684,4.66161729522735,5.784681245151429,171,4967,0,0
4330,5016,482,44,4,3,89,83,0.9325842696629213,74,35.29969759216069,11.901921070225923,18.95385337455426,1451,8132,1,1
2700,2562,941,11,9,5,197,47,0.23857868020304568,4,203.77223902653418,6.434328746725997,8.924920313960218,472,4363,0,0
3143,8330,1369,5,12,3,242,26,0.10743801652892562,3,271.76143204095666,5.156797175739055,6.743026157699886,189,1877,0,0
2952,9551,678,12,12,3,174,37,0.21264367816091953,16,298.0931415325545,4.014344500507902,6.8639845679563045,359,927,0,0
3094,3935,2991,4,2,12,289,73,0.25259515570934254,14,255.64958837889975,4.5678687848864685,7.523402640255275,490,553,0,0
2776,4410,3258,20,17,1,128,62,0.484375,11,252.63697791507497,5.417702569268392,8.474631788196621,376,1044,0,0
1026,1774,1862,19,14,9,150,61,0.4066666666666667,13,218.6453587613852,5.459082464804931,9.105227022828027,307,816,0,0
2543,3040,1981,9,0,13,181,61,0.3370165745856354,17,252.3094947217266,3.854296420569746,7.628980588040623,86,944,0,0
778,6024,2876,22,8,5,75,72,0.96,1,262.3516435111669,7.231343189095807,11.02442116802101,234,1850,0,0
2607,3127,1728,20,16,12,105,60,0.5714285714285714,3,271.03219556223445,4.160892917576582,7.260274743951032,301,4789,0,0
897,3369,534,16,6,10,189,31,0.164021164021164,3,208.89171966552965,4.212394716346939,7.33736686358085,458,792,0,0
1443,6140,3235,5,14,4,112,94,0.8392857142857143,18,278.31400983860976,6.514266329757735,8.23972477671948,189,3611,0,0
3284,5982,2474,13,19,6,52,10,0.19230769230769232,8,260.13909341903843,4.938102169794437,7.969516411530825,376,109,0,0
2486,7315,1790,3,15,2,298,72,0.24161073825503357,9,250.89575389135638,5.624782263392644,7.041657056543199,350,998,0,0
942,6492,2513,0,16,8,76,41,0.5394736842105263,8,273.58009830037764,6.96649290498534,8.080847640550815,314,1665,0,0
3272,6935,1982,7,16,4,53,39,0.7358490566037735,18,180.69017873052752,5.312652726752122,7.396442194136419,270,1651,0,0
3177,6085,3234,24,10,4,243,72,0.2962962962962963,15,256.59130877405573,5.244572347018135,8.165598805730355,433,920,0,0
1172,9949,3250,8,14,1,76,17,0.2236842105263158,6,277.19517417724165,5.954124646170255,8.70532139665063,419,4996,0,0
4819,3899,2679,25,2,7,208,202,0.9711538461538461,154,70.18856038284439,10.503287290388215,13.833222567136598,1200,10962,0,1
3703,8868,350,19,9,11,297,28,0.09427609427609428,1,267.424812621425,5.263171957197703,8.9127801102942,127,2065,0,0
3411,4366,736,16,7,5,145,15,0.10344827586206896,12,304.74236125693983,6.071176887973435,9.946704273633886,292,2635,0,0
2034,4268,3285,3,14,11,184,44,0.2391304347826087,1,177.71948996117186,5.540428939833467,8.829998551991952,400,2563,0,0
3052,3200,2277,11,14,10,67,58,0.8656716417910447,18,247.44514702962843,4.34626752300962,6.790471023689097,188,2792,0,0
2483,9796,2152,8,15,12,236,110,0.4661016949152542,13,197.6334099127364,5.114722799960701,6.385872528371053,416,988,0,0
4065,2287,2668,52,1,9,86,77,0.8953488372093024,76,93.06244732455919,10.76649778230868,16.187027992756555,1351,6066,1,1
4518,8754,1671,46,0,3,248,235,0.9475806451612904,229,65.5899148308481,8.917717028512879,16.5059611596921,536,4689,1,1
4094,9395,1038,32,4,1,175,172,0.9828571428571429,88,96.23700386909972,10.879390520286996,16.73523499674153,576,11917,1,1
3187,3316,1260,23,0,11,70,40,0.5714285714285714,5,316.18150842774645,6.0148421928734495,9.483739713405718,50,176,0,0
2809,3884,399,11,0,4,263,37,0.14068441064638784,15,230.69017020602885,4.553349518841226,7.548945367482821,126,2178,0,0
3543,3689,2399,8,5,11,125,70,0.56,17,245.04589103215727,5.039090125718348,8.723721316295311,385,1700,0,0
3991,2347,2619,20,16,12,171,53,0.30994152046783624,18,275.353527063324,5.925794474047244,9.389635635415615,93,3519,0,0
33,7617,3594,6,3,0,225,94,0.4177777777777778,4,331.62056519658177,4.0698586220393675,6.975139574642299,339,3351,0,0
1124,9530,3258,14,15,1,287,54,0.18815331010452963,3,218.3505267392456,5.399606011533119,6.9051677879643965,204,1356,0,0
1621,2274,1469,9,19,13,175,92,0.5257142857142857,3,165.9080282216661,4.268989306372646,7.37974448336896,203,718,0,0
2696,9070,2548,21,17,5,84,75,0.8928571428571429,2,247.9834228201087,5.468445000049337,7.397483504610947,425,3840,0,0
4116,9082,1603,29,4,4,113,95,0.8407079646017699,64,79.05849080068175,11.169397253078332,17.789564700423462,1430,8771,0,1
89,7809,1922,12,1,6,235,38,0.16170212765957448,4,259.79226275488406,4.521627222384968,6.343792884446586,66,4783,0,0
1209,1684,2629,12,14,3,294,113,0.3843537414965986,19,266.00645824884674,6.253009921064145,9.103224162788853,429,4545,0,0
4601,4575,2581,57,4,3,83,76,0.9156626506024096,44,31.363752346682567,9.791410932201483,15.454057425939727,910,5439,0,1
1211,5046,2434,9,10,4,75,63,0.84,8,215.2598949230679,6.460805866138375,9.728587901130087,87,1568,0,0
2354,2852,3419,17,3,3,185,95,0.5135135135135135,4,282.03220878814125,5.436764426732544,6.974671220957477,95,2705,0,0
1470,4935,560,19,18,7,168,62,0.36904761904761907,19,319.23513515013906,5.091230118894258,8.827433654271136,64,162,0,0
2342,3022,1329,14,9,2,80,24,0.3,5,288.6670847322354,5.076622509764263,7.543301938355491,140,3073,0,0
1562,9203,2902,11,5,11,135,61,0.45185185185185184,8,193.76478955367816,6.401875624933232,7.771342046899603,443,675,0,0
971,6327,1021,19,11,8,89,48,0.5393258426966292,13,245.82129265725865,5.9645259223443325,7.761023573999179,98,2996,0,0
436,2001,1460,24,19,1,59,39,0.6610169491525424,19,311.58841147447464,3.8595386429435914,6.021892530711208,217,2768,0,0
1979,2266,1160,9,18,11,272,82,0.3014705882352941,4,197.37384725013106,3.4131514706840624,5.983953189861774,115,437,0,0
4542,8153,2626,24,4,6,78,73,0.9358974358974359,69,61.876491075758736,8.179134665029354,13.989456586217312,1441,7961,1,1
4946,5697,2725,58,3,0,182,157,0.8626373626373627,136,80.72305390195879,8.080550738082872,11.087553060895388,851,11648,1,1
815,4046,3059,21,12,12,96,38,0.3958333333333333,8,162.4281001398084,4.731781391918701,5.838527829299089,406,3498,0,0
1237,2566,1346,4,2,3,213,90,0.4225352112676056,4,248.45273125730546,5.620539025469707,7.221500483691171,443,2371,0,0
4970,8518,370,55,4,7,77,68,0.8831168831168831,66,72.37742994589085,7.821961980522058,15.325983484462395,1122,7596,1,1
4064,3093,1427,26,3,0,152,129,0.8486842105263158,125,56.68831994123378,7.487600065511801,14.772368856015223,1248,7229,0,1
1024,6467,3399,21,8,3,298,114,0.3825503355704698,14,235.47219301402498,4.300741500073073,6.755907492940969,490,989,0,0
4106,2554,2320,43,0,2,208,185,0.8894230769230769,174,66.88352922891451,9.00874633249674,12.96561405870702,1423,10903,1,1
4676,2749,1582,43,1,8,56,47,0.8392857142857143,37,99.6728995420925,9.033169432090984,13.183799395641827,960,8102,1,1
3940,1234,3549,2,8,7,163,95,0.5828220858895705,6,255.4033239170875,5.469991676417645,9.160505120992,258,2110,0,0
2617,6648,1675,16,17,10,164,54,0.32926829268292684,19,255.69603719325661,6.2707374977524815,7.689437949677446,391,492,0,0
1225,5323,3389,12,19,7,122,24,0.19672131147540983,18,223.72523485377332,5.812809512638739,9.068987617989844,466,4449,0,0
2406,1741,3596,13,11,5,72,25,0.3472222222222222,12,234.205949757531,5.357452762138592,7.472093747148117,180,481,0,0
1415,9965,3546,1,17,9,132,40,0.30303030303030304,3,214.99795524667792,5.711567899936673,9.352676778714027,478,4509,0,0
3871,2184,3554,24,13,6,77,65,0.8441558441558441,19,212.3998180427114,5.152773372129968,7.058871282003009,367,3592,0,0
1809,2593,1921,17,10,0,261,11,0.0421455938697318,0,308.145128627207,5.35284469478314,7.001804601840055,183,4592,0,0
302,6668,1174,17,1,14,128,101,0.7890625,10,185.42444494520976,5.927097316791667,8.697795294244345,184,3744,0,0
647,1109,2497,8,19,4,98,10,0.10204081632653061,2,284.8161431040162,5.7787998123854605,7.074440366624287,154,2147,0,0
2238,4611,1133,19,10,1,270,46,0.17037037037037037,17,231.42830206850428,5.676049687252279,8.117154007523935,261,878,0,0
2775,8989,1844,19,10,4,92,29,0.31521739130434784,8,223.4626266475592,5.730746914296802,8.404677465155665,371,4828,0,0
1178,2842,890,8,9,12,292,65,0.2226027397260274,13,350.22116518375856,5.402688849298409,6.707412482004553,490,2849,0,0
3691,1057,2812,9,5,13,274,51,0.18613138686131386,3,271.5116481494239,4.955711023703236,6.293291394641632,79,2613,0,0
4984,1836,3441,42,2,6,134,108,0.8059701492537313,60,106.07439307401768,6.655116320812583,12.413093682643666,1062,4171,1,1
3295,8530,1545,21,1,3,263,23,0.08745247148288973,4,236.84838724985374,4.3898938767469,7.574448692255647,352,1564,0,0
3681,6851,936,20,1,5,298,20,0.06711409395973154,11,181.3660450144465,6.186838133265137,7.8307553728253545,303,1887,0,0
38,6988,1848,2,16,2,250,33,0.132,15,231.61186086734867,4.952276517040671,7.693908554072401,200,4232,0,0
2731,1973,2822,10,2,14,175,83,0.4742857142857143,7,151.36710204936196,5.746367114609801,8.198928363420817,102,1421,0,0
4429,4991,1182,42,1,2,79,76,0.9620253164556962,43,84.8710918403725,9.072287959266157,15.324417101976142,695,8504,1,1
1882,4041,2481,13,3,7,217,37,0.17050691244239632,14,251.9932103745793,6.283468106208917,7.859761041812975,428,3948,0,0
1040,9509,1847,13,4,0,231,112,0.48484848484848486,5,283.11528228641146,5.5380438101898,8.323644352906113,296,1989,0,0
2612,2839,1260,7,2,6,74,11,0.14864864864864866,8,204.21895474401816,6.530749416352569,8.532702071150574,400,4545,0,0
4299,5728,960,48,2,3,184,182,0.9891304347826086,179,86.07332874929763,6.001518965962286,12.983516601613653,572,10933,1,1
951,9783,2631,19,6,14,190,99,0.5210526315789473,15,302.42424368522757,4.514189503524527,5.767001181066823,323,4606,0,0
586,5439,2368,15,16,6,134,20,0.14925373134328357,15,231.37728439753684,6.170348702901999,7.416380926526562,340,3924,0,0
2388,5254,448,7,15,2,227,25,0.11013215859030837,14,210.4294662811209,4.8770951771866144,6.819158928936786,376,445,0,0
3738,7747,3123,23,9,3,201,86,0.42786069651741293,6,249.58082759850686,5.156952581355947,7.134120450855443,126,3170,0,0
2038,9226,2809,16,6,11,206,17,0.0825242718446602,15,213.82528951375366,5.626739621652954,8.36592778302197,73,904,0,0
986,7110,1821,18,5,8,93,45,0.4838709677419355,8,272.0176996938957,4.979031448768904,8.931526327218549,433,4005,0,0
2798,4018,2608,13,4,12,210,49,0.23333333333333334,14,193.09126879243658,6.230853827566904,7.989370707464034,53,3227,0,0
2538,4403,3477,20,7,1,256,96,0.375,7,320.0326224406847,4.980351594871456,8.582519410811116,204,2714,0,0
1566,8378,2345,1,1,5,75,12,0.16,6,169.45507902167395,6.549911164010398,10.029860490402575,250,4503,0,0
3566,3385,2896,13,4,8,56,39,0.6964285714285714,16,217.83114171688294,4.6302917593808415,6.138664618078815,308,3135,0,0
2496,7601,582,2,19,5,271,117,0.4317343173431734,2,282.3435232448389,7.638055211634004,9.298913714874201,71,1147,0,0
323,5334,3250,2,0,13,244,47,0.19262295081967212,12,242.69816971291007,6.790376751258226,8.625749390378944,460,3015,0,0
717,7594,632,21,18,13,242,70,0.2892561983471074,16,267.3056893400627,6.577871055827473,7.698244916610502,93,4339,0,0
696,4081,1990,24,2,5,122,68,0.5573770491803278,13,211.3272077983285,7.398734981355239,10.857018542366333,369,725,0,0
737,2868,3075,0,16,11,185,68,0.3675675675675676,3,266.3164611720791,4.925126308153965,6.3944070646188225,303,4202,0,0
3246,5120,1273,12,17,1,218,71,0.3256880733944954,8,335.4617341798871,5.2260735453663845,9.152185497002675,126,4782,0,0
2792,6963,3145,6,7,6,97,24,0.24742268041237114,10,227.17647870466178,4.751684682644486,8.394927699306162,108,1568,0,0
4289,1804,904,25,2,5,135,108,0.8,97,42.09098520687964,9.614593562619248,13.665297714003303,802,8792,0,1
1687,4541,2792,23,19,0,216,42,0.19444444444444445,7,260.2228344025549,6.919013822157574,10.72913195230425,202,2243,0,0
4702,3375,628,21,4,1,97,95,0.979381443298969,65,88.30789826498041,9.299137422250226,13.073297761144685,984,6759,1,1
1000,7004,2571,7,11,3,195,30,0.15384615384615385,1,251.83099631791114,7.1860931543389945,10.129220378709684,201,3163,0,0
4514,2862,302,50,0,8,140,137,0.9785714285714285,124,77.76799385341005,10.616768746103755,17.02495389461079,853,6479,1,1
1764,7732,2408,6,4,12,99,38,0.3838383838383838,15,326.3506630612996,6.070129945517846,8.027548492120426,309,4451,0,0
1535,6684,971,17,8,10,137,107,0.781021897810219,9,211.4891542634338,4.624437899566737,6.28824789544438,363,1376,0,0
1468,2756,2409,16,13,7,188,20,0.10638297872340426,9,238.72784362915,5.15049312304123,7.3701080647022685,430,655,0,0
1201,4603,2490,14,5,5,243,45,0.18518518518518517,11,221.34845368938895,6.410251681532861,7.8592720752836644,431,708,0,0
229,4259,1441,2,2,11,157,107,0.6815286624203821,11,243.2845629264726,6.3108082731597825,8.267408728123199,97,2141,0,0
3261,7983,951,16,3,4,296,69,0.23310810810810811,18,227.4856576449413,5.513604073320854,6.830521608604319,456,443,0,0
1328,6956,3388,12,12,0,253,16,0.06324110671936758,3,235.40029111420864,5.972673617003443,7.693467643839975,412,3989,0,0
188,2019,2471,0,16,5,167,54,0.32335329341317365,3,183.61420521216934,5.484180289737933,8.541914102887525,96,2225,0,0
118,9984,819,17,14,11,73,21,0.2876712328767123,15,189.2123312916375,5.654247313734068,7.265351061562891,142,3480,0,0
3700,8071,1515,18,13,5,118,23,0.19491525423728814,3,159.2676304742313,6.259087166267573,10.21247318111142,106,2776,0,0
1226,8165,2568,2,7,10,92,59,0.6413043478260869,13,166.0175619905354,4.646077486630773,7.5673093971103755,256,514,0,0
2842,8164,1398,24,4,5,190,65,0.34210526315789475,4,312.15517889241465,4.550720493294265,7.165347154233704,240,3612,0,0
681,1909,1018,0,3,14,240,115,0.4791666666666667,0,332.17707545602644,5.891127876932726,7.897955609655431,209,2007,0,0
1817,7172,1660,21,12,12,228,50,0.21929824561403508,0,193.47918706116334,4.602222202204045,8.451007188067656,366,4888,0,0
4071,8337,3394,20,0,9,143,137,0.958041958041958,99,85.74680314993122,10.969470296443184,18.138798509485902,1298,6024,0,1
4575,1645,1142,34,4,6,245,203,0.8285714285714286,170,86.72908636348629,8.71412797751539,16.322451802676145,1250,10774,0,1
2883,7739,768,11,9,3,155,84,0.5419354838709678,16,293.64928206712847,5.061818880802651,8.584476332115312,217,322,0,0
2595,9009,941,12,7,14,81,13,0.16049382716049382,3,228.2295514690957,5.292976039313968,7.735029648356254,250,1658,0,0
3114,5627,1792,1,12,7,229,25,0.1091703056768559,12,171.10913604802388,6.79397387450596,8.078156330579336,213,3560,0,0
403,3657,2399,5,13,3,220,28,0.12727272727272726,5,201.71074899305276,5.926826974766011,9.857922004401539,377,1566,0,0
4007,8302,682,20,4,5,84,78,0.9285714285714286,54,60.072113938352004,10.478240408690425,17.05694419269166,877,8506,1,1
1777,8362,3256,24,12,0,62,22,0.3548387096774194,7,178.12563522464143,6.827990588183952,8.143555442820867,369,924,0,0
370,4907,1057,15,15,13,89,68,0.7640449438202247,3,190.00701389102008,5.2077447845561595,8.845735431591581,336,4966,0,0
3058,4734,2281,12,2,10,198,99,0.5,10,266.45282234605247,4.901746725568573,6.341643346368098,309,4925,0,0
931,8854,474,6,19,1,157,39,0.2484076433121019,12,260.9382368392385,6.797249200186053,9.148996678634406,273,1073,0,0
1177,5852,2862,22,12,8,153,90,0.5882352941176471,1,261.24805758413686,5.82077392669841,8.975592423183892,56,1053,0,0
3772,9410,3247,18,3,5,59,30,0.5084745762711864,5,199.61431840877992,4.547205580835251,5.719743705016496,153,1721,0,0
2803,9323,2689,22,4,1,294,100,0.3401360544217687,2,197.09691413547412,4.956060233028406,7.536883908136505,213,2804,0,0
2585,9133,522,18,2,11,261,44,0.1685823754789272,7,298.93844401105736,7.473602811389975,9.45387119255319,410,2048,0,0
961,2439,1117,14,13,6,224,119,0.53125,2,233.40027705599618,3.490459944828533,6.9466739161924895,429,1019,0,0
280,4273,1958,1,8,0,81,68,0.8395061728395061,10,233.76132633604124,7.800395642685171,9.885526407263914,97,252,0,0
2529,8249,1251,20,6,4,80,46,0.575,18,216.3929363305108,5.256919831022726,6.814723014469528,457,1546,0,0
147,9564,649,14,2,7,101,36,0.3564356435643564,15,262.7124602067464,5.020588141181905,7.220303761594374,126,2237,0,0
2216,7867,2996,11,1,4,224,22,0.09821428571428571,17,283.94321639880457,4.386839597759106,8.131036869923967,183,4809,0,0
3573,3074,557,18,5,0,102,58,0.5686274509803921,13,272.43761872914007,6.15495153686221,8.77263869987543,216,399,0,0
4507,6966,482,57,0,9,75,65,0.8666666666666667,50,87.5074367789446,9.199660426747585,16.53540319407087,967,6866,1,1
3110,7806,1383,16,6,0,113,109,0.9646017699115044,19,186.54466118234387,5.115283104306339,7.129712065752793,286,2306,0,0
3634,4986,563,12,19,13,247,107,0.4331983805668016,9,185.11492036267452,4.227160959193185,7.7064188013779535,319,3463,0,0
2943,8986,3523,4,17,10,152,28,0.18421052631578946,0,321.2702966186466,7.364413663859998,9.232666234121199,230,2020,0,0
2567,2555,2064,20,15,10,156,82,0.5256410256410257,1,266.3010579791302,5.975359008232708,9.702218324914517,284,2284,0,0
4659,5454,2093,38,2,0,101,96,0.9504950495049505,55,91.25652394340855,11.11333502480058,18.580575660121976,1169,9317,1,1
3908,6822,3388,19,0,9,292,47,0.16095890410958905,9,246.45358905635592,5.5076410859364655,8.012282307767311,81,2544,0,0
1556,5083,556,22,15,11,158,90,0.569620253164557,16,287.0477168335733,4.516464954053878,7.175684276155524,282,2201,0,0
4610,5078,2754,34,1,1,127,118,0.9291338582677166,78,86.22607211974238,9.519654887417445,16.904162806768067,1047,8235,1,1
3519,7400,3541,24,1,1,234,85,0.36324786324786323,8,246.95271235679675,5.44025041232888,7.995971388205834,455,3552,0,0
2762,5125,984,15,2,11,253,49,0.19367588932806323,3,234.5803299432824,6.685385844182931,9.59460314740875,223,1882,0,0
3491,9435,509,10,19,8,195,40,0.20512820512820512,2,135.12396596896818,6.9205861697034,10.804649511834185,335,4033,0,0
1345,9774,1599,6,19,0,249,59,0.23694779116465864,15,241.2778032857359,4.752570746750795,7.692362598158207,91,4228,0,0
3488,2135,2644,19,1,13,134,84,0.6268656716417911,3,238.53593089712945,6.53727538063982,10.426666018040184,106,3337,0,0
328,5594,814,15,2,5,231,84,0.36363636363636365,5,198.41327101017444,6.613360505943938,8.011294238746798,305,1358,0,0
2661,6276,2820,24,15,9,80,39,0.4875,0,255.007353134747,6.304106931038817,9.044157587200269,279,1129,0,0
4979,9047,2453,57,0,0,101,96,0.9504950495049505,78,92.00383148922703,8.882017622315015,12.031862000652133,1165,6864,1,1
2837,5978,2935,5,15,2,202,105,0.5198019801980198,1,187.70877184380458,3.9149405650659608,5.773465882381637,380,2505,0,0
2552,1010,2792,13,18,10,66,36,0.5454545454545454,4,322.7264434488693,3.1896339116977304,6.8535898088377305,65,3838,0,0
1386,1631,3298,5,12,1,150,112,0.7466666666666667,18,189.63102989461478,6.568916018425313,7.675805404595731,98,2934,0,0
4686,5959,1051,29,1,3,205,190,0.926829268292683,135,78.16825770646493,8.637688350973006,16.397279713143277,1161,11544,0,1
4479,4589,733,59,1,7,123,112,0.9105691056910569,78,92.55717952165708,11.153998446254628,17.31159145412662,661,7821,1,1
3201,2258,3060,24,1,2,190,48,0.25263157894736843,19,197.9757450877084,5.2794014788191985,6.672964104573231,361,3345,0,0
1923,6588,3229,2,1,1,124,114,0.9193548387096774,14,268.55156079930083,4.330654536234196,6.919829376660198,66,2882,0,0
306,2200,2772,6,15,0,155,67,0.432258064516129,16,238.5100184712403,4.648593565739686,7.308707134989001,84,761,0,0
632,4808,2813,18,5,1,176,74,0.42045454545454547,9,153.45735303734966,4.825709707415117,7.3912023333306855,389,1175,0,0
3972,6563,1425,1,18,10,135,14,0.1037037037037037,10,224.02633573268918,5.398261609467426,6.46705811573147,366,4498,0,0
4416,1736,1894,58,2,2,69,64,0.927536231884058,59,82.2830473884644,9.847119249452208,15.252287542037562,1150,8325,0,1
4355,4511,3263,39,2,7,84,69,0.8214285714285714,62,115.61870948241824,10.915375546511502,17.123277945149972,816,7299,0,1
1679,3662,1059,17,1,0,191,119,0.6230366492146597,15,236.69068838448175,4.838914870846244,6.259940789000382,424,1721,0,0
590,8795,3214,17,4,9,131,119,0.9083969465648855,8,293.43862502953857,4.313663572890146,5.4697348379784865,102,3007,0,0
2959,2730,407,3,15,13,263,24,0.09125475285171103,16,357.4255064568345,6.617522487181994,9.814096604752223,445,1580,0,0
62,1876,1930,24,0,4,247,110,0.44534412955465585,5,239.68805205220667,3.2220495821894426,6.774502135697881,495,2497,0,0
1871,7228,2707,12,14,12,208,82,0.3942307692307692,16,292.83325599347035,5.6940210045057995,8.759080603126485,408,2868,0,0
3729,7584,2280,7,8,1,62,32,0.5161290322580645,19,250.77511217292692,5.147423956848516,6.510973770850045,220,1026,0,0
2154,4372,683,12,8,13,157,55,0.3503184713375796,0,317.43938114200824,3.436061570396888,5.6835637212009775,404,4185,0,0
408,4164,2564,13,18,5,222,88,0.3963963963963964,9,325.6672251069735,6.981515792841583,9.353844960451248,471,3258,0,0
1803,8406,682,23,16,6,161,78,0.484472049689441,6,323.1841000986055,3.7500224672180344,6.459856616465318,124,3269,0,0
3461,5898,2205,9,4,7,182,40,0.21978021978021978,5,225.2392905549589,6.51550026725665,8.260019026681773,113,3110,0,0
3580,1042,3565,5,10,7,259,90,0.3474903474903475,3,254.37804866632268,6.525864907235182,9.308819840676888,336,4211,0,0
4419,1230,2297,45,4,1,79,71,0.8987341772151899,48,78.74196253909867,7.990988304438107,15.202816518717091,523,11202,1,1
3562,4016,569,19,8,14,167,63,0.3772455089820359,13,236.83411191449898,5.10153665386609,7.043177892237167,307,2534,0,0
4209,1193,2401,56,1,3,75,71,0.9466666666666667,50,61.6998709802282,9.569271985636835,13.851058231556399,1195,11851,1,1
2417,6758,496,12,18,0,155,35,0.22580645161290322,15,202.28248670892089,5.67677281473673,7.973239180062636,381,4014,0,0
3954,9846,1914,9,18,4,299,24,0.0802675585284281,7,291.1056471390008,4.255496249653835,8.091975208168101,249,1012,0,0
4657,9897,644,29,1,1,90,72,0.8,58,82.50212903462308,12.439537250891224,17.036202278638964,1058,8033,0,1
517,5109,1611,9,18,11,118,27,0.2288135593220339,17,314.3312905051764,4.890015378481457,6.4014029132263826,258,4836,0,0
151,1145,3008,9,0,6,196,45,0.22959183673469388,17,227.64267688080434,4.913942898129375,8.521721772082532,210,730,0,0
3951,3980,647,5,5,10,92,56,0.6086956521739131,19,241.06158076385853,3.7531310147150223,5.618899847009523,287,4027,0,0
2028,6673,2760,5,7,2,145,119,0.8206896551724138,9,217.75818262257752,7.158699157230904,8.357479406413638,232,3180,0,0
623,2067,2524,16,9,2,177,117,0.6610169491525424,19,289.5692753038992,5.954917736741681,8.02474447536484,367,2462,0,0
4017,8599,387,57,2,3,238,191,0.8025210084033614,99,92.22590446425262,10.457923283957367,14.725657334729082,764,10158,0,1
2670,4982,1293,0,16,7,181,53,0.292817679558011,14,290.83832093951594,5.6636531119083555,7.135356325222068,60,181,0,0
3361,4883,3560,3,19,10,121,22,0.18181818181818182,14,87.06543007970592,6.363113402971804,9.187679828256979,188,320,0,0
3245,8286,1508,22,13,5,123,18,0.14634146341463414,12,277.9744562658739,6.402885378350825,7.98851976902975,144,464,0,0
2718,1559,816,15,10,4,199,96,0.4824120603015075,14,278.30061534616146,4.709896279249497,8.36085629573923,342,2145,0,0
4048,3032,1281,30,0,7,126,116,0.9206349206349206,70,91.69762741512646,7.798224086988159,15.697644396971981,928,5908,0,1
1581,4296,3181,4,1,12,60,50,0.8333333333333334,17,244.0645613693139,4.460755378102233,5.860782769034519,233,4375,0,0
4120,8264,2162,23,3,0,212,179,0.8443396226415094,158,79.53487148596535,9.886882029272112,17.84439619752194,1397,4480,1,1
3323,3006,2059,12,17,9,133,14,0.10526315789473684,4,186.12702809118906,5.855346715984924,7.6810766458880115,321,2666,0,0
4123,8774,342,46,0,8,71,64,0.9014084507042254,58,88.40901703276931,6.345563149111003,14.013813708168797,1297,11328,1,1
2888,9922,1277,16,6,5,235,63,0.2680851063829787,19,275.5700031793484,4.775956795744164,8.093630071763693,273,3590,0,0
1937,4032,2739,22,17,13,113,102,0.9026548672566371,16,267.9337353025572,7.513698349534852,9.669970883794786,397,1356,0,0
3050,2821,689,21,19,5,196,41,0.20918367346938777,5,327.43876496524234,4.91347055759043,6.307520811746141,312,4871,0,0
2606,9207,3071,22,4,9,289,77,0.2664359861591695,13,268.45471567237763,5.079445404040169,7.6779769647760965,295,3410,0,0
357,4354,1794,2,11,8,257,24,0.0933852140077821,11,164.63077587280065,3.946416456585193,7.600177121274034,389,4335,0,0
3365,4868,3126,19,14,3,279,118,0.4229390681003584,19,238.71908142356767,6.070001941292904,8.681454210625223,472,4783,0,0
1913,9257,3034,23,6,9,216,16,0.07407407407407407,6,231.3892207195202,5.865660841574689,9.416587270318711,51,4189,0,0
4978,6336,2139,39,4,6,214,210,0.9813084112149533,122,76.43092349879939,10.222411508220752,15.110077523512471,650,9230,1,1
1956,9505,764,20,7,4,69,36,0.5217391304347826,2,308.0024214453204,5.945396772114286,8.900154478917703,157,3195,0,0
1545,2501,842,22,2,0,219,51,0.2328767123287671,2,264.7561918151421,5.958480623801384,9.854266231297323,372,922,0,0
2636,4193,3380,4,3,13,76,75,0.9868421052631579,2,286.79429004731304,5.792691302962167,9.139751642425537,180,4196,0,0
4513,4974,1383,40,3,5,200,176,0.88,110,53.875643982216324,8.697503489920924,12.797368486861858,630,4512,0,1
3090,3153,2287,3,16,14,178,106,0.5955056179775281,4,312.5083176476845,4.199014584543216,8.069190032471449,163,1631,0,0
2723,8940,3363,2,17,5,56,24,0.42857142857142855,5,317.52678257780974,6.643023436248461,10.261739838865218,367,2206,0,0
2827,8248,1331,13,19,6,238,37,0.15546218487394958,12,250.193296741605,4.08410726293356,5.534226555806191,431,2103,0,0
3967,5164,3369,16,14,2,139,26,0.18705035971223022,2,264.12102602831885,5.685459438116945,9.597048240322394,406,1488,0,0
3658,1666,892,12,5,13,165,46,0.2787878787878788,5,241.96106889134222,7.382603383994288,8.784165063707254,125,3965,0,0
1217,4114,2531,7,9,0,180,97,0.5388888888888889,7,269.59406311227923,4.465402040393345,7.671644116914354,459,364,0,0
4011,7951,1832,32,3,4,118,104,0.8813559322033898,100,94.15316095656434,8.977996069178738,13.995305918713191,770,4561,1,1
2445,3771,2466,9,7,3,123,105,0.8536585365853658,14,296.5772542926626,5.408813057132689,7.067944445277844,477,134,0,0
2317,6484,2767,24,8,11,135,74,0.5481481481481482,4,220.53303709558355,7.195648612830721,9.535393944117233,422,568,0,0
4231,5060,2153,41,0,6,191,154,0.806282722513089,83,110.77046801325815,8.770649778827876,14.45083802468631,1216,8279,1,1
2188,3186,1464,7,0,7,155,108,0.6967741935483871,19,191.3091001450788,3.8241598354481523,7.062054377882931,481,2378,0,0
2784,5629,2957,2,16,1,194,68,0.35051546391752575,6,267.63150474213705,5.836367392766858,9.075450117557267,261,388,0,0
3399,7138,2795,3,17,10,178,101,0.5674157303370787,10,182.639857002872,4.491737834254442,7.463858608999701,386,1482,0,0
4328,2154,822,27,0,0,190,172,0.9052631578947369,99,78.55446372798237,10.10421155812474,15.189395618462338,1155,10142,1,1
571,5898,2953,9,5,6,279,12,0.043010752688172046,0,222.35002835762938,7.193937067097493,9.113264076748223,182,220,0,0
1118,4234,815,13,3,10,291,61,0.20962199312714777,7,296.94847343523963,5.436122167168653,7.44460116212395,418,4899,0,0
1561,1313,1908,20,7,0,267,81,0.30337078651685395,5,278.7754363878342,3.8367655207605105,6.1889194773569525,491,2164,0,0
3142,7017,1654,21,13,13,51,17,0.3333333333333333,8,296.7208804435751,5.691571034083291,6.760776491896866,260,4481,0,0
1184,5190,1466,10,5,7,293,72,0.24573378839590443,13,281.27956512532796,6.984641861876508,9.999570626241344,264,4069,0,0
3741,8118,860,13,9,5,298,61,0.20469798657718122,9,228.193619633997,6.0436568541826405,8.75295709283213,434,2312,0,0
1996,9515,3559,10,11,8,72,44,0.6111111111111112,14,278.30886953850865,6.466883416755744,10.0004131715576,76,2544,0,0
3868,8447,2053,7,13,8,180,95,0.5277777777777778,13,251.50261906469697,5.966370660959331,7.464172445746176,240,1170,0,0
3952,1844,3422,17,6,3,155,65,0.41935483870967744,15,242.39273930883445,6.981808808195088,9.322738058651849,100,1825,0,0
3403,4351,329,5,6,1,254,50,0.1968503937007874,14,187.9180822771861,5.193475306726582,6.506262985329768,203,253,0,0
2239,2960,1692,23,15,8,226,24,0.10619469026548672,9,251.2431816376622,6.68677190398534,9.129374279894018,438,1559,0,0
2390,7569,2467,6,2,13,299,47,0.15719063545150502,15,265.3950785555058,5.937998591431853,8.340311989743471,416,3956,0,0
4082,1210,2655,30,2,6,136,114,0.8382352941176471,96,121.9617037768372,7.560010330187534,13.068806197030293,599,10396,1,1
1261,1460,1187,8,17,14,85,33,0.38823529411764707,14,239.20348153251393,4.748056338334952,7.268120796759723,454,3124,0,0
962,2508,2172,6,3,1,238,113,0.47478991596638653,4,259.1658772998207,5.802511709348074,9.60263820677398,378,713,0,0
3780,2062,344,21,9,14,284,97,0.3415492957746479,9,295.5623230625437,5.382112509550657,9.102513796773355,454,1753,0,0
929,5841,343,2,1,5,230,48,0.20869565217391303,8,206.9746374449892,4.612144292522793,5.729903451735793,255,2573,0,0
4521,6045,3171,40,2,5,172,155,0.9011627906976745,123,56.93081458980916,6.823041679266003,11.419155897979847,1036,9216,1,1
763,1537,2383,10,19,5,136,54,0.39705882352941174,0,271.8673966303904,5.440918934714935,6.553575894895071,424,180,0,0
3342,6891,1123,19,2,6,282,60,0.2127659574468085,1,184.96868704275184,5.5469509303420725,8.58914349158247,477,1015,0,0
112,8009,1735,23,12,2,237,73,0.3080168776371308,15,263.3290273347468,5.098620242667773,7.722419978696104,273,4002,0,0
2545,3161,3233,8,12,12,234,34,0.1452991452991453,4,184.69036013865363,3.854674502005684,5.187651055220976,427,1240,0,0
1297,2321,1248,24,5,13,182,36,0.1978021978021978,7,237.178741543571,6.3857263538818545,9.114414589215658,283,3581,0,0
1960,9281,1195,10,13,7,55,18,0.32727272727272727,1,162.68580368595912,6.391579013095746,8.988469465545332,374,618,0,0
236,7626,464,10,3,2,190,107,0.5631578947368421,16,204.8956867074129,6.560642930486165,8.538112283179515,201,2934,0,0
4496,3075,2762,49,3,8,238,231,0.9705882352941176,182,72.83610000713972,11.38478065297582,16.39748612946127,1181,6859,1,1
3970,5793,2609,0,18,9,69,24,0.34782608695652173,13,220.36858785963847,3.69632864689887,6.190679708017273,123,1257,0,0
4679,8493,3309,53,2,4,240,232,0.9666666666666667,134,90.84943456468535,9.291420674138616,15.632272812245592,1278,4158,1,1
2359,1986,1171,16,5,6,277,91,0.3285198555956679,9,258.97615869335664,6.497272823114567,7.57488914079246,292,2304,0,0
1073,5353,2738,23,9,6,267,104,0.3895131086142322,5,231.78549520537945,7.525091083491953,9.565371299252158,71,3458,0,0
4930,1376,1947,45,2,3,173,164,0.9479768786127167,132,70.76433950065199,10.82541952410592,17.95918887538501,1410,9742,0,1
4661,7491,2913,30,2,8,95,89,0.9368421052631579,44,90.32768707071887,9.84306382618634,14.802318988386183,1065,11555,1,1
422,9611,1764,10,5,14,170,32,0.18823529411764706,4,298.89077748431004,3.3943530581596755,4.6246272438258895,493,1442,0,0
3621,3582,2194,9,11,13,294,102,0.3469387755102041,19,226.88685341179382,5.100768343499864,8.314260396268073,261,652,0,0
4083,2723,3060,48,1,2,180,147,0.8166666666666667,115,65.28350970565613,7.315731358669088,11.566342010001726,912,5154,1,1
2963,2501,2666,16,8,1,241,75,0.3112033195020747,19,145.82287200209907,7.628632220314836,10.28761203713782,259,847,0,0
1536,8004,3594,17,6,0,98,57,0.5816326530612245,0,247.54844030926012,6.086137193465362,7.174415392967429,213,4188,0,0
444,7691,3486,23,17,6,202,15,0.07425742574257425,5,193.28018086467551,6.729774224521937,9.23151217681443,201,2478,0,0
3385,7316,3019,12,8,14,68,36,0.5294117647058824,15,205.72967468037513,3.7452751271844473,6.6259515678887935,228,3512,0,0
3784,3365,2367,9,8,1,68,38,0.5588235294117647,4,274.51243337635776,5.7025390649048395,8.772818431059985,202,1010,0,0
9,8385,863,6,8,14,296,23,0.0777027027027027,14,242.47330708701088,4.534442328105025,6.139599935111214,401,2890,0,0
3311,4905,2592,11,17,2,241,45,0.18672199170124482,18,216.2753147000973,5.0969524261963315,8.896237793012096,302,541,0,0
949,6773,1005,6,12,12,86,17,0.19767441860465115,7,214.81512269023284,6.140950608333397,9.277515189355741,471,4483,0,0
2648,2488,1210,23,7,3,125,12,0.096,7,329.87962877986104,5.8815959832602775,7.707446138988152,306,4896,0,0
2067,9544,458,3,6,5,64,33,0.515625,14,271.2004945964992,6.934694570754504,10.51810791579105,206,993,0,0
2576,9890,2257,17,7,14,78,26,0.3333333333333333,17,234.37525609293695,7.530545723224202,9.134910581261291,180,4582,0,0
721,7452,933,4,16,11,56,42,0.75,7,258.57330666774044,2.931199120332431,6.845748190744848,170,1605,0,0
3725,4498,2742,6,1,13,135,112,0.8296296296296296,15,286.85277108527856,6.000448966483052,9.799238388323745,414,2729,0,0
300,2993,1692,22,13,7,151,74,0.4900662251655629,18,230.31952813257033,6.969798926277289,8.588451141529708,156,394,0,0
3280,2915,1453,21,5,13,65,56,0.8615384615384616,12,338.175966640885,3.9385677403516177,6.697873350962616,239,2240,0,0
2361,6551,1340,14,0,13,180,25,0.1388888888888889,10,257.6596570279039,6.88238274568994,10.2641645713948,124,341,0,0
4058,7354,2382,54,3,6,182,163,0.8956043956043956,105,39.73042956223952,11.0123393845648,17.509295554667165,911,10112,1,1
4693,9137,2561,44,4,8,62,58,0.9354838709677419,34,38.423893369188534,9.345204170508573,15.846611011975025,503,8179,1,1
2701,2105,3485,23,5,7,205,56,0.2731707317073171,13,169.69395595659375,6.065255056257987,8.340758675218298,489,2306,0,0
1317,4948,2671,23,3,7,225,82,0.36444444444444446,15,292.85360563712624,5.060574874213686,6.720859995036497,231,4304,0,0
856,3667,1523,3,3,13,266,24,0.09022556390977443,1,265.8764213901746,5.203811800382737,7.098396434009533,421,4898,0,0
2630,9493,404,12,12,7,86,47,0.5465116279069767,5,224.6247719017811,5.935564475403671,9.44547629204844,175,3913,0,0
2730,3597,2646,5,11,13,173,86,0.49710982658959535,16,267.7036172620135,5.838582910505404,7.611862499199821,496,969,0,0
4554,3828,1960,28,2,3,98,89,0.9081632653061225,46,85.65533936763998,11.32105904698395,15.744295619291313,1209,8177,1,1
2850,5079,3190,23,1,3,137,106,0.7737226277372263,3,205.8138350906579,5.937872144949355,7.011711161759634,53,3944,0,0
3850,4600,2241,24,5,9,112,50,0.44642857142857145,1,237.45663929214302,6.2946040916004495,7.824234258695295,475,4442,0,0
747,6283,826,5,0,9,282,101,0.35815602836879434,13,277.5982129665914,5.155901971737667,8.831362605957505,165,691,0,0
4566,2992,2257,47,1,5,209,204,0.9760765550239234,159,95.52326836050008,9.066208722795,15.481489030077904,990,5432,1,1
4437,7098,725,24,2,1,57,52,0.9122807017543859,43,106.18132321695526,7.857057931768292,12.318079093515362,970,5554,1,1
1486,5425,3392,6,14,9,280,42,0.15,10,192.1936316424484,4.391235104595005,7.634911866673255,434,301,0,0
4973,9544,1139,37,0,9,210,172,0.819047619047619,156,53.85541766585615,10.048872746527447,17.502631262029883,571,4407,1,1
4533,4402,946,45,0,8,230,199,0.8652173913043478,129,77.39398750006605,10.068391348524989,17.643786702524363,1037,6309,1,1
3854,7437,2305,0,18,13,270,71,0.26296296296296295,19,248.35136100971357,5.527131977746805,9.0894709988108,483,649,0,0
1435,9945,2467,18,7,0,98,80,0.8163265306122449,6,276.46499669718344,6.856106714210325,7.924167240757668,379,1519,0,0
4400,7105,2890,46,3,3,181,153,0.8453038674033149,80,75.02202211801385,7.823003169003652,14.992128608653443,1200,9504,0,1
2207,8856,2822,17,9,4,124,60,0.4838709677419355,0,257.8378692589816,6.0722653729016525,9.613478785975063,295,1260,0,0
169,5268,2031,16,2,0,209,45,0.215311004784689,10,309.82857508322456,5.34147042697303,6.635718169325765,331,2657,0,0
4806,9578,1924,48,2,3,147,119,0.8095238095238095,79,71.03731281032401,8.899826274985426,14.661598622355921,613,6042,1,1
748,8855,602,22,10,11,249,22,0.08835341365461848,6,177.91774267445933,6.32670297438148,8.460777822684687,490,1904,0,0
211,2787,441,17,18,0,126,88,0.6984126984126984,5,283.62868506013655,7.399881934895216,8.73285034253566,425,2697,0,0
2051,4994,2004,3,17,13,90,12,0.13333333333333333,7,287.63017619531126,4.900945819707847,5.98635949733831,313,948,0,0
4347,8825,875,21,3,4,57,51,0.8947368421052632,49,72.60261513989006,11.392191546164335,17.444855249734985,1256,7201,0,1
3539,1927,1014,2,4,14,104,102,0.9807692307692307,18,241.99273135555353,3.661297102038436,7.5957389139530385,439,513,0,0
4628,8089,3283,49,2,9,146,131,0.8972602739726028,125,74.50186268486097,12.416513637211382,15.891355603290176,516,8865,0,1
658,4201,1648,9,15,11,143,75,0.5244755244755245,0,284.331409597308,5.3488477133765695,6.615876918064596,102,3501,0,0
3586,5112,2864,1,16,3,163,89,0.5460122699386503,6,286.4726944908921,6.613014661967468,9.529006893446505,293,3992,0,0
4045,7548,781,29,2,9,230,194,0.8434782608695652,140,73.98696889590211,9.772418975976267,15.927309254498994,1261,5448,1,1
4099,3463,1720,41,1,6,112,94,0.8392857142857143,50,45.604755658385564,9.206362389507749,13.65038257060926,1313,11670,0,1
2230,5983,949,14,18,9,267,49,0.18352059925093633,15,356.78613785961676,4.832432499463968,6.524520869809926,314,4043,0,0
3297,2248,1972,24,18,1,221,56,0.25339366515837103,2,243.85057712311243,5.8237101518004515,7.271718136102251,460,4504,0,0
2491,2073,670,17,9,0,201,26,0.12935323383084577,15,240.8165797922391,5.7583906110004675,8.668409215004619,268,3068,0,0
3839,7377,2869,0,4,3,151,79,0.5231788079470199,10,220.50213796433792,4.8388327845008305,6.091212296571025,86,3528,0,0
1018,4322,2867,3,13,10,87,17,0.19540229885057472,13,227.84161360933996,6.2414564869926155,7.792641508016928,477,2218,0,0
3597,2860,2158,22,15,1,150,45,0.3,9,222.2526609742461,7.240104630164957,9.1463597417187,329,954,0,0
2364,4811,2515,15,5,10,210,116,0.5523809523809524,7,274.9629242790832,4.978116586294956,7.296592185729374,410,4185,0,0
4845,3263,619,35,0,2,145,138,0.9517241379310345,131,90.46350905674679,10.022487438334288,17.678628293281847,1476,4154,1,1
1359,2802,689,7,0,8,61,22,0.36065573770491804,1,303.0400035902974,6.3995613767383075,8.270794143165046,481,3814,0,0
488,3603,2404,5,16,2,123,71,0.5772357723577236,17,240.85863446983532,5.044582308688464,8.062850267429237,454,169,0,0
4929,7172,3347,30,2,9,67,62,0.9253731343283582,48,74.08134774512087,11.020559794020022,15.575119897018418,846,10430,1,1
1165,8089,1698,2,18,0,73,11,0.1506849315068493,4,170.09722540355523,5.115876740990499,8.35223398151156,311,2381,0,0
2176,3546,587,22,8,11,202,18,0.0891089108910891,17,225.6339731945604,3.6588882675799344,5.753411451294755,430,3734,0,0
1220,3124,2655,17,17,12,70,33,0.4714285714285714,7,214.39477379411804,5.637222128526757,6.780271561276047,486,1284,0,0
1841,1333,646,1,2,12,297,115,0.3872053872053872,16,244.10578677324034,5.623200493246428,9.216824251939045,245,2784,0,0
940,3181,1738,6,2,7,230,29,0.12608695652173912,17,221.99379654667024,6.29039353863897,7.846016073570651,169,4522,0,0
4832,9824,1372,36,3,8,85,70,0.8235294117647058,68,80.26960039393404,11.722362185831578,15.753157909974774,741,8274,1,1
1620,2713,2642,20,17,2,283,10,0.0353356890459364,1,282.96631948186894,4.575906152965815,5.8499538344775575,333,4229,0,0
4238,9242,2609,23,0,3,177,151,0.8531073446327684,147,84.18752545317987,10.930067036233226,17.895504399902222,750,8613,0,1
1912,2075,2373,2,1,4,189,71,0.37566137566137564,14,199.97236826326358,4.296547575375551,6.411171248724317,359,2651,0,0
583,4161,700,22,15,2,246,69,0.2804878048780488,17,307.7174787382753,5.34725543218748,8.091218491362639,338,1276,0,0
3719,1069,2259,17,12,6,118,51,0.4322033898305085,19,266.050329966914,5.352331946044294,9.228172300045296,148,2057,0,0
2316,2604,2114,16,9,14,77,24,0.3116883116883117,7,253.5803831133611,3.5446798041710084,6.050894626130479,224,2445,0,0
2360,3824,3386,5,7,14,50,25,0.5,11,198.53746484385036,3.6451550519447258,6.403355129928102,56,2738,0,0
1896,8230,2915,8,13,4,154,86,0.5584415584415584,1,242.20484584847614,4.057558002013159,7.396483469262325,477,3115,0,0
267,1619,307,1,16,10,164,38,0.23170731707317074,10,271.2943603096518,5.5191477774157525,8.791078398819069,190,2509,0,0
2385,1010,2100,23,2,8,298,57,0.1912751677852349,16,270.2677084664568,4.361419266265617,7.0522340339281016,139,2652,0,0
3849,9375,582,20,17,14,91,51,0.5604395604395604,17,275.17129021063647,6.241297044069535,8.830283071213135,411,4914,0,0
4247,3709,1408,51,0,1,90,78,0.8666666666666667,46,71.47079943166754,7.549774586161558,14.97417226762537,1460,4235,1,1
3346,3292,2460,21,11,13,169,51,0.30177514792899407,10,227.7978902073698,5.128945669333223,8.221182957427152,227,2660,0,0
21,9352,1345,13,15,3,117,42,0.358974358974359,7,271.22431220282255,6.44053558496201,9.145461394968425,492,4665,0,0
1282,7013,378,20,12,8,78,47,0.6025641025641025,19,266.62707952282216,3.9697858541774904,7.840451182076389,353,891,0,0
614,7284,3206,17,14,14,208,102,0.49038461538461536,7,314.4037862426189,5.514508999262654,8.506545683465461,250,4139,0,0
1423,6396,2234,3,11,10,187,115,0.6149732620320856,7,169.40419913456498,7.171492717866659,9.646556075967974,281,4638,0,0
1964,6950,926,6,16,11,299,101,0.3377926421404682,19,192.55799401920683,4.681047555026279,6.517853480939342,365,1958,0,0
1286,1553,1779,24,3,9,90,84,0.9333333333333333,2,173.13405751014892,5.931531501150447,8.886268285091203,409,4025,0,0
665,2885,3031,4,10,3,198,85,0.4292929292929293,2,188.2312546436557,7.023226707178839,10.288407951627388,53,3838,0,0
2167,9627,1992,6,0,4,243,72,0.2962962962962963,17,259.43352237549993,6.439029157499146,10.290902565310095,359,4066,0,0
4911,6973,1020,36,2,2,180,145,0.8055555555555556,111,104.33867277201651,8.806859697756494,14.283047699020925,806,11427,1,1
1702,3020,3468,5,2,8,199,45,0.22613065326633167,7,251.0013669902015,4.431975624108823,5.488166500290083,381,1692,0,0
812,8211,3512,13,13,7,287,106,0.3693379790940767,15,262.8626710555751,5.155522791247547,8.176073151699324,393,1506,0,0
493,4381,2120,11,1,4,257,74,0.28793774319066145,7,259.15301101864355,4.230899945296921,5.724697766395645,231,1462,0,0
2501,5046,3210,19,11,3,287,81,0.28222996515679444,5,316.3124849253809,3.5523248688918487,5.4324962973167334,491,100,0,0
3512,9435,2083,2,19,4,114,59,0.5175438596491229,12,329.11920141957887,5.858480103911159,9.423392482976528,300,4338,0,0
2435,5255,837,22,5,6,176,106,0.6022727272727273,8,214.98974069303458,4.850701097184247,7.485066666181815,442,610,0,0
3626,5531,1675,6,12,13,174,72,0.41379310344827586,4,179.931040617731,5.906071881137514,9.44085613173649,403,171,0,0
3690,8116,1122,3,5,10,103,60,0.5825242718446602,16,261.37719104158475,6.747710763306582,8.633094192723645,311,1714,0,0
4449,6997,771,27,4,1,139,130,0.935251798561151,91,90.69095602178433,9.851059487799981,12.949084974828715,1304,4611,1,1
1848,2485,2140,4,19,12,163,99,0.6073619631901841,5,257.67742771300857,5.707519637716121,8.96015296725959,254,2510,0,0
3409,7999,1061,2,16,6,242,33,0.13636363636363635,9,218.65296822244642,5.027182604445916,7.878336347809171,489,989,0,0
970,6353,764,14,14,14,129,34,0.26356589147286824,13,236.22296269472878,5.452156430650247,8.30628746802146,325,4129,0,0
2033,1101,3173,2,11,8,98,30,0.30612244897959184,5,173.58292089185596,6.059194990708667,9.128749876947571,448,504,0,0
697,9282,1891,14,0,7,216,72,0.3333333333333333,3,272.5247861889017,5.238241709778905,7.200229973988202,111,3508,0,0
4540,6726,1542,59,2,0,121,96,0.7933884297520661,88,84.52646466713375,10.09762201896885,13.551136503659302,622,8647,0,1
1222,6269,2788,10,16,12,261,79,0.30268199233716475,9,174.45610207920288,5.413403647079664,8.222246539151477,304,3465,0,0
1242,2501,710,22,17,5,140,90,0.6428571428571429,18,326.18009068458235,4.837044310165199,7.430848325047706,80,4442,0,0
439,4339,1810,23,8,3,86,83,0.9651162790697675,6,209.66268098952554,3.8073183844890632,5.436389216779666,345,1955,0,0
606,8271,2723,0,10,3,286,28,0.0979020979020979,0,194.00042848641917,5.326370966762349,6.633859954329988,313,4332,0,0
4028,9593,3116,36,4,7,95,77,0.8105263157894737,68,52.835743495846856,10.533546764417395,13.904676421536085,602,6179,0,1
3282,9543,1696,23,15,9,260,31,0.11923076923076924,7,231.06606536249348,5.678956411286443,6.808751053241091,172,3213,0,0
535,1564,481,4,1,4,236,47,0.19915254237288135,14,273.1371358352151,2.454071168918388,5.1705870542696974,113,448,0,0
934,3057,2895,13,17,5,201,70,0.3482587064676617,8,200.9863251992586,7.350047330050701,8.790452225312691,227,4502,0,0
3913,1605,1882,19,18,5,292,15,0.05136986301369863,12,257.61250642979456,6.4009334642142,9.744754727694547,114,2364,0,0
2068,3786,1225,21,18,1,94,82,0.8723404255319149,4,266.066659065705,5.826378322619546,7.284083902817556,116,4684,0,0
420,8500,1814,14,6,5,294,80,0.272108843537415,1,258.76433894669617,4.163274561124069,7.099991105406353,50,2413,0,0
1510,5118,2097,15,3,8,296,73,0.24662162162162163,17,306.2253169083642,3.167454658747124,5.899373913316367,266,1333,0,0
2791,3455,1266,11,19,3,168,24,0.14285714285714285,12,327.6141454688357,4.774116338279196,8.40394924992286,358,4794,0,0
3608,2163,960,20,2,12,159,59,0.3710691823899371,11,197.73439282637085,4.2768173896201125,5.312093187078502,101,3764,0,0
3921,5072,804,20,13,3,89,55,0.6179775280898876,7,230.67125618354765,7.064830405035065,10.904679723804687,212,1674,0,0
3845,3828,1620,11,8,0,228,11,0.04824561403508772,6,297.2663195830516,7.8237890846419,11.362053407844208,58,3634,0,0
2329,7451,1526,2,9,6,186,44,0.23655913978494625,1,293.4840882210207,4.656799735711336,6.14868609216556,270,2444,0,0
100,9502,2071,1,12,12,276,51,0.18478260869565216,17,224.1355774949814,6.90934744018558,9.348974301097307,234,371,0,0
840,6040,889,23,10,12,293,33,0.11262798634812286,7,252.33768430238592,6.898001531203262,10.830276656271526,378,3242,0,0
4021,6772,762,41,4,1,210,182,0.8666666666666667,173,65.09715661968674,8.377991732449363,14.994762379466064,1094,11271,1,1
4771,2210,2406,26,2,9,59,52,0.8813559322033898,46,104.3076207538072,9.864103669779409,14.333914575835774,1205,9413,1,1
2393,5430,3115,14,11,1,72,50,0.6944444444444444,5,251.74645668773894,4.485037586771318,7.048325793749579,118,4327,0,0
446,4797,1842,8,12,0,108,80,0.7407407407407407,7,192.84903439631358,6.320158186755484,9.939287627801093,295,715,0,0
372,6316,1747,6,1,10,166,102,0.6144578313253012,12,262.71291398704983,5.127911758547045,7.6293437061472,155,3317,0,0
2247,3065,1685,0,16,1,67,47,0.7014925373134329,14,260.2950353400173,6.5522414109439175,8.813106222927969,381,1455,0,0
1036,5559,2161,20,13,2,242,26,0.10743801652892562,16,207.60366482581088,4.622624215419959,7.559995288805178,86,3548,0,0
115,8813,2504,18,10,9,160,88,0.55,1,177.59930497918782,3.301194043379918,4.792065506954925,424,2944,0,0
2476,7632,1173,1,10,4,264,21,0.07954545454545454,13,344.29054461244164,4.07165924245048,5.909247942944855,301,3887,0,0
4614,7526,2747,25,3,7,214,175,0.8177570093457944,118,70.23753688934138,9.700696805606546,12.70433413096539,527,6983,1,1
2956,4778,2534,7,19,13,115,87,0.7565217391304347,11,242.15775584528274,6.882514119046523,9.213793382104924,275,3819,0,0
1863,2367,1576,6,8,13,107,100,0.9345794392523364,19,256.29619102427273,6.006636454909003,9.409296766346541,152,2925,0,0
2426,6026,1762,16,17,7,76,56,0.7368421052631579,12,248.81199065584565,7.2497609707750215,10.549528306357727,104,1596,0,0
1590,8366,2142,23,5,9,143,91,0.6363636363636364,18,210.07637444062038,3.6877052207515426,6.315683067161245,267,1231,0,0
823,9500,3079,8,19,10,101,72,0.7128712871287128,10,291.2225900113742,5.58270000363857,9.282428633702587,304,2124,0,0
2318,1531,2691,23,17,9,193,101,0.5233160621761658,7,300.82399846931685,5.6402815329415255,9.401833336483154,378,3881,0,0
2265,7458,1897,9,6,6,167,62,0.3712574850299401,2,226.22873851420047,6.112971121969541,8.067826581318945,446,3029,0,0
3966,2472,3570,18,16,8,236,26,0.11016949152542373,9,187.32184039048622,3.980568296717103,5.21222880903392,52,1668,0,0
1772,6338,822,12,1,9,55,19,0.34545454545454546,9,241.94959169026495,7.263485607417745,9.12562535318445,376,1140,0,0
4773,5692,1955,41,2,3,182,179,0.9835164835164835,162,146.86107573764588,11.443784891201615,15.58350007204439,558,5080,1,1
1516,8450,3118,17,8,4,97,33,0.3402061855670103,18,238.5098148342113,4.537669232554916,5.623224714288794,103,3317,0,0
979,6171,989,1,7,5,128,10,0.078125,8,192.90290904193444,5.559905256796438,8.09932976133627,247,1650,0,0
4915,8344,3301,22,3,4,142,135,0.9507042253521126,110,117.1358183169981,6.247960678500705,12.947066908112632,693,5035,1,1
1577,3494,1148,15,1,4,199,77,0.3869346733668342,10,295.3069459045689,6.334340221157107,9.575264035217419,111,309,0,0
988,6088,741,10,5,3,94,74,0.7872340425531915,2,242.23492744458326,5.004115683827094,8.443545854725103,347,2088,0,0
1888,6278,1189,1,6,8,146,61,0.4178082191780822,15,317.6724476349739,7.047319021703641,8.611394735015827,309,4128,0,0
4877,4748,535,58,4,2,103,102,0.9902912621359223,76,50.433140446770224,11.109787866207556,14.775325490789546,1496,11629,1,1
2511,7873,3339,19,12,7,66,20,0.30303030303030304,8,265.9961800001142,6.531158033985802,8.906789027610525,471,1990,0,0
2219,8123,1149,23,7,11,59,33,0.559322033898305,15,210.39241883363383,4.765390531185119,8.315964376734755,463,4366,0,0
3717,4891,1285,1,19,6,266,78,0.2932330827067669,4,171.15868093533265,4.760027158836893,7.101564281616225,368,2602,0,0
2882,4501,1107,19,12,7,50,18,0.36,10,273.43127777352066,3.7254738090274646,7.130177281900613,60,2172,0,0
2709,4823,3172,21,8,6,159,74,0.46540880503144655,4,314.90969558483056,7.118106783047688,9.56060295277085,387,3754,0,0
3485,5119,2835,24,5,0,241,114,0.4730290456431535,8,185.80443663808668,5.025351954396951,8.648460220103626,78,2638,0,0
2816,2960,1219,22,2,11,148,24,0.16216216216216217,5,300.5590413393954,5.9993246142274765,7.62435170725662,198,4795,0,0
4530,6605,3194,43,0,7,204,201,0.9852941176470589,139,70.10145758867223,9.101326732407673,16.431923882557005,1093,4247,1,1
3023,6855,2267,4,19,9,233,33,0.14163090128755365,17,238.98820427009736,5.825959879682431,6.9325642035713955,108,1727,0,0
2508,9083,2946,9,12,14,278,28,0.10071942446043165,11,287.356909389424,5.743356548057715,7.909357387712517,460,4782,0,0
1993,2508,2254,15,3,13,64,63,0.984375,16,253.41416379693194,5.472864767380857,8.540887361409496,412,2098,0,0
4432,2227,1314,41,1,7,57,56,0.9824561403508771,44,95.0063114672104,7.496172644210454,14.894895508218227,1421,9298,1,1
1815,9865,3093,19,19,0,147,45,0.30612244897959184,19,279.5060184610511,3.6810333222918636,7.415843875870733,463,2600,0,0
2410,8546,2642,17,10,0,123,112,0.9105691056910569,18,263.1190481430032,5.190340321345406,7.311724991468142,55,2915,0,0
762,2884,712,24,14,10,137,89,0.6496350364963503,5,226.15905877849286,7.135015120830803,10.174192508836079,98,812,0,0
141,1703,3473,8,0,8,247,72,0.291497975708502,15,233.27462468216265,5.706190982029327,7.57224776862124,373,3781,0,0
3671,5829,3155,19,6,6,168,26,0.15476190476190477,3,320.2440040339066,5.19119615172133,6.618578390502531,131,4535,0,0
4020,5659,1267,41,0,0,229,214,0.9344978165938864,188,103.38818374867944,6.847379789338798,13.286502429696412,937,11835,1,1
3900,5729,3270,6,16,4,291,15,0.05154639175257732,5,160.03843795734207,4.10088081802212,6.731217787533293,363,3574,0,0
1968,3021,1625,7,17,8,154,40,0.2597402597402597,14,160.04995798942963,5.750442593515952,7.801087983910481,311,3700,0,0
4658,2234,2871,31,1,4,132,117,0.8863636363636364,107,95.78126241241473,8.761163943623053,13.642482585840469,503,7089,1,1
4621,4473,1676,34,0,6,55,52,0.9454545454545454,33,81.96790413980864,8.395457784167792,13.943070975239264,583,11915,1,1
1977,2844,1139,5,2,8,62,17,0.27419354838709675,3,233.1446513730749,5.836843022916538,6.996291799435381,286,886,0,0
4839,6259,3358,37,0,8,140,139,0.9928571428571429,118,20.458706742644672,8.890049733678966,16.239069506587764,793,4771,1,1
1565,3655,3085,9,3,3,185,117,0.6324324324324324,5,231.55983674055656,6.4459409606394376,8.420600780083094,73,3633,0,0
4232,9834,1760,51,0,7,138,126,0.9130434782608695,108,92.47062296975693,10.130358851765186,13.64421165301172,1067,7048,1,1
83,7305,2926,22,17,6,173,106,0.6127167630057804,7,286.0836032021617,4.370948228782771,5.430079842045863,103,3410,0,0
2263,6289,3212,0,13,1,62,38,0.6129032258064516,3,304.626270733921,6.099441015306259,8.057556014621044,300,4968,0,0
2290,6238,1160,12,4,11,95,93,0.9789473684210527,9,213.380862720246,4.592503619264008,5.742819898778923,365,1923,0,0
2788,7131,661,12,9,13,204,56,0.27450980392156865,2,188.85336226770528,4.211227984811538,6.405858910713843,230,2643,0,0
2116,5906,1781,7,11,12,268,58,0.21641791044776118,8,287.88142862987723,5.917934660623509,7.459456020156701,84,787,0,0
2906,3994,1509,21,10,13,229,16,0.06986899563318777,13,230.30448865849874,6.359678180105043,7.83022512928814,232,2766,0,0
1737,4350,3268,2,14,6,293,11,0.03754266211604096,3,152.24569430409252,4.5823840108936675,7.199651026514049,167,122,0,0
3994,8054,2095,1,15,12,217,39,0.17972350230414746,0,258.39794480774407,6.182693510870639,8.461031063956481,110,1758,0,0
1489,4976,859,7,16,10,70,50,0.7142857142857143,18,246.20506074601695,5.5803195726252115,8.123134058952864,133,3664,0,0
2662,2996,2153,0,13,7,111,106,0.954954954954955,8,246.5808553142992,5.032572371897687,8.353271837033576,181,2437,0,0
4509,5141,3034,24,1,8,199,175,0.8793969849246231,133,108.18665214261702,8.830377798492917,13.844855331980506,1311,7038,1,1
235,2439,2282,16,13,14,158,60,0.379746835443038,11,281.745390205686,4.991282778902156,7.625765751537717,434,1727,0,0
2755,9803,2088,20,19,14,130,36,0.27692307692307694,12,264.8050049162564,6.611474453343437,8.815244572940554,436,745,0,0
4746,1558,716,47,4,8,99,88,0.8888888888888888,76,28.188950009980417,11.694041010943735,15.08372408778673,1244,10588,1,1
4493,3508,686,23,2,8,148,135,0.9121621621621622,79,64.876251966573,10.641784655976373,14.820060453298222,1396,4929,1,1
1997,3187,1941,12,19,3,58,51,0.8793103448275862,12,189.92323026303566,4.163277915853378,5.318085545180319,378,187,0,0
3692,2394,2958,21,3,0,219,30,0.136986301369863,15,250.04637186273288,6.498350013651593,9.299105475636297,144,534,0,0
2284,6237,1111,22,11,10,135,119,0.8814814814814815,0,308.55809240609045,6.5385605581135335,10.433561186543692,278,3279,0,0
709,3022,2946,19,12,2,265,76,0.28679245283018867,6,242.91895084947362,4.65709443567569,6.181454580811164,387,2720,0,0
2011,1616,1005,9,14,6,213,81,0.38028169014084506,17,290.22054854617886,6.584215204141363,7.983870986261733,92,2246,0,0
2640,6098,2753,1,19,10,273,119,0.4358974358974359,1,240.44563377906468,4.6039972981244714,6.320840008587832,478,369,0,0
2198,4448,1683,13,2,14,222,96,0.43243243243243246,10,174.8599144347465,5.299865445771863,8.516058762159071,145,3723,0,0
3568,4110,2614,8,4,2,83,19,0.2289156626506024,10,239.14782868580292,4.261630657760071,5.517360068997266,306,4413,0,0
3808,4771,2427,13,11,5,67,30,0.44776119402985076,13,264.6320497630482,5.755981576831999,8.347233151665346,104,4742,0,0
3960,9028,2514,20,3,7,231,83,0.3593073593073593,17,137.97738502706798,4.448431934169102,8.156405954507598,286,3905,0,0
2212,6301,1602,20,16,13,148,36,0.24324324324324326,12,324.55274261084776,6.855359459371991,8.520352024190972,238,1805,0,0
4274,9867,630,59,1,0,119,101,0.8487394957983193,93,90.88859768621927,10.161671999449991,17.486015412671303,607,4900,1,1
1442,7255,3439,21,19,0,288,25,0.08680555555555555,16,365.7410795888054,5.707272565834698,7.9635360595953415,213,1372,0,0
3567,8221,1956,21,3,3,262,93,0.3549618320610687,6,284.49622529814064,5.785827673590336,9.78307543120618,187,4756,0,0
1253,4262,3146,14,16,0,52,48,0.9230769230769231,8,234.1084728990228,5.651538880825271,6.757021020691187,180,897,0,0
3766,1742,2110,14,1,10,138,46,0.3333333333333333,16,253.18486023265913,7.557028248971257,10.502288692936755,223,1667,0,0
2967,7122,2263,8,15,10,226,110,0.48672566371681414,16,239.1617454834412,5.457144345533461,9.189331549093819,250,3169,0,0
3551,3271,2463,10,8,9,138,83,0.6014492753623188,16,343.8449637688341,4.499309883658515,6.360234359922407,438,1569,0,0
864,6608,310,21,12,6,285,109,0.3824561403508772,7,308.8245218817516,4.728290312941629,7.674375440540736,257,1709,0,0
4015,7074,1212,40,1,4,75,68,0.9066666666666666,47,102.32593257356544,7.451182765013311,14.889559605892817,1132,5388,1,1
4452,2348,1808,23,1,9,173,143,0.8265895953757225,99,80.58660170872743,9.778100108240341,15.17750245008477,1345,5441,1,1
103,5805,1689,13,10,13,88,65,0.7386363636363636,12,242.54054201206407,4.840586588548998,8.354063794398733,359,984,0,0
2795,5239,1212,24,1,1,156,107,0.6858974358974359,4,298.9294306695904,7.71153540994359,11.108069171835114,314,2153,0,0
4688,9625,3005,49,0,4,155,132,0.8516129032258064,91,83.4787350948658,9.401491437409684,13.265794228102259,1151,5296,0,1
564,9733,2373,24,14,8,57,43,0.7543859649122807,18,322.0972502900945,4.987625759323306,6.419254225492646,264,4747,0,0
3035,9250,3030,6,16,7,139,79,0.5683453237410072,1,301.1753720902686,5.518537390051978,6.645615117983654,106,2012,0,0
4896,6532,1605,52,4,5,174,146,0.8390804597701149,80,112.74715587066912,9.076011191396665,12.165423145590871,941,6655,0,1
4364,4338,1231,51,2,5,215,186,0.8651162790697674,144,90.03208976642723,13.168908396011187,18.75142777889934,1140,4685,0,1
2844,9695,3168,15,5,1,95,10,0.10526315789473684,2,220.79701347827546,5.294527232367084,8.526001543522481,211,3379,0,0
336,2257,3435,22,7,14,258,104,0.40310077519379844,13,224.17851780562142,5.303533416571903,9.229562817009114,482,3956,0,0
4818,3659,2836,53,4,5,227,221,0.973568281938326,208,44.91483287203674,8.239795478170835,14.163604488229893,1080,5684,1,1
2470,5188,1763,8,12,9,80,67,0.8375,16,265.9250426499087,7.062748785053012,8.818919570685152,312,4741,0,0
834,2334,632,6,15,14,115,76,0.6608695652173913,9,195.55022568972237,5.790959629657896,7.987483865498808,136,2167,0,0
1989,5444,3287,19,11,3,198,16,0.08080808080808081,8,321.50151944606847,5.7010476642816945,8.532281275362692,136,352,0,0
622,2963,3484,16,13,7,83,80,0.963855421686747,6,256.32572272848336,5.249789727235858,6.940974941779551,261,1541,0,0
1624,4464,1940,15,0,2,222,69,0.3108108108108108,18,282.9067446345659,5.576621135017501,8.130229992560894,107,748,0,0
3249,8365,1149,21,8,7,282,113,0.40070921985815605,0,247.31927922563173,3.690492774245607,5.672085996812283,397,4000,0,0
3074,2604,2944,13,19,2,195,54,0.27692307692307694,5,301.06816174498357,6.411213103795377,9.77922862958037,68,2250,0,0
2555,5887,1675,13,12,7,164,31,0.18902439024390244,2,187.1854513993704,6.079696066041776,9.090213690986484,93,3468,0,0
210,7659,692,14,5,14,235,34,0.14468085106382977,2,224.84273740492094,6.943996665574546,10.221742864757076,450,4746,0,0
4608,3404,522,54,0,1,240,202,0.8416666666666667,196,119.09390567434494,9.938469770452434,14.497863090392562,662,11973,1,1
2548,5599,2251,23,3,10,296,107,0.3614864864864865,4,207.0056023631865,7.0230437319913035,9.179484671601282,471,1730,0,0
1341,9423,2908,24,18,7,116,11,0.09482758620689655,1,278.1667751529453,5.065173208732263,6.48276304898292,296,2775,0,0
4874,4176,1395,21,4,8,141,131,0.9290780141843972,100,72.50456595826182,8.600588713376755,13.845925127943925,1105,5650,1,1
1374,5376,2328,24,11,2,221,108,0.48868778280542985,14,237.7976313559797,6.002210045707008,9.851608106093018,371,2523,0,0
3021,5664,2493,11,3,0,97,26,0.26804123711340205,0,208.6915022805411,5.925408629418585,7.987128501449277,232,4353,0,0
2099,8495,2352,11,4,14,136,12,0.08823529411764706,8,347.32869632316255,5.060796561644137,7.877564382359508,470,2528,0,0
4535,5420,3576,43,4,6,145,126,0.8689655172413793,105,62.79170234198927,10.232900290618037,14.305871656776182,1189,6349,0,1
1785,7986,1921,16,17,14,168,29,0.17261904761904762,6,215.18783897795015,5.270849340970358,7.6650702695071,364,1059,0,0
937,2615,810,4,8,14,264,52,0.19696969696969696,2,193.42971949324811,6.387382364141134,9.45127088449726,231,4529,0,0
3879,2416,2551,14,3,9,50,14,0.28,1,197.56830843116586,5.640510199260766,8.813229608157037,352,695,0,0
1034,4512,2099,23,10,3,228,22,0.09649122807017543,18,125.93254487568682,5.314656089343117,8.148608250502361,402,1997,0,0
1954,1026,3198,18,15,2,255,68,0.26666666666666666,5,263.07113059503854,6.270503097698863,8.880568333287181,202,4978,0,0
1248,5741,1027,14,12,5,192,102,0.53125,4,283.4719185771234,5.387873556388655,7.673565069805747,357,758,0,0
166,2638,1897,4,6,11,89,26,0.29213483146067415,19,274.53181107113573,4.472097234286305,8.016144890034509,227,1608,0,0
1633,7044,451,14,12,1,249,20,0.08032128514056225,17,221.98234219700785,5.324641825605159,9.017483850632315,248,3591,0,0
4482,4212,748,43,1,6,76,68,0.8947368421052632,45,92.81163711870637,8.529507245016072,14.059903981085707,900,11254,1,1
254,6672,696,15,17,13,148,56,0.3783783783783784,2,224.59299011763446,5.352219681182529,8.654922566736284,259,2888,0,0
329,5804,3202,18,3,12,134,19,0.1417910447761194,18,338.438589162971,5.007856484803997,7.175547899879363,325,2358,0,0
562,1885,2194,12,2,9,104,76,0.7307692307692307,5,271.08900371254356,6.810191908080897,10.469978232588092,499,2670,0,0
1836,8766,1283,5,7,14,115,19,0.16521739130434782,12,226.28964042878837,8.10732659666756,10.664921132204679,338,1522,0,0
2866,8811,683,23,10,1,169,95,0.5621301775147929,12,310.18943283324796,6.164499484548561,9.003342069612026,464,3568,0,0
426,5658,991,22,18,1,220,95,0.4318181818181818,11,222.29723532936083,7.099156684528614,9.834235973878235,452,3038,0,0
158,7099,3085,0,19,5,153,117,0.7647058823529411,17,271.2589421137351,5.835657989648897,8.66111722762827,87,1623,0,0
3852,2894,1849,18,17,4,133,98,0.7368421052631579,8,279.62782024518276,5.4775729350845355,9.369011916605038,183,1926,0,0
670,8631,3177,10,16,2,108,58,0.5370370370370371,0,239.12918072423818,6.530956649146339,9.604861957152025,143,3908,0,0
2066,3425,2804,24,8,8,234,51,0.21794871794871795,2,302.9948829267197,5.256766481593641,7.107541780580301,228,3304,0,0
3453,1538,490,8,13,9,277,10,0.036101083032490974,9,222.08797735517604,5.651476016734425,8.172212720154533,140,4590,0,0
2279,3876,1624,20,11,9,145,116,0.8,2,220.49716632359713,4.020135094491186,6.950042529973736,490,3762,0,0
4796,3045,711,52,4,2,207,182,0.8792270531400966,112,65.0715478809211,9.753574044899583,15.810808438645305,1379,8095,1,1
2764,2391,2223,19,12,14,174,65,0.3735632183908046,19,215.54670721338397,5.743095779430984,9.5739230647458,170,1310,0,0
2677,4871,1277,17,12,1,187,34,0.18181818181818182,12,234.80831312827507,5.780129214567486,9.777932119857045,199,1009,0,0
3724,5326,2324,4,18,1,244,19,0.0778688524590164,16,229.7643725534985,5.957836337467657,7.908503694654108,234,2360,0,0
1733,8562,3458,10,14,8,165,105,0.6363636363636364,2,347.00783159175313,6.242288507578303,8.345357075187362,336,3221,0,0
2681,5249,1364,1,19,10,62,16,0.25806451612903225,6,178.67556470685673,5.477259220628254,7.73691817894892,388,2058,0,0
4546,3827,2658,28,0,5,230,202,0.8782608695652174,147,85.15894665620395,10.952515646127395,14.489381718368682,931,7950,1,1
2131,2977,2592,14,0,12,240,70,0.2916666666666667,15,256.4738861608445,4.767445317674432,8.698600896037139,369,4261,0,0
4498,7674,2420,43,1,8,105,101,0.9619047619047619,62,96.30481366613725,7.99824333211758,11.04364129172596,916,4352,0,1
1488,2329,3330,19,11,1,79,48,0.6075949367088608,11,261.21215185368493,4.921037378457463,8.657217071920485,447,4425,0,0
3782,9794,1490,21,6,13,165,33,0.2,8,227.0773999860876,5.580684361714728,6.765505104511114,419,3122,0,0
1111,1284,745,16,3,6,168,46,0.27380952380952384,12,320.49400858090155,5.5335635548712165,8.671189582270207,259,1501,0,0
3511,9536,1969,13,16,11,138,104,0.7536231884057971,8,294.464905964673,4.419833223884864,6.649318769648025,85,2376,0,0
687,7038,479,12,8,14,81,66,0.8148148148148148,6,293.0603528033016,6.241887750380815,9.210496691501634,326,4546,0,0
222,2800,1206,16,8,0,137,46,0.3357664233576642,18,259.7687642175872,6.492460831494527,7.581465500688746,241,1617,0,0
3227,5213,1482,7,9,13,110,45,0.4090909090909091,0,257.04225551595147,4.559737382286671,7.362484602241306,194,2809,0,0
220,9921,1297,18,9,0,76,17,0.2236842105263158,12,179.6841268164083,5.4168944273713056,8.24923464059861,286,4896,0,0
4927,7210,3353,28,4,8,182,149,0.8186813186813187,110,97.72463208154383,11.174151228697788,17.517974747150653,1391,11878,1,1
1045,2326,378,17,8,13,63,40,0.6349206349206349,4,243.95200024335733,4.556429932279839,6.417757265062548,310,1159,0,0
3828,5140,1569,2,7,5,150,107,0.7133333333333334,4,258.0565544163609,5.066652890249844,7.5659256534197095,118,1704,0,0
4831,1959,1162,45,4,3,138,120,0.8695652173913043,80,77.151129101458,11.45933011528231,16.77514995624683,1080,6394,1,1
3312,8658,1318,13,3,7,152,68,0.4473684210526316,11,285.7546831092036,4.87254379672514,6.3367398236510475,358,692,0,0
2753,3808,2719,3,19,7,85,82,0.9647058823529412,3,373.8203115692632,4.323118679568444,6.681418507402672,271,1405,0,0
3185,3346,2123,2,1,6,137,24,0.17518248175182483,4,278.9582899131227,6.622711825258746,8.600068225266035,271,3883,0,0
237,3567,2742,16,4,3,77,14,0.18181818181818182,5,262.6869830747287,5.967693171765434,8.567853058061521,189,2393,0,0
4752,1375,2828,23,3,0,137,133,0.9708029197080292,93,94.60742577438964,9.52605162530728,13.18166366528748,885,4918,1,1
3570,7213,2385,22,4,11,59,31,0.5254237288135594,8,287.4757457357142,3.2189331449934984,6.898005098131816,394,4558,0,0
2235,3012,1332,22,11,0,126,57,0.4523809523809524,15,217.88832529789684,5.439206859531375,8.509294199796845,336,4687,0,0
1797,6300,2414,5,7,4,248,15,0.06048387096774194,14,220.08241294520866,4.7745472333109085,7.966579343399218,351,4857,0,0
3999,1200,3446,9,19,4,261,59,0.2260536398467433,3,264.59947595214396,5.256844932220797,6.695596617112729,365,4331,0,0
1806,2471,918,13,2,3,203,118,0.5812807881773399,13,257.9195503835257,7.640502871000126,8.726270500819272,95,2635,0,0
4409,6664,1715,22,3,0,247,214,0.8663967611336032,161,88.75327113554621,9.99957019423912,15.461101381241757,921,6695,1,1
3432,4341,2414,0,2,12,99,77,0.7777777777777778,17,182.0785377446386,4.885915684877469,6.0991007093479315,152,736,0,0
3194,2542,592,1,6,8,189,23,0.12169312169312169,0,318.4820502691435,7.086952110879675,9.332221218763303,479,3061,0,0
2446,8618,3302,8,5,9,102,69,0.6764705882352942,15,214.499148344957,4.203291429813894,7.425648118479989,352,3758,0,0
2881,3650,1059,23,17,0,191,88,0.4607329842931937,8,217.0180972740042,5.510709409439418,7.474358306128504,359,591,0,0
48,2581,3436,17,18,4,84,15,0.17857142857142858,14,257.10250459587843,6.537158464944625,8.031661248355627,338,4569,0,0
3907,8109,1437,23,9,2,261,111,0.42528735632183906,15,299.13130384203066,3.639091538888788,7.596774378594864,106,1766,0,0
3116,6561,776,4,7,4,162,67,0.41358024691358025,14,238.3929073385942,5.1014447783487356,8.385792009789121,330,4885,0,0
160,5406,1752,21,10,14,55,44,0.8,4,251.3061215769863,3.031457084115692,5.222993416403325,215,693,0,0
3190,4957,857,7,13,6,72,63,0.875,9,384.2652654417942,5.926694842304374,7.660274136680911,142,2580,0,0
3441,2210,3023,10,8,9,112,89,0.7946428571428571,10,385.0201660193654,5.451806772768833,7.858248232210479,230,1364,0,0
1694,6203,3049,14,9,14,83,80,0.963855421686747,16,252.2695472333712,5.563811728883774,8.700791787007788,109,2388,0,0
510,8892,2568,16,4,9,98,18,0.1836734693877551,7,229.16873471922688,5.436876986888752,8.787381494652479,210,545,0,0
3406,4382,2522,14,11,6,188,83,0.44148936170212766,16,265.7212666332812,4.598908558912972,7.9469862079905855,152,2737,0,0
3816,8402,3464,3,14,7,173,69,0.3988439306358382,9,174.59947336394026,6.964191730231406,8.350344288834922,154,4577,0,0
4445,1426,2480,22,0,0,136,109,0.8014705882352942,58,78.07591678604223,10.964937750892092,16.504251921260348,787,4746,0,1
2710,5255,2221,9,8,14,99,84,0.8484848484848485,13,206.4395510483494,4.898488485230141,6.399447544057618,238,3147,0,0
3339,8897,534,23,1,1,83,78,0.9397590361445783,17,261.1795846365609,5.868980379246568,9.693659582758558,403,4930,0,0
3398,6019,1031,5,10,11,117,70,0.5982905982905983,8,240.9920516676718,5.0984330364144075,7.389171026030646,126,1545,0,0
526,4557,2808,2,2,3,53,33,0.6226415094339622,4,240.15390960015552,5.035418921884382,6.835802570185875,157,4668,0,0
1752,8442,2890,16,1,2,136,35,0.25735294117647056,15,245.92936265441645,6.356828009594413,9.777173146652148,492,3433,0,0
1251,2579,2455,8,18,4,64,53,0.828125,1,267.04730617584664,5.248085067128843,6.504191405108538,277,4728,0,0
3137,6504,1535,17,7,14,134,112,0.835820895522388,11,350.3885010545025,5.6416527797420715,7.031357862752634,131,4347,0,0
1894,1794,1994,9,17,8,75,41,0.5466666666666666,11,241.35634623101373,5.227757482543962,8.890732467930789,127,3662,0,0
1235,6748,1420,6,0,12,167,78,0.46706586826347307,18,207.87437050129526,6.438207620551288,8.583337077831914,421,3997,0,0
4891,6758,813,57,2,1,200,192,0.96,121,55.154768418067604,9.92638695316601,16.46411422952545,1366,7531,1,1
660,5240,2506,16,5,14,68,60,0.8823529411764706,10,178.9625155160449,6.914614618141108,8.593069417547463,394,4726,0,0
4424,2189,1720,23,3,0,176,162,0.9204545454545454,117,87.49833668702655,11.027111748084238,17.17171767381498,647,6959,1,1
2619,2505,1846,22,17,4,282,66,0.23404255319148937,19,290.5270999473469,7.479333618383878,9.999281343419993,211,277,0,0
2751,3019,1934,13,15,1,94,63,0.6702127659574468,7,106.4267005761343,5.0871214012038735,6.105632832705955,289,369,0,0
2225,8519,3342,2,3,5,125,55,0.44,15,266.8460186034875,6.300004137701165,7.664862513841833,398,944,0,0
1920,7381,3555,5,12,1,223,92,0.4125560538116592,14,229.0372189833542,5.151242187404242,7.13935665633757,54,3794,0,0
2340,4140,879,0,1,10,163,36,0.22085889570552147,9,226.9243432372546,5.884750533766804,9.829697162631604,417,4107,0,0
634,6780,2055,22,6,3,254,110,0.4330708661417323,0,260.93296533786486,5.053679484765655,8.813793977092812,389,4608,0,0
3603,1702,363,8,9,6,212,20,0.09433962264150944,3,215.89426703437448,5.814928468444422,9.688915931613105,483,3200,0,0
2249,4508,3278,19,1,13,94,36,0.3829787234042553,8,245.1514741165679,4.509861108255769,6.051770761098366,252,3182,0,0
1959,8060,957,21,19,3,185,98,0.5297297297297298,19,182.73418094827744,6.224824001331891,9.809733871394817,381,1635,0,0
3969,7545,2935,4,12,11,165,84,0.509090909090909,0,207.68802951472887,4.898778489199893,7.244907379769435,419,870,0,0
4270,4185,683,53,4,4,62,49,0.7903225806451613,27,86.33918282037527,8.126535540146989,14.255270862962696,901,8253,0,1
2271,5432,1289,3,16,10,93,55,0.5913978494623656,5,264.3139111540942,7.304448971987124,10.755150756041775,61,2364,0,0
2025,8004,3156,21,2,5,288,78,0.2708333333333333,13,223.30613921632371,4.907541124216577,6.7743066196641175,242,1773,0,0
2123,6047,2631,13,17,3,214,58,0.27102803738317754,19,282.82530415876136,4.186727712747752,7.607162763991967,420,2873,0,0
3686,1953,1638,14,17,7,131,114,0.8702290076335878,3,249.83101930907125,5.088677843030876,8.143144167593423,200,4570,0,0
3888,1111,1876,19,15,13,101,43,0.42574257425742573,14,291.9714459598847,5.38289677314467,7.787667615369049,497,285,0,0
1303,3113,1540,21,6,11,211,36,0.17061611374407584,5,283.8818550962444,5.492325936315496,8.735049844477828,454,2042,0,0
3652,6863,1065,23,17,0,234,19,0.0811965811965812,6,214.40691081618482,5.946033357899765,8.261874232740201,471,3722,0,0
3495,4207,2272,8,1,1,190,41,0.21578947368421053,14,185.51564814742466,5.698348181561934,9.553566756486912,447,1885,0,0
4135,4451,1656,44,2,8,139,126,0.9064748201438849,72,74.62747513273501,11.511912176459784,17.767278047591198,1399,6748,1,1
3625,6940,3474,6,18,9,112,83,0.7410714285714286,6,365.26221867260796,4.4209351449648775,6.999995673195338,85,2893,0,0
2599,5380,1490,3,17,1,138,54,0.391304347826087,1,191.38068171073212,6.243398233644877,9.037796722904297,131,3806,0,0
4351,8031,1368,49,2,1,137,134,0.9781021897810219,110,80.9527767916237,8.113333214547284,14.892897501570225,1294,11319,1,1
3806,6426,3378,7,15,0,51,41,0.803921568627451,10,271.4330485991448,3.5897876901550996,6.542587638229421,69,4644,0,0
1092,3944,1829,3,0,0,161,38,0.2360248447204969,17,189.28624476713318,5.369198780210129,8.140134811682415,492,1278,0,0
3739,2492,1988,5,9,9,112,72,0.6428571428571429,16,219.34024983415452,6.893359941080476,9.434385128839029,363,3396,0,0
994,4534,1929,17,12,7,293,30,0.10238907849829351,1,214.20250163032512,6.4420759410995005,8.649411356430278,363,396,0,0
2041,9025,3553,8,3,4,86,24,0.27906976744186046,3,290.21138497691265,4.022288680682674,5.435135423826916,376,4114,0,0
411,5386,1736,18,3,1,57,33,0.5789473684210527,19,256.19587131713223,4.708290649432405,8.432346285697392,195,607,0,0
3805,7434,2664,6,4,4,276,54,0.1956521739130435,4,324.11021042653374,7.281509447094562,10.173650457457901,280,1465,0,0
4243,7660,3109,23,0,8,153,141,0.9215686274509803,74,67.24015332693216,8.318473646950025,12.90661682637445,907,10612,0,1
1440,9183,2277,7,13,3,86,16,0.18604651162790697,4,212.5446651604878,4.688990181362514,7.2958186800624745,206,2812,0,0
1792,3983,2876,7,15,14,63,43,0.6825396825396826,6,319.77707900390254,4.7384284729070725,6.954842891568008,442,3802,0,0
3482,5585,3268,11,2,0,117,115,0.9829059829059829,18,357.1843426710302,4.923183625131929,7.723933597728864,287,950,0,0
873,2164,2498,8,1,0,157,56,0.35668789808917195,4,265.26498945951107,4.7504455490952635,8.258683374595778,339,1391,0,0
45,4072,2394,24,16,8,180,86,0.4777777777777778,0,261.20462409052084,5.512592400781795,6.733982094987992,276,3612,0,0
1208,7262,384,14,8,3,143,30,0.2097902097902098,4,227.24885803638492,5.656266241619496,7.596482926043166,382,3911,0,0
1998,3962,336,14,18,13,87,48,0.5517241379310345,15,185.90739213102137,6.9794614334697656,8.604264897272472,84,3113,0,0
3273,1384,2062,15,12,14,150,43,0.2866666666666667,5,219.093231462658,5.759100678014557,9.166480620008256,57,1830,0,0
4049,1058,1268,32,2,7,133,114,0.8571428571428571,104,106.08327268917405,8.408740882887967,12.868442882609802,897,7086,0,1
3145,4974,1190,21,8,10,250,108,0.432,3,150.19665539916406,5.444291724011885,6.459013601540333,133,3177,0,0
1592,6447,522,23,16,9,216,18,0.08333333333333333,2,200.5710371072684,6.033015935965817,8.510844972524296,193,4981,0,0
3395,7389,1993,0,3,12,187,33,0.17647058823529413,5,267.34531240016236,5.961170276680931,7.686157347454614,452,841,0,0
3730,6525,2987,24,19,0,239,37,0.15481171548117154,15,209.93849853631426,3.6173696662778596,7.394374453226505,464,4194,0,0
596,3765,1479,3,11,12,116,21,0.1810344827586207,1,293.43315211778577,3.816655305427168,5.447008633247812,184,2369,0,0
3892,5956,3171,18,18,6,68,27,0.39705882352941174,0,283.99316273150305,5.540840077572906,8.308764511150367,248,916,0,0
4926,4745,2489,35,3,5,129,103,0.7984496124031008,85,91.4490762094108,10.251638990955781,13.346950863640387,1425,8373,1,1
378,6450,890,18,17,2,65,58,0.8923076923076924,15,245.53829228892755,5.462429355020519,8.22748601796998,382,2430,0,0
200,2749,3026,13,8,7,165,101,0.6121212121212121,16,294.15548885735797,5.422162802987198,8.03826819684534,276,4969,0,0
1207,8028,3146,20,3,0,129,59,0.4573643410852713,14,297.6244230242314,5.414707056955342,7.2324264646963865,451,3855,0,0
1631,9382,581,6,10,3,189,112,0.5925925925925926,10,209.26136117047008,6.422011325247332,8.27282040702623,136,2017,0,0
4816,2484,1301,32,4,7,183,169,0.9234972677595629,145,93.4628399832309,10.3305940322226,16.668997019352325,1215,9395,1,1
2542,1618,1461,23,4,2,241,88,0.3651452282157676,5,287.14937515495393,4.5313660755302845,6.434157645390642,380,1822,0,0
1924,9554,3475,12,13,10,259,108,0.416988416988417,3,274.95186476345793,5.955647729933183,9.635717453912136,344,1519,0,0
765,1444,471,15,15,9,247,88,0.3562753036437247,8,227.2514843519811,5.127626941594119,8.84077034559069,222,4353,0,0
2745,4282,1187,18,18,9,186,55,0.2956989247311828,12,310.8788640940468,6.400002859645716,8.93962822959583,282,2722,0,0
4222,1810,1388,38,0,1,164,131,0.7987804878048781,122,28.53659596874995,7.25029299234039,12.904006149571284,998,9742,1,1
2324,6911,663,24,7,3,164,101,0.6158536585365854,8,307.1877458683321,4.678321745717537,5.754834754112038,473,614,0,0
694,6854,2191,19,6,7,248,92,0.3709677419354839,1,223.22214601506028,4.742569225247211,7.269909380809777,87,780,0,0
1390,9691,1924,20,15,4,78,32,0.41025641025641024,18,208.3681969631691,5.5894154480595235,9.072574691432548,292,3306,0,0
3876,8193,820,8,2,1,96,88,0.9166666666666666,6,339.8202927579823,5.516615404670447,8.520796276767335,58,1643,0,0
4187,6276,3378,24,1,7,62,55,0.8870967741935484,37,72.7405639369859,9.162453315440976,13.66994893541547,1248,8091,0,1
1750,8887,2526,23,11,12,134,57,0.4253731343283582,3,334.3003474885222,7.911640191788569,9.018150297944466,406,1468,0,0
3622,1675,1184,13,2,0,130,94,0.7230769230769231,17,244.57226891870354,4.375809484279106,6.554660792814323,219,1044,0,0
4910,4473,795,35,0,4,77,72,0.935064935064935,40,79.77640644961647,8.1869415498509,15.245664160765127,561,8100,1,1
3809,5613,1951,19,8,12,176,77,0.4375,6,137.23540901788806,5.175285005275246,7.205924355182962,372,2703,0,0
2639,8105,637,13,1,0,133,89,0.6691729323308271,15,193.09637903311963,7.059986088413448,9.477428122226637,58,248,0,0
3521,1304,1505,1,5,2,68,12,0.17647058823529413,3,244.07800625348818,5.315512427289698,6.608494816166853,325,4049,0,0
1721,1660,1493,18,2,3,85,63,0.7411764705882353,12,171.0689925785447,6.463870518999406,9.781093685369132,224,3518,0,0
2350,5734,619,5,12,13,207,32,0.15458937198067632,9,242.75252747887097,5.398075623027614,7.99398867422079,451,1833,0,0
2489,4525,2313,21,5,13,239,51,0.21338912133891214,1,246.4992780596544,5.609926279911299,8.012530748245602,446,1250,0,0
3,6393,334,13,17,9,181,98,0.5414364640883977,8,288.9596317257502,4.398902243650166,7.2288922169980285,313,4114,0,0
4488,1240,1376,48,0,0,118,116,0.9830508474576272,114,53.27773927621168,11.145754155093806,18.975452630749015,1303,10901,1,1
3326,3567,3015,18,19,8,211,27,0.12796208530805686,11,245.37029564696192,6.351302525354685,7.671439855308097,441,1613,0,0
2465,9116,2791,12,14,8,253,20,0.07905138339920949,19,184.07952747209754,6.365634184819673,9.7666554078412,60,692,0,0
1425,6030,1522,13,15,14,276,22,0.07971014492753623,12,173.00465485172703,5.413556329048538,8.025389868693882,250,3490,0,0
3105,5899,915,8,8,1,237,95,0.4008438818565401,13,226.21211827954514,6.7685841062701675,8.007105592322354,315,828,0,0
3444,5740,2689,21,15,13,50,49,0.98,1,332.1728160701459,5.695305571481799,7.528843346716515,189,2686,0,0
1571,4338,1185,12,7,14,265,87,0.3283018867924528,11,299.48468752979056,6.588178013756714,9.347330080035409,217,2952,0,0
1042,2772,2648,19,9,1,166,81,0.4879518072289157,3,269.5139238529773,4.7658899487612585,7.284583057033899,218,158,0,0
4541,9106,525,35,1,5,101,92,0.9108910891089109,63,100.17506303030771,8.050409555548553,14.424921689214965,1273,9067,1,1
2422,9973,2663,22,8,6,216,112,0.5185185185185185,11,307.67281028232827,4.5721934371469315,6.328949589868538,53,3562,0,0
3296,6144,3160,11,13,0,84,38,0.4523809523809524,15,197.53832123811821,5.116551014378035,6.614261562018779,447,442,0,0
2672,7112,2493,22,10,14,132,63,0.4772727272727273,0,254.8928076859574,7.2086915380939445,8.424377559637465,423,1556,0,0
3345,6107,328,1,18,0,263,98,0.3726235741444867,11,259.1684001665932,5.529134890420074,8.601992820059124,291,1875,0,0
2533,4718,1703,17,2,3,209,42,0.20095693779904306,4,258.71222134591386,5.8733084035615715,7.698569541715398,240,1130,0,0
4154,2126,2065,31,3,6,228,186,0.8157894736842105,132,90.93212617093742,8.246998222048322,14.80665053363199,1036,9749,1,1
2460,2951,1175,0,13,5,297,91,0.3063973063973064,10,278.6716895843991,6.375973837912579,7.392683854723231,341,783,0,0
1020,2976,1656,12,19,3,250,15,0.06,1,254.72749261614285,4.843083353124124,6.474978519947026,442,804,0,0
2571,6078,2595,1,14,11,84,41,0.4880952380952381,15,185.29715602573134,5.3857631164020505,7.520611393511077,82,747,0,0
2704,9207,813,13,5,9,98,89,0.9081632653061225,16,204.75030032529335,4.9531702938891415,7.585079201282258,98,2354,0,0
573,1028,1864,9,8,10,212,24,0.11320754716981132,15,186.42944089129622,4.252707354969846,5.2739827932929595,215,2006,0,0
3533,2377,1677,19,6,6,286,86,0.3006993006993007,16,334.04530031315886,4.905616837222377,6.8035560400548984,399,2835,0,0
2983,6412,3456,9,10,8,233,36,0.15450643776824036,12,186.98420835813238,4.779170230590027,8.709678076480786,432,1886,0,0
1614,8055,3567,14,15,10,153,55,0.35947712418300654,11,182.79174322097293,6.635707024976459,10.416084508204364,68,3146,0,0
4410,8460,817,39,0,2,249,212,0.8514056224899599,130,94.0401368684406,6.173109129913829,9.932421184505966,686,9278,0,1
4259,9100,1662,29,1,9,127,114,0.8976377952755905,93,104.09156326575122,11.288992730653028,17.554026341326853,546,8439,1,1
13,2495,3299,16,16,9,282,61,0.21631205673758866,19,290.89367561082827,4.445395530533163,7.582207300306489,150,3796,0,0
3572,1301,591,22,6,14,167,106,0.6347305389221557,3,215.54031581266037,4.3697266825618595,8.019778242317976,411,4291,0,0
363,6558,321,4,14,0,71,49,0.6901408450704225,0,270.7988310608901,4.7020065978185235,8.395237297347698,384,1332,0,0
2086,4228,1562,7,15,0,109,65,0.5963302752293578,15,242.4434775738705,6.660099792573574,10.272806907475346,323,360,0,0
1557,3028,1678,22,9,6,139,107,0.7697841726618705,18,200.90059616552642,5.377408778145511,8.434854276661644,208,1860,0,0
3155,5167,3212,21,1,11,137,25,0.18248175182481752,19,226.35867895783542,4.876998684106976,8.61052580839231,100,4126,0,0
947,8865,2496,9,11,11,223,61,0.273542600896861,0,335.6962900213497,5.700261871536507,9.215764842865944,128,1545,0,0
4189,1811,2651,26,1,7,125,124,0.992,88,91.94185803433369,10.349163296027795,17.855563239369534,1226,8791,0,1
3574,3762,2975,4,16,2,289,68,0.23529411764705882,13,242.77777027440868,5.519971211609605,8.077772716020359,102,4503,0,0
4730,7750,669,51,2,9,108,96,0.8888888888888888,79,113.01515200051317,11.48997598980825,16.198010650198377,1438,8148,0,1
2831,9374,2273,19,3,12,81,20,0.24691358024691357,15,320.76613320100546,2.9998670439547004,5.794372459611961,355,3132,0,0
3559,1725,414,23,17,4,225,81,0.36,19,191.18310933799754,5.103952982500767,6.504745662188813,73,500,0,0
888,2482,1302,23,2,2,161,111,0.6894409937888198,5,259.14972248226303,4.665728656932035,7.2620825743083826,361,3865,0,0
313,2776,2979,10,2,14,111,26,0.23423423423423423,10,195.17987569242993,6.338236879571141,7.368173209546489,205,1196,0,0
2174,1244,503,1,13,5,87,81,0.9310344827586207,6,264.0915750783254,6.151386712186838,8.021847617066761,287,2037,0,0
1462,1845,2266,7,16,4,266,57,0.21428571428571427,11,267.1478133727653,4.852974199701343,8.40539207360369,302,598,0,0
2139,2160,3481,8,3,12,191,36,0.18848167539267016,19,160.7647312461501,3.537466517287043,5.360627787904159,427,4441,0,0
944,2521,389,3,13,1,92,66,0.717391304347826,7,238.0702897834383,5.018665172759507,8.652079568586462,120,3887,0,0
226,6054,3455,18,10,12,78,75,0.9615384615384616,9,192.96102956570547,5.506803098392771,6.854015918428887,88,870,0,0
2712,6918,3425,20,17,14,260,31,0.11923076923076924,1,376.8779555328018,6.099031280255095,9.288691273823336,348,4150,0,0
4954,7061,575,23,0,7,167,161,0.9640718562874252,103,64.07825921529823,10.993538670525348,17.1167416052992,914,10488,0,1
3274,5385,1136,16,18,9,77,40,0.5194805194805194,11,256.9327579283014,5.485563073632287,6.6250965184346855,487,1134,0,0
4173,1942,3115,49,4,5,141,113,0.8014184397163121,60,105.08599705089306,9.076330579638329,12.224400417094238,781,4566,1,1
2876,4169,2787,22,10,7,168,107,0.6369047619047619,2,350.531669629191,4.565603099006033,7.026512465166888,311,1143,0,0
2286,3612,1144,7,4,5,156,42,0.2692307692307692,15,226.49774074225658,5.820506412598638,8.23980899706891,270,1253,0,0
568,7789,2248,5,9,7,95,59,0.6210526315789474,17,238.3243771207551,8.138175256620599,9.71512257497365,296,4641,0,0
2282,6717,1786,24,19,10,229,106,0.462882096069869,4,322.02999460396944,6.329141480558386,8.622852454730207,136,3382,0,0
2689,4810,2934,5,16,12,121,74,0.6115702479338843,0,258.14751972022816,7.054520406966179,9.856771085644013,486,2241,0,0
3264,4600,806,24,4,6,223,53,0.23766816143497757,15,287.5468627045813,6.134169461474531,9.989553286009517,80,4906,0,0
1582,9003,993,3,10,8,61,20,0.32786885245901637,9,296.867298904785,3.9703075629983458,5.488064945146162,70,4063,0,0
193,3014,1764,12,5,11,155,98,0.632258064516129,8,223.69609838940207,5.485980461742411,6.673940072108475,299,974,0,0
1826,7740,2381,7,10,6,133,29,0.21804511278195488,0,277.05134437533945,4.047224122045926,7.428497081369187,399,136,0,0
1864,5453,2273,14,8,12,107,56,0.5233644859813084,0,235.94029939012853,5.240915940919369,8.986083130247833,69,2740,0,0
2500,9666,977,18,5,3,223,77,0.3452914798206278,8,271.404485462382,5.068391792279974,6.328988437095856,182,758,0,0
2864,9505,3069,21,17,8,185,11,0.05945945945945946,5,190.50995970528362,6.7770217333787865,9.95001044610019,361,1095,0,0
3770,6921,2238,23,13,4,74,51,0.6891891891891891,0,258.63558486518156,6.138858547492373,8.307642179469834,70,3583,0,0
1634,4231,1461,10,13,1,140,105,0.75,6,215.1117210718425,6.112039314476059,8.97344323411882,252,3508,0,0
1822,8106,2855,11,4,6,214,11,0.0514018691588785,3,240.332702514364,6.480897368383513,8.751631155393898,495,3520,0,0
3855,7871,1131,22,3,4,185,15,0.08108108108108109,5,221.07918811608988,5.704492041855005,6.75770826458076,414,866,0,0
317,7079,3493,2,18,2,270,115,0.42592592592592593,13,218.7827305143388,5.31547464234415,7.42419724062447,109,2990,0,0
3133,4051,840,2,17,0,291,59,0.2027491408934708,10,226.18043019322278,7.412200420608934,10.878613297198035,392,4981,0,0
885,1951,1700,23,18,12,83,18,0.21686746987951808,4,244.22292655174198,6.7692329069202275,9.433023563558198,59,3455,0,0
1304,1097,2334,8,3,14,249,28,0.11244979919678715,15,223.58016139898118,5.134313015127545,8.706557555079947,472,1223,0,0
4872,5302,1933,54,4,3,195,194,0.9948717948717949,138,62.89395627414254,10.570842057475108,14.133455999565921,1279,6008,1,1
2032,8951,2971,5,2,0,63,26,0.4126984126984127,12,212.27454265930731,5.871782100078275,9.703196227053493,311,4127,0,0
3372,9929,1829,6,7,0,246,84,0.34146341463414637,11,385.34606125975927,6.117753060494844,9.114333956803868,329,3713,0,0
2721,9310,1188,23,7,0,96,49,0.5104166666666666,13,276.6074718578918,5.869325616446479,7.3910990474756595,63,2903,0,0
1469,7664,2390,23,11,11,120,99,0.825,19,229.6924291713098,4.553017234382652,8.042771327343527,424,390,0,0
203,7530,912,17,10,7,158,12,0.0759493670886076,5,233.26123339467296,5.096351536758004,6.649026054472082,150,787,0,0
3377,8655,840,2,0,2,190,25,0.13157894736842105,15,272.94801361757027,4.839739989999969,5.843064060223025,148,3618,0,0
1450,2436,2357,1,17,1,208,74,0.3557692307692308,5,154.39389935530752,5.9419493315699,7.756194354128917,245,4995,0,0
1331,8541,1657,1,2,4,191,75,0.39267015706806285,15,248.50981090742798,6.024584683047615,9.419133651772142,299,2946,0,0
1939,7208,1330,1,13,0,222,63,0.28378378378378377,14,228.64484918489364,6.320903305435857,7.908043550220653,218,1703,0,0
1266,8436,3194,13,3,9,277,82,0.296028880866426,7,272.7550382984009,5.694538563630875,7.134929255762022,404,2725,0,0
4753,3365,2977,42,3,3,192,184,0.9583333333333334,122,35.800452429276135,10.191391723541782,17.96819788756624,986,8465,0,1
4586,7544,1924,55,1,7,246,197,0.8008130081300813,143,99.05258251831322,8.512921817948648,11.811335073132701,1346,9960,1,1
2897,9549,3438,10,7,5,187,42,0.22459893048128343,16,247.89119467516798,6.239118652773201,7.432094503220545,196,3630,0,0
842,7975,774,3,2,4,298,61,0.20469798657718122,2,258.98431759165874,5.873032891526288,9.11680384546054,497,2431,0,0
2044,4984,3583,18,8,7,146,43,0.2945205479452055,11,249.8325533548131,4.84437685608005,6.841790536850192,120,2067,0,0
1720,3864,2417,18,19,5,171,44,0.2573099415204678,11,264.3136668388721,4.655262591208824,6.3824562199644905,142,362,0,0
2931,4349,1040,3,19,7,192,17,0.08854166666666667,15,170.24421388162375,6.3987646687396635,8.729324310167149,106,3048,0,0
326,3103,2374,23,7,14,159,68,0.4276729559748428,6,226.5425484987095,6.144628246317697,8.874735442890966,305,2835,0,0
2987,2826,2037,5,1,6,76,74,0.9736842105263158,7,157.55310613143723,6.383971842678526,9.412922252969171,497,2361,0,0
2525,7907,3220,20,11,0,210,88,0.41904761904761906,19,252.42007978501374,5.57521316993003,8.370381562433458,114,1579,0,0
342,7974,3409,12,16,8,296,48,0.16216216216216217,7,190.78199138439885,5.000615701408629,7.468793313628395,257,546,0,0
1044,1435,3101,7,0,9,121,43,0.35537190082644626,16,215.0269563225361,5.10724938160292,8.673192774691735,312,3989,0,0
3520,8102,722,18,17,13,53,40,0.7547169811320755,7,213.64782123456786,3.9623525647490845,6.735172187651122,78,1306,0,0
1213,8167,2484,8,10,12,121,28,0.23140495867768596,12,137.88891706279853,6.3325047813737685,7.635734258488997,470,1875,0,0
4526,9927,2297,55,0,4,230,214,0.9304347826086956,178,108.2550694044347,10.091549233813302,13.348049671784317,975,11111,1,1
3024,2074,1803,8,4,7,182,48,0.26373626373626374,1,209.39208182242157,7.285029791613441,9.89840457515953,440,4167,0,0
295,9801,3444,12,0,0,207,34,0.1642512077294686,12,173.4446248722139,6.014254756017835,8.365017494446507,434,3591,0,0
4469,5679,690,44,3,8,66,56,0.8484848484848485,48,77.44316657070895,9.911380281068391,16.28490549698413,960,9799,0,1
1221,4934,1035,11,18,8,195,44,0.22564102564102564,12,167.41244162457727,5.5343574664422714,7.738401479157826,216,2539,0,0
616,4650,1705,4,17,5,111,48,0.43243243243243246,7,325.4006136894888,4.979561014607889,8.05976357489502,347,3409,0,0
4847,6688,740,41,4,8,104,84,0.8076923076923077,52,77.64655440208284,8.091538069319613,13.832815888550495,861,11535,1,1
79,2205,1266,6,19,5,201,34,0.1691542288557214,0,304.0229934502675,3.655094759703906,6.551887623462497,205,3220,0,0
4594,9364,1800,50,4,3,242,197,0.8140495867768595,134,64.8579836435261,11.550149750402495,16.515126121165302,1242,6330,1,1
3503,6601,2088,17,5,5,140,110,0.7857142857142857,15,333.1944017751401,5.905573998790833,8.265590994939723,107,4384,0,0
4519,7090,2922,50,1,9,103,84,0.8155339805825242,77,101.74071902110185,10.946121354850373,16.293985570287376,1180,7330,1,1
3619,7815,1276,9,5,10,66,63,0.9545454545454546,19,166.58443229073296,4.936880851465638,7.274916096768005,296,2916,0,0
4854,3269,957,54,2,3,128,114,0.890625,99,65.9138691600296,10.482369220452089,14.56455922760589,902,4235,1,1
2145,4092,1014,6,15,12,282,33,0.11702127659574468,9,234.7369502824217,6.893431528891155,8.427101429450037,201,112,0,0
1071,1991,3444,23,3,4,158,110,0.6962025316455697,14,321.74281898134336,4.207624545894808,5.311874791096946,412,2025,0,0
2732,3023,418,14,0,6,134,82,0.6119402985074627,4,279.1082730967726,6.037390562186072,7.632233894547198,54,4277,0,0
29,6222,1429,12,19,13,245,15,0.061224489795918366,14,211.72453170963308,5.922313761664064,7.320550028392974,419,735,0,0
361,2008,2455,4,12,4,249,84,0.3373493975903614,4,325.8197027626786,6.102118320392483,7.199448658534044,79,2111,0,0
2266,9509,2440,9,10,11,280,19,0.06785714285714285,12,244.80435329883838,6.838652625117742,10.05173044561266,65,301,0,0
4783,8863,1532,37,0,5,58,52,0.896551724137931,31,63.723551898438075,9.84180804968159,13.902086990571437,586,10142,1,1
756,8825,1005,3,8,13,184,54,0.29347826086956524,9,299.06919961375166,6.169416191186885,8.056674695047873,284,2824,0,0
416,7748,2186,1,11,14,265,31,0.1169811320754717,5,128.29118070787038,3.9897697545831026,5.033471218836939,300,4339,0,0
2057,4402,2723,18,15,9,286,107,0.3741258741258741,4,314.6266482846395,5.995286293889361,9.324802546289373,267,1868,0,0
4849,4864,507,23,3,3,151,131,0.8675496688741722,95,96.28442014158293,9.61313145698395,14.84051488393673,1472,5138,1,1
4140,9671,1493,57,4,9,145,122,0.8413793103448276,63,114.80930478333102,9.7459634479702,17.60643800709783,1392,6201,1,1
2162,7834,808,9,0,8,291,23,0.07903780068728522,17,274.56695525568233,4.712625114417596,5.936280769028293,124,2060,0,0
1667,9872,1128,10,17,14,57,35,0.6140350877192983,0,249.82814702181165,6.760299887719585,9.717798029547097,227,1786,0,0
2808,4553,1380,17,9,11,231,62,0.2683982683982684,16,211.2611418016295,4.955879276336686,6.8441106289793705,329,1798,0,0
1725,3701,1800,5,15,6,145,20,0.13793103448275862,14,261.0752177605211,4.076087528569899,6.249214405138306,435,2917,0,0
2308,6597,1431,6,0,11,291,20,0.06872852233676977,3,229.6661621015587,6.57217526317175,8.93839960511561,473,1475,0,0
2231,5561,1030,14,12,13,158,118,0.7468354430379747,15,234.49789878710237,6.318120249608393,7.716191994641681,73,3372,0,0
4967,3761,341,53,2,2,198,172,0.8686868686868687,90,65.3871238298163,9.501061114677874,14.765789349069703,1197,4361,1,1
4876,4437,3203,48,3,5,214,188,0.8785046728971962,177,122.65190227923891,8.302456541821652,14.843229125534918,823,5786,1,1
876,1918,2712,1,5,11,199,77,0.3869346733668342,2,239.9539781099719,5.258053599854851,7.31081988475189,201,500,0,0
945,2251,1426,9,15,14,128,105,0.8203125,18,155.5015600543826,6.887352362011728,8.980511292431082,435,1714,0,0
4957,7259,1654,54,1,5,172,154,0.8953488372093024,80,87.11114412512107,9.627248638485382,15.651335550008802,737,10202,1,1
1100,7153,662,3,5,7,239,35,0.14644351464435146,13,240.85987837968162,4.6277001779394915,6.543844623844882,312,2476,0,0
848,1561,1401,7,19,5,167,119,0.7125748502994012,13,237.48819171714626,5.1822097860876895,7.388065559933349,204,1713,0,0
2452,3811,1341,1,5,2,77,75,0.974025974025974,0,229.86987264885173,6.862446423875159,9.633920460839573,337,1204,0,0
4543,3414,1243,39,0,8,124,111,0.8951612903225806,56,94.45976870549416,8.311351568836255,13.749094751990105,907,7166,0,1
64,3551,3183,24,1,14,279,60,0.21505376344086022,10,166.52973594393143,6.043360192379935,9.351838991955745,375,1241,0,0
4333,7245,2250,45,2,8,81,68,0.8395061728395061,58,67.07403061840199,7.528000426592249,15.358955887596643,1328,8483,1,1
2478,4531,1935,22,11,4,220,79,0.35909090909090907,11,250.20335623468995,6.170160286172314,8.58695842656925,312,4881,0,0
4450,1409,1330,44,0,2,139,134,0.9640287769784173,103,84.95336931390794,7.7482149718797535,11.886126821183563,755,9395,1,1
3589,7162,3339,24,12,11,73,35,0.4794520547945205,9,201.221610066195,5.26973560491268,9.20593575819007,253,4786,0,0
1292,4088,692,19,15,9,236,22,0.09322033898305085,1,240.6781792089223,5.020646057343916,6.714067083373458,210,3664,0,0
2334,6532,682,4,10,7,260,15,0.057692307692307696,4,270.5075783856797,4.46195141857534,6.752444776118839,286,3145,0,0
3027,6020,846,18,14,13,54,13,0.24074074074074073,11,280.02165383655006,4.195214248541473,7.309741956959986,106,4149,0,0
2001,1026,2511,6,7,1,91,78,0.8571428571428571,8,386.42498726483035,4.136595752662486,5.961569142032243,413,216,0,0
563,8129,1191,3,7,3,195,94,0.48205128205128206,13,183.07351646119156,6.363218979017423,8.712249910568584,304,2528,0,0
2859,4942,1997,15,0,9,287,37,0.1289198606271777,10,178.74666124278372,4.129862257240108,5.4967510563187,296,2402,0,0
1085,3567,2586,11,14,3,162,28,0.1728395061728395,11,197.12426648532843,6.123342300674828,9.921388007756335,79,138,0,0
4743,4406,967,52,1,2,200,178,0.89,110,59.821677237687666,10.76094740884909,15.278062127679966,1306,6278,0,1
4144,5174,2497,21,1,6,102,81,0.7941176470588235,48,78.16738431271555,10.829870847109593,15.637706616865277,1269,6168,1,1
1746,1885,2728,19,11,3,245,88,0.35918367346938773,9,201.24668178973923,5.451427005027918,8.969841631997216,229,843,0,0
4404,4053,1665,29,0,6,84,77,0.9166666666666666,43,82.99105164124947,10.397633551205573,14.017680092331458,1497,8317,1,1
600,4174,1813,24,4,1,112,56,0.5,6,204.9252446552922,6.10337317294732,8.203538898728716,102,4681,0,0
819,8636,2254,6,9,7,86,15,0.1744186046511628,8,132.22368486740143,6.150076576525979,9.015819840377613,74,754,0,0
4612,6121,1818,52,0,4,69,55,0.7971014492753623,35,60.415329906486804,10.6709351202636,15.657555271977538,1114,6856,0,1
3754,2591,3494,15,11,10,148,23,0.1554054054054054,1,202.83944553987394,6.166674779955956,8.148053475870048,318,4519,0,0
76,1126,3330,8,18,12,155,101,0.6516129032258065,13,200.51975898707096,5.374213079900352,9.328736676787356,159,1305,0,0
594,8095,1464,6,9,10,205,84,0.4097560975609756,14,256.53450122321914,5.358474246633052,6.822832351171388,355,1274,0,0
2590,3504,1944,4,19,4,159,93,0.5849056603773585,1,278.7413242230931,5.9902574444285195,9.973649354116525,477,2285,0,0
3745,3471,1381,17,14,4,220,13,0.05909090909090909,6,178.0438755295806,5.378781949278822,6.676484921253265,154,3486,0,0
2457,8548,1159,16,19,13,69,42,0.6086956521739131,17,294.6533913493386,5.64765184053745,9.35370973900608,436,3145,0,0
1072,2099,447,5,0,5,235,87,0.3702127659574468,1,200.6524244137117,4.312171586629038,7.348806283800828,55,290,0,0
3242,8961,1065,0,8,10,270,52,0.1925925925925926,6,241.48564371290996,3.4993121202464756,7.012830357173042,429,1965,0,0
2175,4588,2667,10,3,13,221,114,0.5158371040723982,11,203.22822972706467,5.31240117872316,7.055034039777298,350,2675,0,0
1955,7075,2193,10,19,1,132,32,0.24242424242424243,6,157.13954948595642,3.919479153810258,7.254332252345631,241,2682,0,0
2573,4853,2479,23,9,5,124,82,0.6612903225806451,10,280.0784354878549,4.09544189520431,7.6370842220635575,63,4937,0,0
1673,6120,3440,24,17,11,111,96,0.8648648648648649,6,239.27395248320457,6.3658725885843435,8.52124780134201,108,334,0,0
2136,9015,744,9,15,0,152,96,0.631578947368421,8,221.9439690091615,3.9516316965652964,7.585402533265279,129,3670,0,0
2591,4560,2942,21,16,4,97,94,0.9690721649484536,5,181.65434145376724,7.32701751143255,8.784744231361145,181,4552,0,0
4282,9049,2123,37,4,2,117,103,0.8803418803418803,54,97.6821354544982,7.942871588001777,11.859694951869727,1363,7784,1,1
4630,5723,2299,57,3,1,192,182,0.9479166666666666,161,106.82931650480786,7.694787412894933,14.579359822647419,1130,8894,1,1
3434,2232,3294,2,11,10,94,67,0.7127659574468085,16,251.11890670321586,5.912799877494723,7.694891954725426,149,2888,0,0
671,6582,1284,19,9,13,248,24,0.0967741935483871,5,299.0206832994463,5.899706539441223,7.777251600464316,206,1825,0,0
325,9960,1540,21,5,12,214,72,0.3364485981308411,2,272.27694232645024,6.61119935665328,10.185560539406591,225,3049,0,0
2016,9240,1772,20,1,8,108,19,0.17592592592592593,1,221.752423667239,6.129135298257784,8.72703353034413,434,1111,0,0
4666,1752,3377,30,3,8,189,173,0.9153439153439153,167,47.45782232553194,10.017470605767759,14.347146012841245,980,5703,1,1
982,6620,3103,18,18,1,134,36,0.26865671641791045,18,183.29593495875633,5.953315387314024,9.506647864856689,161,552,0,0
3307,5257,2028,13,19,3,58,21,0.3620689655172414,14,226.1396988907711,4.571355844534825,7.043860412375775,89,3742,0,0
1926,4157,1324,18,8,10,244,113,0.46311475409836067,18,193.06085315118935,4.846102905768036,8.460459099624565,245,2903,0,0
556,5067,1053,8,17,13,149,27,0.18120805369127516,14,301.53288979937327,4.848137865966041,7.889819864382554,309,2229,0,0
561,6073,2090,4,9,11,126,119,0.9444444444444444,9,211.5218809417438,6.047302674776974,8.130950851704409,335,3242,0,0
1522,5821,645,13,10,11,247,16,0.06477732793522267,13,234.55352240794065,7.141158601755322,8.391514948968702,491,2226,0,0
656,2616,3391,9,7,4,288,82,0.2847222222222222,12,303.5982683799564,4.781961186594851,5.938178405258659,450,4142,0,0
4160,2286,1596,58,4,0,70,58,0.8285714285714286,33,101.33674522855881,10.246880872979006,15.77257941294499,567,9512,0,1
465,4129,3440,17,5,12,247,92,0.3724696356275304,0,230.85914051935157,5.376271053725164,6.9135558717097085,241,4380,0,0
1289,4742,3583,4,6,1,64,29,0.453125,10,198.031419703451,4.631719268200039,6.776042514516866,77,2149,0,0
4350,1640,3544,33,2,7,182,178,0.978021978021978,128,66.41489519577794,7.394956019911498,12.802953934416845,670,6087,0,1
4119,8924,2629,31,3,8,83,80,0.963855421686747,58,85.2431352072542,10.675009183080217,15.05059855290787,910,4644,1,1
3905,5626,3335,8,15,0,157,10,0.06369426751592357,1,260.6339746993472,4.593545652838556,6.290288437691643,416,4037,0,0
410,9864,2536,3,16,3,50,43,0.86,10,200.41697786831674,6.189431570515133,7.315323790846035,227,4652,0,0
468,3630,1019,3,16,0,139,107,0.7697841726618705,9,253.61817554953987,5.714543344956964,8.407729485973933,253,4251,0,0
2569,8018,565,6,19,9,71,56,0.7887323943661971,16,306.2919650864615,4.7490323021967695,7.118162081940605,171,1576,0,0
499,3803,3183,23,2,4,231,37,0.16017316017316016,1,258.3518500363177,5.917395130733917,8.007606926732198,91,521,0,0
4441,4322,2409,46,2,3,194,184,0.9484536082474226,109,83.9591297339836,9.350318279859536,15.636315713562748,948,6554,1,1
479,8067,2022,1,9,8,97,49,0.5051546391752577,14,196.53946715194198,3.9163501748395015,5.331454777504072,179,1399,0,0
1783,9067,1313,16,0,0,173,105,0.6069364161849711,4,276.40792608558417,6.337051004235523,10.225410530719733,322,2333,0,0
2430,7331,990,14,9,3,246,115,0.46747967479674796,3,301.9720696115296,5.7906046972617915,6.800554810476497,202,1552,0,0
1555,8453,2665,20,7,13,217,74,0.34101382488479265,9,180.67552896543782,4.976156829686605,6.989861107011794,361,1056,0,0
1268,4037,549,4,0,5,211,11,0.052132701421800945,3,211.28650387979727,5.276333428196556,6.613151703183284,431,611,0,0
3986,9314,1778,9,8,8,287,72,0.2508710801393728,15,258.74927330404773,4.285447849210768,6.646373697948555,104,998,0,0
4552,9720,3156,58,4,8,143,131,0.916083916083916,84,35.348125891119004,9.721541332595315,13.415574752557916,1039,6693,0,1
3465,2386,3267,13,13,2,169,66,0.3905325443786982,15,269.23985567518275,4.766209734829164,7.363238878389378,267,893,0,0
2336,4198,2929,24,5,13,223,38,0.17040358744394618,15,297.6991904903145,5.322799269316655,7.306794314429775,121,268,0,0
3727,7252,1965,10,17,4,285,115,0.40350877192982454,19,194.17125140337046,7.559575033649011,10.825721397568712,336,2637,0,0
2172,9743,1856,22,14,2,253,90,0.3557312252964427,19,311.5242178179176,4.161669373179537,6.848339122712169,197,3870,0,0
3198,4663,946,6,14,0,289,57,0.1972318339100346,2,242.44643827829034,5.443285567388237,8.957430148171994,214,1234,0,0
17,2734,1934,7,6,1,101,42,0.4158415841584158,7,230.58678005116928,4.614487626171151,5.954908189892918,200,4161,0,0
3104,7172,3489,18,8,9,75,24,0.32,16,299.7350940913827,7.611257784224922,10.657648184680259,145,4603,0,0
1348,1724,2447,1,6,2,97,81,0.8350515463917526,6,218.30032683717428,5.140031578575876,6.448457263783437,308,4594,0,0
480,7701,1515,11,7,1,180,64,0.35555555555555557,3,163.7747606962607,4.760667210643276,8.570840878203747,287,2096,0,0
3285,1984,3426,14,18,6,206,112,0.5436893203883495,13,164.43979854940056,5.704905388692519,9.661710392095124,302,1657,0,0
1751,4612,467,18,17,14,236,49,0.2076271186440678,3,244.1085141203373,5.051409378549938,7.919692955570503,195,2527,0,0
3943,6034,2383,18,5,14,96,92,0.9583333333333334,13,251.1789916417142,6.830257779156228,9.395043311791913,497,1552,0,0
3978,1810,528,7,6,13,105,77,0.7333333333333333,11,249.61529158627505,5.505689777267389,8.900068430326709,193,3375,0,0
3329,7941,1041,14,13,9,58,28,0.4827586206896552,0,271.5564161226239,6.283950961455259,10.271744459149385,318,2783,0,0
1362,4801,3205,14,4,12,138,90,0.6521739130434783,3,256.70372674515284,7.12663638373346,8.983582995887625,450,1733,0,0
1936,4207,3052,9,1,2,238,106,0.44537815126050423,13,259.4279401710769,5.640016910875314,7.4884823454604446,183,133,0,0
764,2690,738,0,19,13,294,49,0.16666666666666666,3,275.2605512042845,6.906370405016494,8.917976510523353,439,772,0,0
120,8725,2733,13,6,0,64,34,0.53125,11,268.2753367413346,3.920276929288203,5.59689735661941,493,216,0,0
4428,1563,3244,45,1,6,140,124,0.8857142857142857,86,88.0078983614617,8.870739376279461,14.222580040659452,1186,8437,1,1
414,8933,471,24,9,0,150,39,0.26,9,216.2532990604724,5.096924010934969,7.416490930076474,229,4056,0,0
802,8283,1347,16,11,5,122,83,0.680327868852459,18,262.68686483874166,3.7069236020876106,4.861980641821006,394,1827,0,0
4508,3117,1395,27,2,2,118,101,0.8559322033898306,97,76.94860074576951,11.871761715424535,18.611313102792025,507,10072,1,1
3630,5770,2671,5,2,5,154,59,0.38311688311688313,10,257.37770966358136,5.554046744289667,8.391457588658294,211,3075,0,0
617,7895,916,9,16,10,185,32,0.17297297297297298,17,233.71347723747763,6.2405453658744365,8.184308266116636,230,3008,0,0
2046,1227,1257,1,1,1,163,18,0.11042944785276074,16,255.3272338217187,6.13496287361255,7.50668696540339,93,1280,0,0
3789,7944,557,19,19,12,111,83,0.7477477477477478,0,321.9867873020726,3.890585856582537,5.971102005896677,311,151,0,0
4799,1877,1172,54,3,9,137,129,0.9416058394160584,119,85.11507158995312,6.9079430280264225,13.30451231705424,1137,11136,1,1
1503,2472,2069,18,8,11,125,17,0.136,13,166.2013208889525,5.49692477319907,9.230121361020682,210,840,0,0
4989,5794,3216,57,1,0,167,161,0.9640718562874252,99,72.58739894757913,7.953361984959388,11.866128731044835,695,8828,1,1
1148,7218,2569,15,17,11,173,110,0.6358381502890174,4,266.8912957965994,5.857927699984883,7.550748777647084,74,3559,0,0
3675,4667,2824,8,9,5,173,56,0.3236994219653179,16,308.16295718538737,2.979276258773195,6.8217535098129805,232,4670,0,0
4393,7377,2357,59,0,7,212,197,0.9292452830188679,166,93.99305000258921,10.686803535630249,14.107567639119845,890,4277,1,1
1558,1620,1025,20,2,9,211,26,0.12322274881516587,14,201.92640932447466,5.448287209439729,8.804171209607748,314,4718,0,0
1569,8875,2894,24,4,7,295,16,0.05423728813559322,7,321.4759829262996,5.196907280308274,8.967335393763424,66,2973,0,0
2036,8655,2304,3,19,9,258,22,0.08527131782945736,19,293.6618783678807,6.940978970923944,7.97712889561269,489,651,0,0
895,8422,2065,12,13,14,277,118,0.4259927797833935,17,171.98587506677774,7.582087767909618,10.58755363085983,118,425,0,0
2779,6580,1073,12,18,12,232,58,0.25,8,77.92103764074088,4.331866075807646,6.692538964954858,493,2124,0,0
3298,2152,3160,24,0,2,210,47,0.22380952380952382,12,286.36561891898907,5.352741764692316,6.587087859167235,317,4413,0,0
496,6812,3057,14,9,7,159,59,0.3710691823899371,6,288.1848857924023,6.627374010445556,8.530272969340421,289,1976,0,0
806,3285,1648,5,18,2,184,118,0.6413043478260869,3,156.8342800848003,6.517729876109813,8.344103606524325,353,3874,0,0
443,8686,1330,24,15,14,79,58,0.7341772151898734,7,232.02556048981901,8.003796227268774,10.641566827195774,222,1072,0,0
3825,3593,2208,9,3,7,168,85,0.5059523809523809,14,277.95690939396707,6.445497250221145,10.186530932303537,256,2766,0,0
3367,6429,2155,21,9,2,265,89,0.33584905660377357,8,290.91433793807545,4.269203393743573,5.577325295782491,421,3845,0,0
3469,7887,732,19,7,10,108,94,0.8703703703703703,16,204.3196896409517,4.615351379867737,7.318355032961696,119,2591,0,0
2902,8492,465,11,6,14,226,40,0.17699115044247787,18,247.2255697816384,5.230646183326707,7.002840120567862,382,2750,0,0
3531,2121,442,13,17,14,199,27,0.135678391959799,1,209.54611884933004,4.619091015803402,6.3543186002825385,206,4162,0,0
794,2151,1556,11,15,14,166,65,0.39156626506024095,11,294.71970901506586,3.8333108652254504,6.647716150757342,406,3475,0,0
772,4724,1966,11,7,1,277,44,0.1588447653429603,5,209.11479240069636,7.704186167886222,11.386460275659758,251,2938,0,0
1559,9353,1922,18,17,4,154,27,0.17532467532467533,17,210.31258334776953,5.969105169899079,8.149583183254908,310,3305,0,0
3334,5857,1153,21,10,3,291,40,0.13745704467353953,8,250.7847806637912,6.502576400574678,8.982648575249687,474,597,0,0
3874,7311,1755,1,19,11,133,46,0.3458646616541353,5,271.12598720287593,6.941448903408922,8.405268156633714,347,4200,0,0
1990,6372,1473,19,3,0,236,105,0.4449152542372881,15,280.79775445220275,5.633940295930583,8.462164046919497,469,889,0,0
3872,8764,1188,2,12,6,114,61,0.5350877192982456,5,217.75426915118615,4.758478940296632,6.524859027187115,441,3064,0,0
4720,1987,1340,52,4,2,65,59,0.9076923076923077,51,103.12676338582888,10.946186347954177,18.865221488745153,520,10548,1,1
4677,5637,3470,40,0,7,54,50,0.9259259259259259,31,99.93105015558906,11.509546295692893,15.368025462500542,646,5307,1,1
1083,5062,337,21,17,2,177,20,0.11299435028248588,5,273.16507551171156,5.166952379024478,6.679984942279162,260,352,0,0
4826,7633,520,38,1,8,76,66,0.868421052631579,56,63.5945951817548,7.267974171579075,11.38929930531849,980,7790,1,1
1755,3431,2888,7,5,2,157,113,0.7197452229299363,1,211.4276420705921,5.170263549910705,8.672950020017613,446,784,0,0
3976,8959,373,14,8,1,157,21,0.1337579617834395,15,285.6167311728425,4.636045238521851,6.3007024784362935,58,2159,0,0
2281,9141,3273,3,14,0,269,47,0.17472118959107807,4,174.2268867217265,5.44120516044474,6.9965866121643945,218,2667,0,0
1949,8113,1974,9,0,2,296,88,0.2972972972972973,1,185.5930050880113,6.201422502921072,8.361769396141518,260,3601,0,0
4211,8136,2879,55,1,4,235,207,0.8808510638297873,201,100.48398790511162,11.383472859091098,16.97706515429566,999,10794,1,1
580,7830,807,20,19,14,231,12,0.05194805194805195,4,330.2169554154298,5.214905742957986,6.612317711983765,483,311,0,0
2706,8250,728,6,14,4,203,59,0.29064039408866993,0,279.1083498368674,5.374765285284696,7.334611872339458,136,3081,0,0
257,4748,3553,1,16,3,151,33,0.2185430463576159,13,239.098206090089,2.8611914997401002,5.074060741504708,66,3951,0,0
552,2132,1938,20,3,3,165,110,0.6666666666666666,3,317.3321715717241,4.238788148147691,6.850615169151805,70,2531,0,0
1875,1504,3115,2,3,0,93,46,0.4946236559139785,18,265.36546768681694,7.334431333140087,10.666550720771735,406,2260,0,0
482,9634,3187,14,2,9,118,20,0.1694915254237288,4,265.72397362417024,7.338100707961636,10.2440707480866,142,4600,0,0
581,7159,1912,12,12,9,291,85,0.2920962199312715,6,243.61609638472032,5.580250989711773,7.922759658810298,433,2837,0,0
58,2276,1218,14,13,9,229,88,0.38427947598253276,13,332.2483856750642,5.250963960443622,6.361013569115416,361,1746,0,0
1804,8790,2802,20,15,3,150,38,0.25333333333333335,9,156.14673895546284,5.918412914414933,8.998586607059211,225,449,0,0
1885,1728,1675,6,16,9,57,43,0.7543859649122807,10,208.80693446884567,5.1484866232411015,8.085568228392855,273,4806,0,0
4537,5320,1710,47,2,6,164,150,0.9146341463414634,89,79.90975306662025,6.4346007244188606,10.226406645821708,1103,8724,1,1
172,8451,1331,7,7,0,252,43,0.17063492063492064,14,243.810520609454,6.476148358084709,10.123526679453008,118,2248,0,0
2769,3669,602,3,6,0,290,70,0.2413793103448276,15,168.6901314565066,6.147583291732002,9.039111835504444,149,1243,0,0
524,3603,2679,5,17,4,64,23,0.359375,17,269.720426636209,5.328543175026866,8.359978075041873,100,608,0,0
1840,8190,1974,17,14,14,226,81,0.3584070796460177,4,309.3426895252437,5.59175832675552,6.771472429765611,432,3467,0,0
2030,2508,3312,16,10,4,136,115,0.8455882352941176,14,323.2922579491792,5.116735311664211,7.560168391052137,149,4253,0,0
991,9756,810,16,5,6,148,45,0.30405405405405406,14,293.9507077278504,4.553509204011572,8.277613833018737,477,4546,0,0
3698,3754,2381,16,11,0,162,65,0.4012345679012346,12,203.04337742300947,5.954568823251808,9.825557668679993,450,3922,0,0
4239,4400,2060,24,1,9,113,95,0.8407079646017699,93,61.14471677292528,9.405560904030237,12.680757872678106,1375,4931,0,1
3588,7243,1731,18,10,7,198,10,0.050505050505050504,5,282.6247308114352,6.029699985955073,8.816565019447387,70,2779,0,0
3059,1647,3132,4,16,8,133,26,0.19548872180451127,7,177.82934684907133,5.35687360252866,7.715099047047863,441,2664,0,0
3268,8657,3565,17,1,4,152,59,0.3881578947368421,0,209.75318164146137,3.700023429580945,7.670189802905449,469,949,0,0
2553,1230,1710,11,12,12,206,112,0.5436893203883495,12,252.37265580403238,6.499470201598114,8.689697876891357,320,3485,0,0
1647,6421,1751,19,1,12,269,114,0.42379182156133827,0,224.62216361898197,5.562815340355633,8.332748154454432,239,3804,0,0
4417,1337,481,28,0,6,186,159,0.8548387096774194,120,107.66492502502807,9.388504408720795,16.40002360392877,1072,7623,1,1
1735,3990,3356,4,2,0,133,103,0.7744360902255639,9,310.75328027958193,7.400888789603685,9.583614753108435,408,3409,0,0
3466,6663,3597,19,4,6,200,58,0.29,5,248.35823746751151,4.39665787822001,6.592768843747456,385,3573,0,0
4322,6140,2149,38,4,6,225,222,0.9866666666666667,150,85.26867135913888,11.663215817611583,18.264887864425088,658,4142,0,1
2171,4746,938,22,9,5,148,29,0.19594594594594594,2,185.2472437297412,3.9392317733033093,7.043742146365781,124,1163,0,0
1352,8597,1068,2,0,9,162,39,0.24074074074074073,2,209.01443360439572,5.478048656164168,7.050371112214327,106,1363,0,0
4503,1028,577,24,2,3,176,153,0.8693181818181818,81,100.81151070636474,10.261016510961987,15.169510114328016,566,7222,1,1
3893,3191,2274,11,7,7,88,85,0.9659090909090909,12,319.31886269766824,6.58127790164643,9.769920766428134,388,3683,0,0
1051,3407,1661,10,10,12,166,110,0.6626506024096386,13,219.36477353210688,6.412466569403312,8.174205343413396,164,2063,0,0
1030,2846,2713,24,3,9,205,119,0.5804878048780487,3,188.5611925475183,5.290735288335591,9.236869156694743,97,4042,0,0
4363,9720,2869,38,2,9,176,166,0.9431818181818182,112,66.30927714709017,9.06710441827982,13.878340570464069,1418,7363,1,1
566,5886,2616,11,7,4,184,35,0.19021739130434784,9,304.8034953738699,5.92532130833011,8.172204654417577,71,3122,0,0
3981,5805,1760,2,2,13,287,76,0.26480836236933797,3,259.4038897282268,6.346279640961186,9.585683786717647,317,201,0,0
701,7411,2275,5,0,8,118,97,0.8220338983050848,0,247.73728490178317,4.266898694985144,6.35926186550966,51,4012,0,0
4951,4341,2228,27,0,2,184,154,0.8369565217391305,148,78.98142281751662,7.495142754232128,15.2955815277784,1474,11913,1,1
4647,7331,2115,57,0,9,109,107,0.981651376146789,90,63.530423999672976,6.757456895609867,12.293012381922425,1158,10589,1,1
1973,3563,2341,19,13,11,185,23,0.12432432432432433,15,285.59174415386076,4.769954406173501,7.227649102139962,310,909,0,0
474,1996,572,19,13,11,296,28,0.0945945945945946,16,221.20591437708396,2.600106219725001,4.6550558367507175,347,886,0,0
1961,4710,3312,9,3,14,126,115,0.9126984126984127,10,297.15711279444406,5.049112888520792,6.130975840472489,319,704,0,0
2519,5808,1480,2,19,3,57,17,0.2982456140350877,16,261.244789744316,5.5584770684681395,6.859535210187277,226,1838,0,0
2973,8275,2139,1,8,1,175,14,0.08,5,216.81306094512752,6.011251651618022,8.259329868775293,195,4042,0,0
916,2744,858,10,19,9,258,70,0.2713178294573643,15,205.17816623592006,4.789601976330808,6.552135119247781,318,1551,0,0
159,4725,3567,17,12,1,85,32,0.3764705882352941,8,158.18973134483517,6.007991326912544,8.198935878135394,456,1789,0,0
4002,9154,893,26,4,6,136,108,0.7941176470588235,93,52.09810586106243,8.297836559254888,11.50155574845088,1178,6488,0,1
2655,5356,866,8,19,7,196,83,0.42346938775510207,4,216.23473928374554,5.367708796850759,7.237986504414007,54,2870,0,0
4,4152,501,7,3,1,213,59,0.27699530516431925,5,266.14998986391487,4.1065830591272965,5.2005229364939725,451,261,0,0
4344,4866,2798,31,2,0,132,108,0.8181818181818182,89,99.8658228312099,11.239426212545254,19.157134105152778,722,4402,1,1
4418,1207,1268,30,2,5,216,213,0.9861111111111112,162,87.82868689988523,6.867365387854798,10.789143468882525,905,9029,0,1
1323,3483,2265,17,16,4,195,100,0.5128205128205128,15,191.93190845485412,5.145117132666131,7.677125339975833,464,2035,0,0
3063,5062,2890,6,9,6,272,62,0.22794117647058823,13,198.86828701842484,5.98537287474129,7.310392892054107,362,2542,0,0
4885,2655,1549,27,2,5,248,233,0.9395161290322581,139,54.38098352803503,7.313737528364258,12.040753694128515,1462,9872,1,1
1629,8312,1890,9,5,6,172,40,0.23255813953488372,5,295.26081645338024,5.248873694560676,7.777836943286311,107,254,0,0
4861,7048,3295,55,2,2,94,79,0.8404255319148937,57,117.31813956842043,8.855112475229353,11.921102887135465,1334,7477,0,1
2444,6436,2675,3,18,9,157,21,0.1337579617834395,11,275.47474308277646,6.842256782860181,8.459568348723295,411,4176,0,0
871,2049,2237,9,15,6,83,17,0.20481927710843373,10,246.28273351207378,5.3154485578140545,8.042097081307364,130,2904,0,0
4158,3892,1323,52,0,5,90,85,0.9444444444444444,51,84.11377834752219,8.688110639403334,13.571238459645675,767,4277,1,1
1463,3944,2750,22,12,14,66,42,0.6363636363636364,7,206.5053335384564,6.698550703112081,8.075695426466108,404,4112,0,0
4100,3317,1471,41,0,0,57,54,0.9473684210526315,42,74.62398330325425,10.09356722505147,14.47491630780645,549,9283,1,1
2157,7054,2239,0,15,0,236,35,0.1483050847457627,14,348.48283424755476,4.461500662385774,5.8297235017627225,326,2254,0,0
26,2409,1220,7,0,8,267,26,0.09737827715355805,10,272.48870192443667,7.278924343885961,9.168454774829357,75,1941,0,0
3716,4608,358,11,5,12,191,54,0.28272251308900526,3,220.38594519628768,5.329949286223598,6.4477040596745265,107,979,0,0
1295,4137,3322,17,9,12,108,77,0.7129629629629629,11,212.95314431584387,6.355893305405214,8.341669794489379,455,3772,0,0
3561,8980,663,12,3,3,192,24,0.125,4,371.2615011735144,5.730548838224237,7.215744648253882,216,1252,0,0
2404,4662,3323,0,8,0,171,83,0.4853801169590643,19,296.8664536217042,5.115308375192783,6.197266910118013,365,4435,0,0
913,2088,1318,12,14,2,58,27,0.46551724137931033,9,363.524728013061,5.553831551867449,7.442023074005206,288,3391,0,0
2786,1276,2867,12,11,12,78,41,0.5256410256410257,6,226.15773196914137,5.841185218491302,9.451230040263475,356,983,0,0
2185,7812,324,4,0,7,121,53,0.4380165289256198,4,238.90968546302759,5.014688779547882,7.16285526082977,62,4027,0,0
4398,3346,2717,55,3,8,191,165,0.8638743455497382,95,73.38816208898216,9.209103122545303,15.360825581621135,1407,5526,1,1
938,5478,3575,6,11,4,254,114,0.44881889763779526,17,248.9880139351177,4.52191162375155,7.827315010743952,245,1993,0,0
94,8970,1340,11,11,2,180,110,0.6111111111111112,5,161.856653556448,6.644135202616418,7.91888142259632,354,3104,0,0
4532,3663,2021,43,3,6,63,61,0.9682539682539683,47,66.92217081224842,11.875505152020278,19.31008268173823,1045,6770,1,1
2059,2015,2927,17,15,13,81,30,0.37037037037037035,15,275.06245434036015,6.0364877271213295,7.339862244470792,60,4704,0,0
4334,2249,2636,45,3,1,161,130,0.8074534161490683,83,72.02308289088275,10.421746550472182,14.661605724167682,970,10382,1,1
3834,1812,2012,18,11,14,87,38,0.4367816091954023,7,105.36337595476465,3.469652084864139,6.325221654411971,311,274,0,0
3126,1839,3142,15,7,3,256,67,0.26171875,16,186.36905530127598,4.9596608702660125,7.435239139697821,408,111,0,0
3152,5083,3239,17,9,9,281,90,0.3202846975088968,12,160.16462344800757,5.714573054278607,6.758722056300783,78,3504,0,0
520,2789,1502,3,17,11,211,80,0.3791469194312796,5,276.8580250730478,3.929071942878233,7.083575785559773,249,1378,0,0
3458,9365,1718,0,2,8,124,108,0.8709677419354839,0,260.6614011502242,3.9932437010393675,5.700888808070787,340,4031,0,0
1310,3811,2370,19,14,13,151,57,0.37748344370860926,1,192.08284832189355,3.7750850160808502,7.4918131930705565,289,2094,0,0
1252,8019,1929,14,16,9,290,16,0.05517241379310345,6,226.07228666411407,6.015660630083394,7.1979684352721165,168,3002,0,0
898,6950,414,12,19,1,130,17,0.13076923076923078,15,190.4062647904375,7.443528881122197,8.990534431856856,130,1705,0,0
385,6929,1662,6,3,2,186,115,0.6182795698924731,9,280.2611850509128,6.615433297381134,9.34885444813439,238,2562,0,0
744,4367,1075,15,1,7,209,31,0.14832535885167464,5,241.86481492154542,4.628806969992369,8.429843688391173,156,1311,0,0
4042,9667,417,53,1,7,99,87,0.8787878787878788,58,75.33523055662977,10.425116035097759,17.340032524883437,729,4702,0,1
4174,2979,806,42,4,4,210,188,0.8952380952380953,105,107.91573438828274,9.362739706332603,15.680662504280575,735,10341,1,1
1133,3804,2626,6,8,0,242,106,0.4380165289256198,15,271.4176456885724,5.891828707716102,9.62098364343943,442,2087,0,0
1796,1372,1293,22,11,2,261,41,0.15708812260536398,15,281.57080111482526,5.2105661534788945,6.912803331085733,233,1487,0,0
2965,4324,1157,17,5,13,135,101,0.7481481481481481,9,231.38064072886775,4.032727601807887,5.3203010230087555,71,3212,0,0
3271,3926,324,1,8,12,286,84,0.2937062937062937,11,199.47878067881888,5.155269025378648,7.634848652967691,370,2717,0,0
4780,7065,1571,49,3,9,172,158,0.9186046511627907,128,125.62114847278431,9.541244549893309,13.464350208063443,804,6093,1,1
3509,6455,2293,6,14,9,158,22,0.13924050632911392,14,315.6031171891407,4.158594231866146,7.815418529554657,73,3216,0,0
4788,7985,1764,49,3,9,136,134,0.9852941176470589,125,65.75139191131494,10.145350696547629,16.33222023868236,859,9504,0,1
2152,1203,3013,22,15,0,211,70,0.33175355450236965,4,263.91928476604414,6.612326824390263,8.0960372496942,220,4225,0,0
4415,1006,2741,43,3,2,237,202,0.8523206751054853,163,79.12404836735917,9.937979639232406,17.829125233982513,731,6487,1,1
4598,7183,3308,52,4,0,154,143,0.9285714285714286,74,114.04970576637973,8.644610287253437,12.578574522840295,881,6030,0,1
2020,2283,1433,21,11,13,122,55,0.45081967213114754,3,254.2628778000737,5.298137052567055,8.754858393179434,414,2675,0,0
4994,5497,1419,34,4,3,197,164,0.8324873096446701,159,38.051564898864775,9.199046074704306,17.046777534669786,967,7753,1,1
2169,8249,2691,22,2,9,113,47,0.415929203539823,9,230.2553010303119,5.513395129720672,7.3608028207031655,496,2827,0,0
1170,2248,960,10,9,12,172,47,0.27325581395348836,0,208.66892410764262,5.739232166900042,8.501306785556727,189,1717,0,0
3758,8587,2824,24,19,11,116,95,0.8189655172413793,2,158.64279416223462,5.6676340902729905,9.28416100669178,172,4780,0,0
3241,1761,810,22,16,9,58,32,0.5517241379310345,7,220.33974370403033,6.055658891857042,8.115098669839618,124,2685,0,0
4089,2951,1491,43,3,4,215,211,0.9813953488372092,153,81.69197639212155,10.326083665999025,17.698542624387372,765,11140,1,1
1741,4012,2270,24,7,12,264,64,0.24242424242424243,14,322.7677735164398,7.182907344764416,9.713202345788837,176,2432,0,0
2577,2890,2380,7,3,5,250,116,0.464,19,256.58977467995874,6.5396396147045195,9.277419436608376,401,4039,0,0
4646,3875,2257,37,0,1,117,113,0.9658119658119658,71,116.23947788870855,8.040858605525191,15.996191908635213,712,10728,1,1
1728,9722,3159,20,2,9,229,43,0.18777292576419213,4,201.37898370345084,7.127442953164953,9.557301867619298,187,1481,0,0
542,5551,1989,20,6,5,57,42,0.7368421052631579,7,239.37493176544174,6.678948399236668,8.706133769124246,314,3442,0,0
2193,2370,1565,15,3,8,98,73,0.7448979591836735,7,289.86153176717676,5.060435492443463,8.321950269999594,216,994,0,0
3286,3933,2113,13,7,0,241,50,0.2074688796680498,2,305.3203158195578,5.260919294378697,7.826169589880703,235,216,0,0
2584,6255,1510,13,17,14,254,97,0.38188976377952755,16,272.2351981113996,6.717739603644375,9.658883877804529,197,2677,0,0
262,7683,2294,16,11,6,71,50,0.704225352112676,9,193.1429309731889,4.560594216199483,8.505554187756827,409,3583,0,0
1876,8333,605,13,14,6,297,95,0.31986531986531985,13,304.10420985765165,5.633984223943322,9.282194740890056,474,472,0,0
458,8942,2086,21,0,3,89,79,0.8876404494382022,13,301.22494744327435,5.213876409957052,7.015101432326049,383,2668,0,0
2656,4602,1260,22,9,4,194,97,0.5,6,197.86041447853614,5.369049343624348,8.312318242188926,176,1303,0,0
1799,1038,513,12,7,1,62,13,0.20967741935483872,6,305.2942911938694,5.574528473311093,8.454836858584516,175,2256,0,0
4562,5557,1608,21,1,9,206,202,0.9805825242718447,102,79.29110846142675,11.609032192129321,16.410278425677127,921,11139,1,1
2211,6038,697,20,10,14,51,15,0.29411764705882354,8,255.03663956167384,5.192323203885553,9.157784638987076,460,3259,0,0
3108,4650,2107,23,4,11,51,23,0.45098039215686275,13,219.61856577375002,4.272541286787705,6.051674527095077,93,2686,0,0
3786,7231,1860,10,19,3,206,43,0.2087378640776699,8,258.304526963332,4.666239653600958,6.793985233156882,393,4043,0,0
1338,5842,721,21,2,11,177,49,0.2768361581920904,18,354.78451649801826,5.041644407254294,6.352136918034997,54,4468,0,0
2005,8221,3243,6,3,9,184,92,0.5,12,266.9464692399839,5.382895943910772,7.011301239326479,71,4601,0,0
4375,5571,3155,49,1,7,97,85,0.8762886597938144,60,91.7462949223573,8.492448290874645,12.180315792035357,1282,9996,1,1
1401,6644,748,10,19,4,141,20,0.14184397163120568,6,268.7881214175415,4.544724501307188,7.863594638359315,380,3376,0,0
584,3233,1228,19,18,4,191,102,0.5340314136125655,6,304.16064109659504,4.936052136888571,6.951885824226468,338,1196,0,0
2187,9302,2051,18,7,5,97,77,0.7938144329896907,15,187.971395442519,5.860924496389329,7.5477033701218605,274,2122,0,0
1716,2415,3367,19,19,5,231,45,0.19480519480519481,0,229.12755154723402,6.4909961797249505,7.629095588150106,376,3572,0,0
2910,7350,2144,1,5,13,154,61,0.3961038961038961,8,150.95730762523465,5.136129201536687,7.819740698163271,362,2778,0,0
3032,4552,2489,21,9,9,197,56,0.28426395939086296,19,281.56951618559657,5.485556839120477,7.243970815312495,301,2143,0,0
1332,4749,2997,15,2,1,91,81,0.8901098901098901,15,306.5142170764932,5.254896411434169,7.1908316163778645,235,1639,0,0
2988,4096,3270,16,7,7,297,22,0.07407407407407407,6,276.73182663187345,5.491966396440728,8.132232736631291,228,2695,0,0
3714,1242,1127,24,3,2,266,80,0.3007518796992481,9,205.63403174019402,4.946394672103345,7.101040525982326,272,1923,0,0
2277,2111,1546,11,15,9,154,28,0.18181818181818182,0,217.90135222111053,4.554349348726663,5.8845970263067855,85,2784,0,0
3113,9342,655,3,13,13,274,11,0.040145985401459854,10,277.6334483511382,6.653134878679182,8.154175129975943,143,860,0,0
827,6611,2988,21,14,10,266,73,0.2744360902255639,8,189.21463855928403,5.457871723824682,7.566801076692246,136,2072,0,0
1907,4187,424,4,10,11,191,105,0.5497382198952879,17,263.1325302316371,5.477175244144762,8.726180750460632,341,3162,0,0
653,4541,3247,18,7,5,253,89,0.35177865612648224,9,197.23882549379817,5.7571384658080955,8.035505578725552,326,1906,0,0
2370,5490,359,7,17,12,277,35,0.1263537906137184,3,264.7764418520931,5.1624763286430495,7.975361360477306,356,3193,0,0
1866,1368,2630,10,3,5,289,43,0.14878892733564014,6,264.301621174653,4.228002615816799,6.258978354805004,352,1330,0,0
375,1224,2628,8,8,6,67,58,0.8656716417910447,9,185.34292281206763,6.072390311175676,7.994039562239489,305,4225,0,0
569,4257,1427,21,5,9,119,87,0.7310924369747899,6,259.1257998290678,6.079016107794437,9.775019212452428,481,4650,0,0
1575,8741,520,23,18,8,143,94,0.6573426573426573,17,221.52532209504807,6.048586975666996,7.911302222342782,185,4901,0,0
4729,4824,3131,35,3,1,116,92,0.7931034482758621,48,47.7764167303735,9.241732815618482,14.976425051619344,1013,8636,1,1
2962,7693,2901,6,6,7,89,65,0.7303370786516854,18,308.35133453168896,6.9975608075470435,8.955853415210232,263,2014,0,0
2401,3536,753,9,18,14,237,105,0.4430379746835443,15,295.07942246111105,5.234362070687725,8.795829194326405,164,720,0,0
4522,2816,1081,30,2,0,131,114,0.8702290076335878,105,49.47499717266786,7.658148905923831,13.455503108216092,838,4220,1,1
645,1946,2325,4,16,9,212,52,0.24528301886792453,6,302.07236084416775,4.338881143843164,5.962252537957426,187,3358,0,0
3100,2545,2351,3,8,9,190,22,0.11578947368421053,18,323.9778567275959,4.779533271764088,8.066508584990329,115,4145,0,0
1022,9283,1829,23,3,3,101,66,0.6534653465346535,17,226.82912144419518,4.4348439859046405,6.307075583576662,313,1386,0,0
4392,5717,3350,39,0,3,217,196,0.9032258064516129,177,121.00993981252535,9.931878276200033,17.20627035607542,1078,8191,1,1
3763,2841,3042,21,0,5,169,105,0.621301775147929,0,251.81082388247296,4.776850453823668,7.46410408237438,211,868,0,0
355,9039,666,0,9,1,233,37,0.15879828326180256,15,226.57830758598166,4.345305257367134,8.131196943713316,460,4332,0,0
2166,5906,895,15,8,7,119,108,0.907563025210084,2,200.03873855968678,5.248119864134432,6.9195496394210245,214,4952,0,0
4945,4288,404,49,4,8,89,85,0.9550561797752809,46,89.14058317441336,9.803647282147045,15.682096607189514,977,11383,1,1
2817,2758,2597,14,7,2,89,29,0.3258426966292135,15,246.80816766853593,5.659197366993127,7.895060261206044,93,1333,0,0
2940,7027,1771,12,1,4,222,29,0.13063063063063063,18,130.346911830975,7.610967952448771,10.7665769394361,485,129,0,0
792,9581,2640,23,6,8,229,88,0.38427947598253276,4,312.35367331069466,6.3680652424114665,8.727850292556635,448,3464,0,0
3112,8688,1763,11,15,6,142,107,0.7535211267605634,0,251.0172033140592,3.1166925013362077,5.70122894927227,288,3465,0,0
759,8171,1530,5,10,9,298,15,0.050335570469798654,0,389.948976514733,6.04867515404569,8.531147964701104,468,2547,0,0
837,1979,2682,16,8,9,125,108,0.864,5,210.6216065136952,4.628225259030737,7.141488378176376,140,803,0,0
2757,7091,1188,13,0,14,123,16,0.13008130081300814,5,235.0185563412501,5.209444592877494,6.355783832567552,405,2383,0,0
1763,7776,1990,6,5,10,247,63,0.2550607287449393,16,157.29142770604233,6.774069048366051,8.054825071578328,70,3643,0,0
1273,2244,1818,16,2,11,103,95,0.9223300970873787,5,248.14622529162637,5.7616343777027055,7.678803375612394,343,2595,0,0
2276,9595,2231,2,1,1,212,110,0.5188679245283019,3,216.0680321950912,5.343757092328919,8.13806134329896,267,355,0,0
2787,7189,3441,15,8,9,243,15,0.06172839506172839,8,312.02355440956967,4.562687398099835,5.748830241183681,218,2883,0,0
3462,8099,3397,0,2,0,275,86,0.31272727272727274,1,243.62373227309146,5.5152570040773155,9.127104527086622,146,186,0,0
1307,3066,2302,1,4,0,95,76,0.8,17,275.7226855696809,5.796050204134496,6.954017482487735,209,4048,0,0
53,2252,746,1,10,2,134,23,0.17164179104477612,6,302.9212243424794,3.7412605135768855,5.917992648876083,396,2582,0,0
2278,1746,2896,10,10,5,173,95,0.5491329479768786,5,157.34436511064305,6.21344815091473,8.446341700116031,428,2591,0,0
4827,7263,1396,24,1,6,74,71,0.9594594594594594,51,83.73711595563724,10.945358155187643,14.4854490639412,891,5116,0,1
3679,2995,1266,10,4,3,296,39,0.13175675675675674,19,238.91469363827102,5.711280802596608,8.139764882173125,413,3643,0,0
1805,1440,729,2,16,8,298,85,0.28523489932885904,7,230.23941083732225,4.492130998600531,5.793419668493194,172,2305,0,0
3436,7771,1729,19,17,4,185,68,0.3675675675675676,18,282.97874501678905,4.617739400896061,6.8824914182679695,396,2232,0,0
4464,4117,2899,48,2,5,181,157,0.8674033149171271,82,78.70784564452902,11.71394704226369,15.529741838219696,1363,10169,1,1
1628,9400,1292,2,0,0,207,90,0.43478260869565216,15,251.48695154780776,5.565580971370178,9.547316936065524,426,2390,0,0
4597,5815,1657,50,0,0,202,176,0.8712871287128713,172,75.84901340066185,10.532740090799006,16.87539874327002,1241,8409,0,1
217,5577,2579,0,7,12,265,105,0.39622641509433965,14,193.97886700441916,5.390062284629816,7.412509383999356,357,505,0,0
4931,9056,840,34,4,7,144,116,0.8055555555555556,100,92.38908980733456,10.004917281203833,13.225950922026737,1190,11753,1,1
4139,6916,3234,48,3,1,236,196,0.8305084745762712,144,89.45956091349886,11.852196040520777,17.62219675798289,935,7386,1,1
1905,2429,1027,7,3,12,263,108,0.41064638783269963,3,242.44510974953616,6.032635743302347,9.981276618369204,332,2064,0,0
1791,5012,1565,23,13,11,94,33,0.35106382978723405,12,251.4030403191956,4.316367103385503,7.2572641554494295,103,2728,0,0
767,5190,3486,10,6,3,141,80,0.5673758865248227,19,294.4278936810697,7.1070466831269625,10.9144935554604,342,4929,0,0
244,9068,2314,0,3,2,237,82,0.3459915611814346,1,238.8729082042801,4.627484684408128,7.796933143802017,433,513,0,0
260,5025,3123,15,15,10,56,21,0.375,3,301.3838837400516,5.631102090685918,8.657842366536697,209,4526,0,0
3456,8978,1844,23,14,14,265,64,0.24150943396226415,18,260.1310797927975,6.860112010506812,8.885086091468356,91,1357,0,0
4837,5244,3194,43,2,5,106,104,0.9811320754716981,97,86.43009865177217,7.995524245625181,15.721670768665195,964,6034,1,1
712,8226,1661,23,16,6,213,12,0.056338028169014086,9,152.64423116326904,4.605858561194823,7.154262975218316,70,151,0,0
4467,4832,1748,44,3,3,154,146,0.948051948051948,134,72.07543354309064,8.937096043820251,12.73197728167465,1173,10441,1,1
839,1043,2468,15,3,0,269,46,0.17100371747211895,1,223.6722433431649,4.177652565316705,7.774834276637086,61,918,0,0
1143,1012,2414,13,10,5,73,49,0.6712328767123288,0,252.2814664993932,5.330180027822801,8.219197983402463,197,4851,0,0
1828,6648,1870,7,5,6,281,92,0.3274021352313167,1,278.90998666000786,4.842718727778382,7.30970336981467,126,3666,0,0
2006,3773,1691,10,9,11,275,38,0.13818181818181818,12,165.86790429973507,5.906149952092929,9.718294591789226,391,823,0,0
2253,4661,2232,23,9,7,207,57,0.2753623188405797,13,182.38909912904137,6.033080740375398,9.096493741274193,373,1774,0,0
204,3307,1312,13,18,8,271,79,0.2915129151291513,11,207.03298581503446,6.642385143974126,10.607633112210355,158,2010,0,0
912,7147,2610,15,4,7,118,32,0.2711864406779661,15,238.7253288332682,5.795511691590339,9.550091166975449,257,3891,0,0
